﻿"Compliance Status","Severity","Workflow","Account","Resource","Region","Updated"
"FAILED","LOW","NEW","381492007402","AWS::::Account:381492007402","ap-south-1","2025-03-04T00:59:41.705Z"
"FAILED","LOW","NEW","637423423802","AWS::::Account:637423423802","ap-south-1","2025-03-04T00:53:50.032Z"
"FAILED","LOW","NEW","010438507550","AWS::::Account:010438507550","ap-south-1","2025-03-04T00:40:36.631Z"
"FAILED","LOW","NEW","058264497265","AWS::::Account:058264497265","ap-south-1","2025-03-04T00:40:07.067Z"
"FAILED","LOW","NEW","905418263290","AWS::::Account:905418263290","ap-south-1","2025-03-04T00:39:58.393Z"
"FAILED","LOW","NEW","851725574897","AWS::::Account:851725574897","ap-south-1","2025-03-04T00:37:19.851Z"
"FAILED","LOW","NEW","637423615990","AWS::::Account:637423615990","ap-south-1","2025-03-04T00:32:29.984Z"
"FAILED","LOW","NEW","975050234854","AWS::::Account:975050234854","ap-south-1","2025-03-04T00:28:11.441Z"
"FAILED","LOW","NEW","637423293078","AWS::::Account:637423293078","ap-south-1","2025-03-04T00:22:04.177Z"
"FAILED","LOW","NEW","654654362576","AWS::::Account:654654362576","ap-south-1","2025-03-04T00:18:54.942Z"
"FAILED","LOW","NEW","905418067875","AWS::::Account:905418067875","ap-south-1","2025-03-04T00:11:27.349Z"
"FAILED","LOW","NEW","211125359537","AWS::::Account:211125359537","ap-south-1","2025-03-04T00:04:37.713Z"
"FAILED","LOW","NEW","992382403372","AWS::::Account:992382403372","ap-south-1","2025-03-04T00:04:11.927Z"
"FAILED","LOW","NEW","010438507630","AWS::::Account:010438507630","ap-south-1","2025-03-04T00:01:20.362Z"
"FAILED","LOW","NEW","992382517861","AWS::::Account:992382517861","ap-south-1","2025-03-03T23:59:09.697Z"
"FAILED","LOW","SUPPRESSED","783764575149","AWS::::Account:783764575149","ap-south-1","2025-03-03T21:42:08.464Z"
"FAILED","LOW","SUPPRESSED","438465139527","AWS::::Account:438465139527","ap-south-1","2025-03-03T21:40:53.204Z"