﻿"Compliance Status","Severity","Workflow","Account","Resource","Region","Updated"
"FAILED","LOW","NEW","381492007402","AWS::::Account:381492007402","ap-south-1","2025-03-04T00:59:37.091Z"
"FAILED","LOW","NEW","637423423802","AWS::::Account:637423423802","ap-south-1","2025-03-04T00:53:41.157Z"
"FAILED","LOW","NEW","010438507550","AWS::::Account:010438507550","ap-south-1","2025-03-04T00:40:38.619Z"
"FAILED","LOW","NEW","058264497265","AWS::::Account:058264497265","ap-south-1","2025-03-04T00:40:10.798Z"
"FAILED","LOW","NEW","905418263290","AWS::::Account:905418263290","ap-south-1","2025-03-04T00:40:04.098Z"
"FAILED","LOW","NEW","851725574897","AWS::::Account:851725574897","ap-south-1","2025-03-04T00:37:17.985Z"
"FAILED","LOW","NEW","637423615990","AWS::::Account:637423615990","ap-south-1","2025-03-04T00:32:40.256Z"
"FAILED","LOW","NEW","975050234854","AWS::::Account:975050234854","ap-south-1","2025-03-04T00:28:08.929Z"
"FAILED","LOW","NEW","637423293078","AWS::::Account:637423293078","ap-south-1","2025-03-04T00:22:06.404Z"
"FAILED","LOW","NEW","654654362576","AWS::::Account:654654362576","ap-south-1","2025-03-04T00:18:45.668Z"
"FAILED","LOW","NEW","905418067875","AWS::::Account:905418067875","ap-south-1","2025-03-04T00:11:26.497Z"
"FAILED","LOW","NEW","211125359537","AWS::::Account:211125359537","ap-south-1","2025-03-04T00:04:47.939Z"
"FAILED","LOW","NEW","992382403372","AWS::::Account:992382403372","ap-south-1","2025-03-04T00:04:16.612Z"
"FAILED","LOW","NEW","010438507630","AWS::::Account:010438507630","ap-south-1","2025-03-04T00:01:29.037Z"
"FAILED","LOW","NEW","992382517861","AWS::::Account:992382517861","ap-south-1","2025-03-03T23:59:18.487Z"
"FAILED","LOW","NEW","783764575149","AWS::::Account:783764575149","ap-south-1","2025-03-03T21:42:05.969Z"
"FAILED","LOW","NEW","438465139527","AWS::::Account:438465139527","ap-south-1","2025-03-03T21:40:48.594Z"