﻿Compliance Status,Severity,Workflow,Account,Resource,Region,Updated
FAILED,MEDIUM,NEW,6.37424E+11,arn:aws:athena:ap-south-1:637423615990:workgroup/primary,ap-south-1,2025-03-03T10:28:58.577Z
FAILED,MEDIUM,NEW,6.37423E+11,arn:aws:athena:ap-south-1:637423293078:workgroup/primary,ap-south-1,2025-03-03T09:58:52.270Z
FAILED,MEDIUM,NEW,3.81492E+11,arn:aws:athena:ap-south-1:381492007402:workgroup/primary,ap-south-1,2025-03-03T09:56:52.376Z
FAILED,MEDIUM,NEW,2.11125E+11,arn:aws:athena:ap-south-2:211125359537:workgroup/primary,ap-south-2,2025-03-03T09:49:58.672Z
FAILED,MEDIUM,NEW,058264497265,arn:aws:athena:ap-south-2:058264497265:workgroup/primary,ap-south-2,2025-03-03T09:31:41.203Z
FAILED,MEDIUM,NEW,6.54654E+11,arn:aws:athena:ap-south-1:654654362576:workgroup/primary,ap-south-1,2025-03-03T08:10:35.879Z
FAILED,MEDIUM,NEW,9.7505E+11,arn:aws:athena:ap-south-2:975050234854:workgroup/primary,ap-south-2,2025-03-03T07:28:39.339Z
FAILED,MEDIUM,NEW,9.92382E+11,arn:aws:athena:ap-south-2:992382403372:workgroup/primary,ap-south-2,2025-03-03T07:01:13.211Z
FAILED,MEDIUM,NEW,2.11125E+11,arn:aws:athena:ap-south-1:211125359537:workgroup/primary,ap-south-1,2025-03-03T06:48:52.973Z
FAILED,MEDIUM,NEW,9.05418E+11,arn:aws:athena:ap-south-1:905418067875:workgroup/primary,ap-south-1,2025-03-03T06:15:32.930Z
FAILED,MEDIUM,NEW,6.37423E+11,arn:aws:athena:ap-south-2:637423423802:workgroup/primary,ap-south-2,2025-03-03T05:46:52.345Z
FAILED,MEDIUM,NEW,6.37424E+11,arn:aws:athena:ap-south-2:637423615990:workgroup/primary,ap-south-2,2025-03-03T04:44:03.150Z
FAILED,MEDIUM,NEW,010438507630,arn:aws:athena:ap-south-1:010438507630:workgroup/primary,ap-south-1,2025-03-03T04:42:07.385Z
FAILED,MEDIUM,NEW,8.51726E+11,arn:aws:athena:ap-south-2:851725574897:workgroup/primary,ap-south-2,2025-03-03T04:21:21.780Z
FAILED,MEDIUM,NEW,6.37423E+11,arn:aws:athena:ap-south-2:637423293078:workgroup/primary,ap-south-2,2025-03-03T04:01:50.647Z
FAILED,MEDIUM,NEW,010438507630,arn:aws:athena:ap-south-2:010438507630:workgroup/primary,ap-south-2,2025-03-03T03:36:07.982Z
FAILED,MEDIUM,NEW,6.37423E+11,arn:aws:athena:ap-south-1:637423423802:workgroup/primary,ap-south-1,2025-03-03T02:31:00.384Z
FAILED,MEDIUM,NEW,9.92383E+11,arn:aws:athena:ap-south-1:992382517861:workgroup/primary,ap-south-1,2025-03-03T02:18:09.638Z
FAILED,MEDIUM,NEW,010438507550,arn:aws:athena:ap-south-2:010438507550:workgroup/primary,ap-south-2,2025-03-03T01:40:21.248Z
FAILED,MEDIUM,NEW,058264497265,arn:aws:athena:ap-south-1:058264497265:workgroup/primary,ap-south-1,2025-03-03T01:14:12.775Z
FAILED,MEDIUM,NEW,9.7505E+11,arn:aws:athena:ap-south-1:975050234854:workgroup/primary,ap-south-1,2025-03-03T00:55:22.916Z
FAILED,MEDIUM,NEW,9.05418E+11,arn:aws:athena:ap-south-1:905418263290:workgroup/primary,ap-south-1,2025-03-03T00:45:27.279Z
FAILED,MEDIUM,NEW,9.05418E+11,arn:aws:athena:ap-south-2:905418263290:workgroup/primary,ap-south-2,2025-03-02T23:06:38.006Z
FAILED,MEDIUM,NEW,9.05418E+11,arn:aws:athena:ap-south-2:905418067875:workgroup/primary,ap-south-2,2025-03-02T22:51:50.588Z
FAILED,MEDIUM,NEW,8.51726E+11,arn:aws:athena:ap-south-1:851725574897:workgroup/primary,ap-south-1,2025-03-02T21:32:31.036Z
FAILED,MEDIUM,NEW,010438507550,arn:aws:athena:ap-south-1:010438507550:workgroup/primary,ap-south-1,2025-03-02T21:26:58.795Z
FAILED,MEDIUM,NEW,6.54654E+11,arn:aws:athena:ap-south-2:654654362576:workgroup/primary,ap-south-2,2025-03-02T20:07:02.590Z
FAILED,MEDIUM,NEW,9.92383E+11,arn:aws:athena:ap-south-2:992382517861:workgroup/primary,ap-south-2,2025-03-02T18:53:18.614Z
FAILED,MEDIUM,NEW,3.81492E+11,arn:aws:athena:ap-south-2:381492007402:workgroup/primary,ap-south-2,2025-03-02T16:54:58.604Z
FAILED,MEDIUM,NEW,9.92382E+11,arn:aws:athena:ap-south-1:992382403372:workgroup/primary,ap-south-1,2025-03-02T16:50:48.867Z
