﻿"Compliance Status","Severity","Workflow","Account","Resource","Region","Updated"
"FAILED","MEDIUM","NEW","637423293078","arn:aws:autoscaling:ap-south-1:637423293078:autoScalingGroup:d2010f22-807b-4881-b4d9-94a97693da5e:autoScalingGroupName/eks-hmcl-cvp-shared-ng-20250209073153195200000001-20ca74cf-9b8f-e7da-1c32-24fa0d79311f","ap-south-1","2025-03-03T09:58:43.839Z"
"FAILED","MEDIUM","NEW","010438507550","arn:aws:autoscaling:ap-south-1:010438507550:autoScalingGroup:e923c2f8-dbc7-43bf-a2de-0278266a76a9:autoScalingGroupName/eks-hmcl-cv-app-ng-20250109163547900900000001-84ca25f6-053b-7edd-2ad7-38862c6c4be1","ap-south-1","2025-03-03T09:27:01.201Z"
"FAILED","MEDIUM","NEW","992382403372","arn:aws:autoscaling:ap-south-1:992382403372:autoScalingGroup:7ca5f1e4-1d80-4e0c-a7bd-a6d9aca55707:autoScalingGroupName/eks-hmcl-cvp-nonprod-kong-ng-20250120125311160600000001-9eca41e3-17d9-3997-422f-4b6d4a9f601a","ap-south-1","2025-03-03T04:50:58.212Z"
"FAILED","MEDIUM","NEW","637423423802","arn:aws:autoscaling:ap-south-1:637423423802:autoScalingGroup:22a4ffd6-6b4e-48da-a357-06ee8614dd43:autoScalingGroupName/eks-hmcl-cv-app-ng-20241217122722290900000001-1ec9ea4b-2ab5-fe40-506c-3e802116013e","ap-south-1","2025-03-03T02:30:58.619Z"
"FAILED","MEDIUM","NEW","905418263290","arn:aws:autoscaling:ap-south-1:905418263290:autoScalingGroup:124a6859-e8fb-4022-91a2-fc7caa418c04:autoScalingGroupName/eks-hmcl-cv-app-ng-20241017135956744600000001-08c94d63-9548-83b7-c5e0-fdebe45ff4b8","ap-south-1","2025-03-03T00:45:15.014Z"
"FAILED","MEDIUM","NEW","010438507550","arn:aws:autoscaling:ap-south-1:010438507550:autoScalingGroup:ec8ee7d8-9df0-469e-af1a-679347ac45da:autoScalingGroupName/eks-hmcl-cv-esync-ng-20240913063848180600000001-ccc8f50d-88db-3fc7-5106-4942691f47da","ap-south-1","2025-03-02T21:27:02.279Z"
"FAILED","MEDIUM","NEW","637423423802","arn:aws:autoscaling:ap-south-1:637423423802:autoScalingGroup:62207f8b-2d4e-4b76-8eb7-fd8d18911837:autoScalingGroupName/eks-hmcl-cv-esync-ng-20250106083353001400000001-f2ca1d5f-e0d8-83cc-4ec6-dc84205f3414","ap-south-1","2025-03-02T20:31:03.257Z"
"FAILED","MEDIUM","NEW","905418263290","arn:aws:autoscaling:ap-south-1:905418263290:autoScalingGroup:8d1b7129-f6ce-4641-a181-f93d9b8bc9f3:autoScalingGroupName/eks-hmcl-cv-esync-ng-20240913063840884500000001-00c8f50d-7a95-da3a-6dfd-b0393509bc28","ap-south-1","2025-03-02T18:45:23.227Z"