﻿Compliance Status,Severity,Workflow,Account,Resource,Region,Updated
FAILED,MEDIUM,NEW,6.37424E+11,arn:aws:ec2:ap-south-1:637423615990:vpc/vpc-0b4ee46606c8353aa,ap-south-1,2025-03-03T10:29:06.114Z
FAILED,MEDIUM,SUPPRESSED,4.38465E+11,arn:aws:ec2:ap-south-1:438465139527:vpc/vpc-073f720706f546af1,ap-south-1,2025-03-03T10:13:44.999Z
FAILED,MEDIUM,SUPPRESSED,7.83765E+11,arn:aws:ec2:ap-south-1:783764575149:vpc/vpc-0e9306315983a3035,ap-south-1,2025-03-03T10:06:22.119Z
FAILED,MEDIUM,SUPPRESSED,7.83765E+11,arn:aws:ec2:ap-south-1:783764575149:vpc/vpc-0606b42fbe3e163ab,ap-south-1,2025-03-03T10:06:22.119Z
FAILED,MEDIUM,NEW,6.37423E+11,arn:aws:ec2:ap-south-1:637423293078:vpc/vpc-0a8cdd42216c5df19,ap-south-1,2025-03-03T09:59:02.010Z
FAILED,MEDIUM,NEW,6.37423E+11,arn:aws:ec2:ap-south-1:637423293078:vpc/vpc-01a4ebeb658b3035a,ap-south-1,2025-03-03T09:59:02.010Z
FAILED,MEDIUM,NEW,6.37423E+11,arn:aws:ec2:ap-south-1:637423293078:vpc/vpc-06d22267a737d6903,ap-south-1,2025-03-03T09:59:02.010Z
FAILED,MEDIUM,NEW,8.51726E+11,arn:aws:ec2:ap-south-1:851725574897:vpc/vpc-0812c1df567a90f0f,ap-south-1,2025-03-03T09:32:39.124Z
FAILED,MEDIUM,NEW,010438507550,arn:aws:ec2:ap-south-1:010438507550:vpc/vpc-0070374b086fd63ff,ap-south-1,2025-03-03T09:27:41.273Z
FAILED,MEDIUM,NEW,6.37423E+11,arn:aws:ec2:ap-south-1:637423423802:vpc/vpc-0cbf2c7634a53b017,ap-south-1,2025-03-03T08:31:35.812Z
FAILED,MEDIUM,NEW,6.37423E+11,arn:aws:ec2:ap-south-1:637423423802:vpc/vpc-03bc810d4e9187c42,ap-south-1,2025-03-03T08:31:35.812Z
FAILED,MEDIUM,NEW,9.92383E+11,arn:aws:ec2:ap-south-1:992382517861:vpc/vpc-0f2365215c213fc56,ap-south-1,2025-03-03T08:18:27.849Z
FAILED,MEDIUM,NEW,6.54654E+11,arn:aws:ec2:ap-south-1:654654362576:vpc/vpc-0e31806ab54dc8a84,ap-south-1,2025-03-03T08:10:46.736Z
FAILED,MEDIUM,NEW,058264497265,arn:aws:ec2:ap-south-1:058264497265:vpc/vpc-090c9b4e9b79f1ead,ap-south-1,2025-03-03T07:14:31.247Z
FAILED,MEDIUM,NEW,9.05418E+11,arn:aws:ec2:ap-south-1:905418263290:vpc/vpc-09ce8c2aee409e4ad,ap-south-1,2025-03-03T06:46:07.666Z
FAILED,MEDIUM,NEW,9.05418E+11,arn:aws:ec2:ap-south-1:905418263290:vpc/vpc-0c13540c34cb2169a,ap-south-1,2025-03-03T06:46:07.666Z
FAILED,MEDIUM,NEW,9.92383E+11,arn:aws:ec2:ap-south-1:992382517861:vpc/vpc-0d21a9f4f9f31ea46,ap-south-1,2025-03-03T02:18:17.386Z
FAILED,MEDIUM,NEW,010438507630,arn:aws:ec2:ap-south-1:010438507630:vpc/vpc-0f664b390cb0048c5,ap-south-1,2025-03-02T12:44:28.949Z
FAILED,MEDIUM,NEW,9.92382E+11,arn:aws:ec2:ap-south-1:992382403372:vpc/vpc-00a01b8d084f5e75b,ap-south-1,2025-03-02T12:31:07.588Z
FAILED,MEDIUM,NEW,9.92382E+11,arn:aws:ec2:ap-south-1:992382403372:vpc/vpc-002b02a08dd353c90,ap-south-1,2025-03-02T12:31:07.588Z
FAILED,MEDIUM,NEW,9.92382E+11,arn:aws:ec2:ap-south-1:992382403372:vpc/vpc-00a01b8d084f5e75b,ap-south-1,2025-03-02T12:31:07.588Z
FAILED,MEDIUM,NEW,9.92382E+11,arn:aws:ec2:ap-south-1:992382403372:vpc/vpc-0e4dd610e75c3b3f2,ap-south-1,2025-03-02T12:31:07.588Z
