﻿"Compliance Status","Severity","Workflow","Account","Resource","Region","Updated"
"FAILED","HIGH","NEW","637423293078","arn:aws:ec2:ap-south-1:637423293078:security-group/sg-046d5e7a10d0b36ec","ap-south-1","2025-03-03T09:58:57.853Z"
"FAILED","HIGH","NEW","010438507550","arn:aws:ec2:ap-south-1:010438507550:security-group/sg-020fc341ffe2859cf","ap-south-1","2025-03-03T09:27:50.815Z"
"FAILED","HIGH","NEW","637423423802","arn:aws:ec2:ap-south-1:637423423802:security-group/sg-069658220aa6d5e9d","ap-south-1","2025-03-03T08:31:35.815Z"
"FAILED","HIGH","NEW","637423423802","arn:aws:ec2:ap-south-1:637423423802:security-group/sg-07aa77aaa344e6951","ap-south-1","2025-03-03T08:31:35.814Z"
"FAILED","HIGH","NEW","905418263290","arn:aws:ec2:ap-south-1:905418263290:security-group/sg-0d29809d3f6b2335d","ap-south-1","2025-03-03T06:46:09.418Z"
"FAILED","HIGH","NEW","992382403372","arn:aws:ec2:ap-south-1:992382403372:security-group/sg-0b97ad32ff2d04345","ap-south-1","2025-03-03T04:51:10.250Z"