﻿Compliance Status,Severity,Workflow,Account,Resource,Region,Updated
FAILED,MEDIUM,SUPPRESSED,7.83765E+11,arn:aws:ec2:ap-south-1:783764575149:volume/vol-00fa6225d934bfea0,ap-south-1,2025-03-03T09:52:36.041Z
FAILED,MEDIUM,NEW,010438507550,arn:aws:ec2:ap-south-1:010438507550:volume/vol-06274711fdc1be46e,ap-south-1,2025-03-03T09:27:15.600Z
FAILED,MEDIUM,NEW,010438507550,arn:aws:ec2:ap-south-1:010438507550:volume/vol-0c585ee856e5fe116,ap-south-1,2025-03-03T09:27:15.600Z
FAILED,MEDIUM,NEW,010438507550,arn:aws:ec2:ap-south-1:010438507550:volume/vol-09d66dd10db9e86d3,ap-south-1,2025-03-03T09:27:15.600Z
FAILED,MEDIUM,NEW,010438507550,arn:aws:ec2:ap-south-1:010438507550:volume/vol-07452671a469a5194,ap-south-1,2025-03-03T09:27:15.600Z
FAILED,MEDIUM,NEW,010438507550,arn:aws:ec2:ap-south-1:010438507550:volume/vol-07b3a7761ddee6c5c,ap-south-1,2025-03-03T09:27:15.600Z
FAILED,MEDIUM,NEW,6.37423E+11,arn:aws:ec2:ap-south-1:637423423802:volume/vol-0b2ea088d80b1ee93,ap-south-1,2025-03-03T08:31:15.948Z
FAILED,MEDIUM,NEW,9.05418E+11,arn:aws:ec2:ap-south-1:905418263290:volume/vol-07577b4131935c456,ap-south-1,2025-03-03T06:45:27.204Z
FAILED,MEDIUM,NEW,9.05418E+11,arn:aws:ec2:ap-south-1:905418263290:volume/vol-03aa5eaf4a9e8069b,ap-south-1,2025-03-03T06:45:27.203Z
FAILED,MEDIUM,NEW,9.05418E+11,arn:aws:ec2:ap-south-1:905418263290:volume/vol-001fd773a54d58d22,ap-south-1,2025-03-03T06:45:27.203Z
FAILED,MEDIUM,SUPPRESSED,4.38465E+11,arn:aws:ec2:ap-south-1:438465139527:volume/vol-02d2415ea178a8c7d,ap-south-1,2025-03-03T06:12:32.087Z
FAILED,MEDIUM,NEW,010438507550,arn:aws:ec2:ap-south-1:010438507550:volume/vol-0d975158ad51ded98,ap-south-1,2025-03-03T03:27:10.660Z
FAILED,MEDIUM,NEW,010438507550,arn:aws:ec2:ap-south-1:010438507550:volume/vol-0bbe831cd6e7750d7,ap-south-1,2025-03-03T03:27:10.659Z
FAILED,MEDIUM,NEW,9.05418E+11,arn:aws:ec2:ap-south-1:905418263290:volume/vol-0f9f2f1f5822c39ab,ap-south-1,2025-03-03T00:45:32.178Z
FAILED,MEDIUM,NEW,9.05418E+11,arn:aws:ec2:ap-south-1:905418263290:volume/vol-01783acb085426858,ap-south-1,2025-03-03T00:45:32.177Z
FAILED,MEDIUM,NEW,9.05418E+11,arn:aws:ec2:ap-south-1:905418263290:volume/vol-0a7dcaab221ab0b5f,ap-south-1,2025-03-03T00:45:32.177Z
FAILED,MEDIUM,SUPPRESSED,7.83765E+11,arn:aws:ec2:ap-south-1:783764575149:volume/vol-03aa94be576b9a3f3,ap-south-1,2025-03-02T21:52:41.383Z
FAILED,MEDIUM,NEW,010438507550,arn:aws:ec2:ap-south-1:010438507550:volume/vol-065df3be8719892f1,ap-south-1,2025-03-02T21:27:18.847Z
FAILED,MEDIUM,NEW,010438507550,arn:aws:ec2:ap-south-1:010438507550:volume/vol-0ad3d26b6df4b1d80,ap-south-1,2025-03-02T21:27:18.846Z
FAILED,MEDIUM,NEW,010438507550,arn:aws:ec2:ap-south-1:010438507550:volume/vol-0e8d5bc9328846be8,ap-south-1,2025-03-02T21:27:18.846Z
FAILED,MEDIUM,NEW,010438507550,arn:aws:ec2:ap-south-1:010438507550:volume/vol-0cb8141e32650f928,ap-south-1,2025-03-02T21:27:18.846Z
FAILED,MEDIUM,NEW,9.05418E+11,arn:aws:ec2:ap-south-1:905418263290:volume/vol-014b5602f52e699f4,ap-south-1,2025-03-02T21:27:18.846Z
