﻿"Compliance Status","Severity","Workflow","Account","Resource","Region","Updated"
"FAILED","MEDIUM","NEW","905418263290","arn:aws:ec2:ap-south-1:905418263290:instance/i-0e39364a938008212","ap-south-1","2025-03-03T00:43:06.572Z"
"FAILED","MEDIUM","NEW","905418263290","arn:aws:ec2:ap-south-1:905418263290:instance/i-0058fb1ec1df51d19","ap-south-1","2025-03-03T00:43:06.572Z"
"FAILED","MEDIUM","NEW","010438507550","arn:aws:ec2:ap-south-1:010438507550:instance/i-08c51fa660a5cc831","ap-south-1","2025-03-03T00:39:38.471Z"
"FAILED","MEDIUM","NEW","010438507550","arn:aws:ec2:ap-south-1:010438507550:instance/i-00dbada8a38f079cf","ap-south-1","2025-03-03T00:39:38.470Z"
"FAILED","MEDIUM","NEW","010438507550","arn:aws:ec2:ap-south-1:010438507550:instance/i-00304c678aa7efdbc","ap-south-1","2025-03-03T00:39:38.470Z"
"FAILED","MEDIUM","NEW","010438507550","arn:aws:ec2:ap-south-1:010438507550:instance/i-009634e6d7873d235","ap-south-1","2025-03-03T00:39:38.470Z"
"FAILED","MEDIUM","NEW","010438507550","arn:aws:ec2:ap-south-1:010438507550:instance/i-0c66bf39d392c589a","ap-south-1","2025-03-03T00:39:38.469Z"
"FAILED","MEDIUM","NEW","637423293078","arn:aws:ec2:ap-south-1:637423293078:instance/i-0751d7f7a49296089","ap-south-1","2025-03-03T00:09:55.693Z"