﻿Compliance Status,Severity,Workflow,Account,Resource,Region,Updated
FAILED,MEDIUM,NEW,9.92382E+11,arn:aws:ec2:ap-south-1:992382403372:vpcblockpublicaccessoptions/992382403372,ap-south-1,2025-03-03T10:50:51.724Z
FAILED,MEDIUM,NEW,6.37424E+11,arn:aws:ec2:ap-south-2:637423615990:vpcblockpublicaccessoptions/637423615990,ap-south-2,2025-03-03T10:43:53.941Z
FAILED,MEDIUM,NEW,6.37424E+11,arn:aws:ec2:ap-south-1:637423615990:vpcblockpublicaccessoptions/637423615990,ap-south-1,2025-03-03T10:28:55.041Z
FAILED,MEDIUM,NEW,6.37423E+11,arn:aws:ec2:ap-south-2:637423293078:vpcblockpublicaccessoptions/637423293078,ap-south-2,2025-03-03T10:01:56.823Z
FAILED,MEDIUM,NEW,3.81492E+11,arn:aws:ec2:ap-south-1:381492007402:vpcblockpublicaccessoptions/381492007402,ap-south-1,2025-03-03T09:56:51.400Z
FAILED,MEDIUM,SUPPRESSED,7.83765E+11,arn:aws:ec2:ap-south-1:783764575149:vpcblockpublicaccessoptions/783764575149,ap-south-1,2025-03-03T09:52:41.043Z
FAILED,MEDIUM,NEW,7.83765E+11,arn:aws:ec2:ap-south-2:783764575149:vpcblockpublicaccessoptions/783764575149,ap-south-2,2025-03-03T09:09:40.860Z
FAILED,MEDIUM,NEW,9.7505E+11,arn:aws:ec2:ap-south-2:975050234854:vpcblockpublicaccessoptions/975050234854,ap-south-2,2025-03-03T07:28:35.566Z
FAILED,MEDIUM,NEW,9.92382E+11,arn:aws:ec2:ap-south-2:992382403372:vpcblockpublicaccessoptions/992382403372,ap-south-2,2025-03-03T07:01:11.069Z
FAILED,MEDIUM,NEW,2.11125E+11,arn:aws:ec2:ap-south-1:211125359537:vpcblockpublicaccessoptions/211125359537,ap-south-1,2025-03-03T06:48:54.214Z
FAILED,MEDIUM,NEW,9.05418E+11,arn:aws:ec2:ap-south-1:905418067875:vpcblockpublicaccessoptions/905418067875,ap-south-1,2025-03-03T06:15:30.884Z
FAILED,MEDIUM,NEW,6.37423E+11,arn:aws:ec2:ap-south-2:637423423802:vpcblockpublicaccessoptions/637423423802,ap-south-2,2025-03-03T05:47:09.845Z
FAILED,MEDIUM,NEW,9.05418E+11,arn:aws:ec2:ap-south-2:905418263290:vpcblockpublicaccessoptions/905418263290,ap-south-2,2025-03-03T05:06:43.187Z
FAILED,MEDIUM,NEW,3.81492E+11,arn:aws:ec2:ap-south-2:381492007402:vpcblockpublicaccessoptions/381492007402,ap-south-2,2025-03-03T04:54:46.479Z
FAILED,MEDIUM,NEW,010438507630,arn:aws:ec2:ap-south-1:010438507630:vpcblockpublicaccessoptions/010438507630,ap-south-1,2025-03-03T04:42:02.789Z
FAILED,MEDIUM,NEW,8.51726E+11,arn:aws:ec2:ap-south-2:851725574897:vpcblockpublicaccessoptions/851725574897,ap-south-2,2025-03-03T04:21:27.227Z
FAILED,MEDIUM,NEW,6.37423E+11,arn:aws:ec2:ap-south-1:637423293078:vpcblockpublicaccessoptions/637423293078,ap-south-1,2025-03-03T03:58:56.940Z
FAILED,MEDIUM,NEW,2.11125E+11,arn:aws:ec2:ap-south-2:211125359537:vpcblockpublicaccessoptions/211125359537,ap-south-2,2025-03-03T03:49:52.555Z
FAILED,MEDIUM,NEW,010438507630,arn:aws:ec2:ap-south-2:010438507630:vpcblockpublicaccessoptions/010438507630,ap-south-2,2025-03-03T03:36:16.566Z
FAILED,MEDIUM,NEW,058264497265,arn:aws:ec2:ap-south-2:058264497265:vpcblockpublicaccessoptions/058264497265,ap-south-2,2025-03-03T03:31:39.879Z
FAILED,MEDIUM,NEW,010438507550,arn:aws:ec2:ap-south-1:010438507550:vpcblockpublicaccessoptions/010438507550,ap-south-1,2025-03-03T03:27:17.998Z
FAILED,MEDIUM,NEW,9.92383E+11,arn:aws:ec2:ap-south-1:992382517861:vpcblockpublicaccessoptions/992382517861,ap-south-1,2025-03-03T02:18:13.454Z
FAILED,MEDIUM,NEW,010438507550,arn:aws:ec2:ap-south-2:010438507550:vpcblockpublicaccessoptions/010438507550,ap-south-2,2025-03-03T01:40:18.388Z
FAILED,MEDIUM,NEW,058264497265,arn:aws:ec2:ap-south-1:058264497265:vpcblockpublicaccessoptions/058264497265,ap-south-1,2025-03-03T01:14:16.793Z
FAILED,MEDIUM,NEW,9.7505E+11,arn:aws:ec2:ap-south-1:975050234854:vpcblockpublicaccessoptions/975050234854,ap-south-1,2025-03-03T00:55:25.834Z
FAILED,MEDIUM,NEW,9.92383E+11,arn:aws:ec2:ap-south-2:992382517861:vpcblockpublicaccessoptions/992382517861,ap-south-2,2025-03-03T00:53:12.152Z
FAILED,MEDIUM,NEW,9.05418E+11,arn:aws:ec2:ap-south-1:905418263290:vpcblockpublicaccessoptions/905418263290,ap-south-1,2025-03-03T00:45:25.924Z
FAILED,MEDIUM,SUPPRESSED,4.38465E+11,arn:aws:ec2:ap-south-1:438465139527:vpcblockpublicaccessoptions/438465139527,ap-south-1,2025-03-03T00:12:27.320Z
FAILED,MEDIUM,NEW,9.05418E+11,arn:aws:ec2:ap-south-2:905418067875:vpcblockpublicaccessoptions/905418067875,ap-south-2,2025-03-02T22:52:01.729Z
FAILED,MEDIUM,NEW,8.51726E+11,arn:aws:ec2:ap-south-1:851725574897:vpcblockpublicaccessoptions/851725574897,ap-south-1,2025-03-02T21:32:29.887Z
FAILED,MEDIUM,NEW,6.37423E+11,arn:aws:ec2:ap-south-1:637423423802:vpcblockpublicaccessoptions/637423423802,ap-south-1,2025-03-02T20:31:09.535Z
FAILED,MEDIUM,NEW,6.54654E+11,arn:aws:ec2:ap-south-1:654654362576:vpcblockpublicaccessoptions/654654362576,ap-south-1,2025-03-02T20:10:39.545Z
FAILED,MEDIUM,NEW,6.54654E+11,arn:aws:ec2:ap-south-2:654654362576:vpcblockpublicaccessoptions/654654362576,ap-south-2,2025-03-02T20:06:58.677Z
FAILED,MEDIUM,NEW,4.38465E+11,arn:aws:ec2:ap-south-2:438465139527:vpcblockpublicaccessoptions/438465139527,ap-south-2,2025-03-02T19:43:36.340Z
