﻿"Compliance Status","Severity","Workflow","Account","Resource","Region","Updated"
"FAILED","HIGH","NEW","637423293078","arn:aws:eks:ap-south-1:637423293078:cluster/hmcl-cv-shared-cluster","ap-south-1","2025-03-03T09:58:43.839Z"
"FAILED","HIGH","NEW","010438507550","arn:aws:eks:ap-south-1:010438507550:cluster/hmcl-cv-qa-esync-cluster","ap-south-1","2025-03-03T09:27:08.899Z"
"FAILED","HIGH","NEW","010438507550","arn:aws:eks:ap-south-1:010438507550:cluster/hmcl-cv-qa-app-cluster","ap-south-1","2025-03-03T09:27:08.899Z"
"FAILED","HIGH","NEW","637423423802","arn:aws:eks:ap-south-1:637423423802:cluster/hmcl-cv-uat-app-cluster","ap-south-1","2025-03-03T08:31:05.683Z"
"FAILED","HIGH","NEW","637423423802","arn:aws:eks:ap-south-1:637423423802:cluster/hmcl-cv-uat-esync-cluster","ap-south-1","2025-03-03T08:31:05.682Z"
"FAILED","HIGH","NEW","905418263290","arn:aws:eks:ap-south-1:905418263290:cluster/hmcl-cv-dev-app-cluster","ap-south-1","2025-03-03T06:45:35.521Z"
"FAILED","HIGH","NEW","905418263290","arn:aws:eks:ap-south-1:905418263290:cluster/hmcl-cv-dev-esync-cluster","ap-south-1","2025-03-03T06:45:35.521Z"
"FAILED","HIGH","NEW","992382403372","arn:aws:eks:ap-south-1:992382403372:cluster/hmcl-cv-network-kong-nonprod","ap-south-1","2025-03-02T12:30:12.027Z"