﻿"Compliance Status","Severity","Workflow","Account","Resource","Region","Updated"
"FAILED","MEDIUM","NEW","637423423802","arn:aws:eks:ap-south-1:637423423802:cluster/hmcl-cv-uat-app-cluster","ap-south-1","2025-03-03T08:31:07.802Z"
"FAILED","MEDIUM","NEW","637423293078","arn:aws:eks:ap-south-1:637423293078:cluster/hmcl-cv-shared-cluster","ap-south-1","2025-03-03T03:58:48.941Z"
"FAILED","MEDIUM","NEW","010438507550","arn:aws:eks:ap-south-1:010438507550:cluster/hmcl-cv-qa-esync-cluster","ap-south-1","2025-03-03T03:27:10.959Z"
"FAILED","MEDIUM","NEW","637423423802","arn:aws:eks:ap-south-1:637423423802:cluster/hmcl-cv-uat-esync-cluster","ap-south-1","2025-03-03T02:31:02.865Z"
"FAILED","MEDIUM","NEW","905418263290","arn:aws:eks:ap-south-1:905418263290:cluster/hmcl-cv-dev-esync-cluster","ap-south-1","2025-03-03T00:45:30.047Z"
"FAILED","MEDIUM","NEW","010438507550","arn:aws:eks:ap-south-1:010438507550:cluster/hmcl-cv-qa-app-cluster","ap-south-1","2025-03-02T21:27:13.460Z"
"FAILED","MEDIUM","NEW","905418263290","arn:aws:eks:ap-south-1:905418263290:cluster/hmcl-cv-dev-app-cluster","ap-south-1","2025-03-02T18:45:31.302Z"