﻿"Compliance Status","Severity","Workflow","Account","Resource","Region","Updated"
"FAILED","MEDIUM","NEW","992382403372","arn:aws:elasticloadbalancing:ap-south-1:992382403372:listener/net/hmcl-cv-network-esync-flexilb/5a38852433deecd9/6f9baa8b8ae08230","ap-south-1","2025-03-03T04:50:52.087Z"
"FAILED","MEDIUM","NEW","992382403372","arn:aws:elasticloadbalancing:ap-south-1:992382403372:listener/app/hmcl-cv-uat-echo-loadtest-alb/a9b88df863edd159/674c493e29afa8a1","ap-south-1","2025-03-03T04:50:52.087Z"
"FAILED","MEDIUM","NEW","992382403372","arn:aws:elasticloadbalancing:ap-south-1:992382403372:listener/net/hmcl-cv-network-esyncqalb/72cc0bc9633e69ac/fe81ebc30c77a252","ap-south-1","2025-03-03T04:50:52.087Z"
"FAILED","MEDIUM","NEW","992382403372","arn:aws:elasticloadbalancing:ap-south-1:992382403372:listener/app/hmcl-cv-network-qa-grafana/9ca8f7b81fac4efe/b515b6542ee943b7","ap-south-1","2025-03-03T04:50:52.087Z"
"FAILED","MEDIUM","NEW","992382403372","arn:aws:elasticloadbalancing:ap-south-1:992382403372:listener/app/k8s-kongdevn-kongdevn-8de5b22969/d66166e0e017ee7b/6769d0f1d95a19c8","ap-south-1","2025-03-03T04:50:52.087Z"
"FAILED","MEDIUM","NEW","992382403372","arn:aws:elasticloadbalancing:ap-south-1:992382403372:listener/net/hmcl-cv-uat-esynculb/e8111ccd4af5758a/ef1655aec60ccae0","ap-south-1","2025-03-02T16:50:52.508Z"
"FAILED","MEDIUM","NEW","992382403372","arn:aws:elasticloadbalancing:ap-south-1:992382403372:listener/app/k8s-kongqa-kongqako-9e5bcd7de0/ee1ed62220685c15/8c7a0f8642ff8a80","ap-south-1","2025-03-02T16:50:52.508Z"
"FAILED","MEDIUM","NEW","992382403372","arn:aws:elasticloadbalancing:ap-south-1:992382403372:listener/app/k8s-kongqane-kongqane-6ec969c49e/a5112f7fdfaba049/4f2c7c4572ba1b08","ap-south-1","2025-03-02T16:50:52.508Z"
"FAILED","MEDIUM","NEW","992382403372","arn:aws:elasticloadbalancing:ap-south-1:992382403372:listener/app/hmcl-cv-network-kafkauilb/9582b5a60374935a/421ec311bbbf15c4","ap-south-1","2025-03-02T16:50:52.508Z"
"FAILED","MEDIUM","NEW","992382403372","arn:aws:elasticloadbalancing:ap-south-1:992382403372:listener/net/hmcl-cv-network-esynclb/e748d8a843db94f4/6582595d216e4bc4","ap-south-1","2025-03-02T16:50:52.507Z"
"FAILED","MEDIUM","NEW","992382403372","arn:aws:elasticloadbalancing:ap-south-1:992382403372:listener/app/hmcl-cv-network-kafkauiqalb/ea41742c2c2e7ecd/e3278453b9bedcb2","ap-south-1","2025-03-02T16:50:52.507Z"
"FAILED","MEDIUM","NEW","992382403372","arn:aws:elasticloadbalancing:ap-south-1:992382403372:listener/app/k8s-konguat-konguatk-112509010b/55c6820bf713b8d1/dae28c1649ae5ef6","ap-south-1","2025-03-02T16:50:52.507Z"
"FAILED","MEDIUM","NEW","992382403372","arn:aws:elasticloadbalancing:ap-south-1:992382403372:listener/app/hmcl-cv-uat-kafkaui-alb/60da9a0c6f31d382/72d28758435ecfb5","ap-south-1","2025-03-02T16:50:52.507Z"
"FAILED","MEDIUM","NEW","992382403372","arn:aws:elasticloadbalancing:ap-south-1:992382403372:listener/app/hmcl-cv-network-dev-grafana/95635a1b149b75cb/17626cb83082aee1","ap-south-1","2025-03-02T16:50:52.507Z"
"FAILED","MEDIUM","NEW","992382403372","arn:aws:elasticloadbalancing:ap-south-1:992382403372:listener/app/hmcl-cv-network-kong-grafana/caeecf4d06e3523d/22ed3392e1a018dc","ap-south-1","2025-03-02T16:50:52.506Z"
"FAILED","MEDIUM","NEW","992382403372","arn:aws:elasticloadbalancing:ap-south-1:992382403372:listener/app/hmcl-cv-uat-echo-loadt-api-alb/5d69cadb1b92c676/17423363a0a777e7","ap-south-1","2025-03-02T16:50:52.506Z"
"FAILED","MEDIUM","NEW","992382403372","arn:aws:elasticloadbalancing:ap-south-1:992382403372:listener/app/hmcl-cv-network-kafdrop-ui-alb/ff63cf09a2c4c400/81f4a09bc13d944d","ap-south-1","2025-03-02T16:50:52.506Z"
"FAILED","MEDIUM","NEW","992382403372","arn:aws:elasticloadbalancing:ap-south-1:992382403372:listener/app/k8s-kong-kongkong-5561744e56/1a4aada954a2dc1c/648c6f332aeef679","ap-south-1","2025-03-02T16:50:52.506Z"
"FAILED","MEDIUM","NEW","992382403372","arn:aws:elasticloadbalancing:ap-south-1:992382403372:listener/app/hmcl-cv-network-uat-grafana/ebca3a26fb00fd13/f90406a8678022bd","ap-south-1","2025-03-02T16:50:52.506Z"
"FAILED","MEDIUM","NEW","992382403372","arn:aws:elasticloadbalancing:ap-south-1:992382403372:listener/app/hmcl-cv-network-argolb/a5ca8ce1016c97cb/6f53d309fb1a25fb","ap-south-1","2025-03-02T16:50:52.505Z"