﻿Compliance Status,Severity,Workflow,Account,Resource,Region,Updated
FAILED,MEDIUM,SUPPRESSED,7.83765E+11,arn:aws:iam::783764575149:policy/hmcl-cv-preprod-aps1-auth-management-policy,ap-south-1,2025-03-03T11:14:22.246Z
FAILED,MEDIUM,SUPPRESSED,7.83765E+11,arn:aws:iam::783764575149:policy/hmcl-cv-preprod-aps1-ui-backoffice-policy,ap-south-1,2025-03-03T11:14:06.379Z
FAILED,MEDIUM,SUPPRESSED,7.83765E+11,arn:aws:iam::783764575149:policy/hmcl-cv-preprod-aps1-vehicle-management-policy,ap-south-1,2025-03-03T11:14:06.379Z
FAILED,MEDIUM,SUPPRESSED,7.83765E+11,arn:aws:iam::783764575149:policy/hmcl-cv-preprod-aps1-user-management-policy,ap-south-1,2025-03-03T11:14:06.379Z
FAILED,MEDIUM,SUPPRESSED,7.83765E+11,arn:aws:iam::783764575149:policy/hmcl-cv-preprod-aps1-location-policy,ap-south-1,2025-03-03T11:14:06.378Z
FAILED,MEDIUM,SUPPRESSED,7.83765E+11,arn:aws:iam::783764575149:policy/hmcl-cv-preprod-aps1-fleet-management-policy,ap-south-1,2025-03-03T11:14:06.378Z
FAILED,MEDIUM,SUPPRESSED,7.83765E+11,arn:aws:iam::783764575149:policy/hmcl-cv-preprod-aps1-file-management-policy,ap-south-1,2025-03-03T11:14:06.378Z
FAILED,MEDIUM,SUPPRESSED,7.83765E+11,arn:aws:iam::783764575149:policy/hmcl-cv-preprod-aps1-vehicle-provisioning-policy,ap-south-1,2025-03-03T11:14:06.378Z
FAILED,MEDIUM,SUPPRESSED,7.83765E+11,arn:aws:iam::783764575149:policy/hmcl-cv-preprod-aps1-vehicle-reports-policy,ap-south-1,2025-03-03T11:14:06.378Z
FAILED,MEDIUM,SUPPRESSED,7.83765E+11,arn:aws:iam::783764575149:policy/hmcl-cv-preprod-aps1-vehicle-model-policy,ap-south-1,2025-03-03T11:14:06.377Z
FAILED,MEDIUM,SUPPRESSED,7.83765E+11,arn:aws:iam::783764575149:policy/hmcl-cv-preprod-aps1-hmcl-esync-uat-policy,ap-south-1,2025-03-03T11:14:06.377Z
FAILED,MEDIUM,SUPPRESSED,7.83765E+11,arn:aws:iam::783764575149:policy/hmcl-cv-preprod-aps1-vehicle-ota-rd-policy,ap-south-1,2025-03-03T11:14:06.377Z
FAILED,MEDIUM,SUPPRESSED,7.83765E+11,arn:aws:iam::783764575149:policy/hmcl-cv-preprod-aps1-analytics-policy,ap-south-1,2025-03-03T11:14:06.377Z
FAILED,MEDIUM,SUPPRESSED,7.83765E+11,arn:aws:iam::783764575149:policy/hmcl-cv-preprod-aps1-live-tracking-policy,ap-south-1,2025-03-03T11:14:06.377Z
FAILED,MEDIUM,SUPPRESSED,7.83765E+11,arn:aws:iam::783764575149:policy/hmcl-cv-preprod-aps1-backoffice-ui-policy,ap-south-1,2025-03-03T11:14:06.376Z
FAILED,MEDIUM,SUPPRESSED,7.83765E+11,arn:aws:iam::783764575149:policy/hmcl-cv-preprod-aps1-notification-policy,ap-south-1,2025-03-03T11:14:06.376Z
FAILED,MEDIUM,SUPPRESSED,7.83765E+11,arn:aws:iam::783764575149:policy/hmcl-cv-preprod-aps1-command-and-control-policy,ap-south-1,2025-03-03T11:14:06.376Z
FAILED,MEDIUM,SUPPRESSED,7.83765E+11,arn:aws:iam::783764575149:policy/hmcl-cv-preprod-aps1-feature-management-policy,ap-south-1,2025-03-03T11:14:06.376Z
FAILED,MEDIUM,SUPPRESSED,7.83765E+11,arn:aws:iam::783764575149:policy/hmcl-cv-preprod-aps1-fleet-policy,ap-south-1,2025-03-03T11:14:06.376Z
FAILED,MEDIUM,NEW,9.92382E+11,arn:aws:iam::992382403372:policy/hmcl-cv-network-aps1-kong-policy,ap-south-1,2025-03-03T10:51:03.939Z
FAILED,MEDIUM,NEW,010438507550,arn:aws:iam::010438507550:policy/hmcl-cv-qa-aps1-notification-policy,ap-south-1,2025-03-03T09:27:21.401Z
FAILED,MEDIUM,NEW,010438507550,arn:aws:iam::010438507550:policy/hmcl-cv-qa-aps1-get-certificate-status-role-inline,ap-south-1,2025-03-03T09:27:21.400Z
FAILED,MEDIUM,NEW,010438507550,arn:aws:iam::010438507550:policy/hmcl-cv-qa-aps1-lambda-intermediate-ca-cert-rotn-role-inline,ap-south-1,2025-03-03T09:27:21.400Z
FAILED,MEDIUM,NEW,010438507550,arn:aws:iam::010438507550:policy/hmcl-cv-qa-aps1-thor-os-create-index-role-inline,ap-south-1,2025-03-03T09:27:21.400Z
FAILED,MEDIUM,NEW,010438507550,arn:aws:iam::010438507550:policy/hmcl-cv-qa-aps1-live-tracking-policy,ap-south-1,2025-03-03T09:27:21.400Z
FAILED,MEDIUM,NEW,010438507550,arn:aws:iam::010438507550:policy/hmcl-cv-qa-aps1-vehicle-masked-data-redis-role-inline,ap-south-1,2025-03-03T09:27:21.399Z
FAILED,MEDIUM,NEW,010438507550,arn:aws:iam::010438507550:policy/hmcl-cv-qa-aps1-lambda-tcu-change-role-inline,ap-south-1,2025-03-03T09:27:21.399Z
FAILED,MEDIUM,NEW,010438507550,arn:aws:iam::010438507550:policy/hmcl-cv-qa-aps1-rule-vehicle-connectionfail-policy,ap-south-1,2025-03-03T09:27:21.399Z
FAILED,MEDIUM,NEW,010438507550,arn:aws:iam::010438507550:policy/hmcl-cv-qa-aps1-iot_audit_policy,ap-south-1,2025-03-03T09:27:21.399Z
FAILED,MEDIUM,NEW,010438507550,arn:aws:iam::010438507550:policy/hmcl-cv-qa-aps1-tcu-rule-policy,ap-south-1,2025-03-03T09:27:21.399Z
FAILED,MEDIUM,NEW,010438507550,arn:aws:iam::010438507550:policy/hmcl-cv-qa-aps1-vehicle-provisioning-policy,ap-south-1,2025-03-03T09:27:21.399Z
FAILED,MEDIUM,NEW,010438507550,arn:aws:iam::010438507550:policy/hmcl-cv-qa-aps1-handle-error-message-role-inline,ap-south-1,2025-03-03T09:27:21.398Z
FAILED,MEDIUM,NEW,010438507550,arn:aws:iam::010438507550:policy/hmcl-cv-qa-aps1-rc-notification-routing-policy,ap-south-1,2025-03-03T09:27:21.398Z
FAILED,MEDIUM,NEW,010438507550,arn:aws:iam::010438507550:policy/hmcl-cv-qa-aps1-rule-vehicle-disconnected-policy,ap-south-1,2025-03-03T09:27:21.398Z
FAILED,MEDIUM,NEW,010438507550,arn:aws:iam::010438507550:policy/hmcl-cv-qa-aps1-dynamodb-to-msk-role-inline,ap-south-1,2025-03-03T09:27:21.398Z
FAILED,MEDIUM,NEW,010438507550,arn:aws:iam::010438507550:policy/hmcl-cv-qa-aps1-geo-fence-fetch-policy,ap-south-1,2025-03-03T09:27:21.398Z
FAILED,MEDIUM,NEW,010438507550,arn:aws:iam::010438507550:policy/hmcl-cv-qa-aps1-code-updater-lambda-role-inline,ap-south-1,2025-03-03T09:27:21.397Z
FAILED,MEDIUM,NEW,010438507550,arn:aws:iam::010438507550:policy/hmcl-cv-qa-aps1-rule-productanalytics-per-policy,ap-south-1,2025-03-03T09:27:21.397Z
FAILED,MEDIUM,NEW,010438507550,arn:aws:iam::010438507550:policy/hmcl-cv-qa-aps1-get-certificate-arn-role-inline,ap-south-1,2025-03-03T09:27:21.397Z
FAILED,MEDIUM,NEW,010438507550,arn:aws:iam::010438507550:policy/hmcl-cv-qa-aps1-create-zip-file-and-s3-upload-role-inline,ap-south-1,2025-03-03T09:27:21.397Z
FAILED,MEDIUM,NEW,6.37423E+11,arn:aws:iam::637423423802:policy/hmcl-cv-uat-aps1-vehicle-provisioning-policy,ap-south-1,2025-03-03T08:31:14.472Z
FAILED,MEDIUM,NEW,6.37423E+11,arn:aws:iam::637423423802:policy/hmcl-cv-uat-aps1-vehicle-management-policy,ap-south-1,2025-03-03T08:31:14.471Z
FAILED,MEDIUM,NEW,6.37423E+11,arn:aws:iam::637423423802:policy/hmcl-cv-uat-aps1-cognito-google-pre-auth-token-role-inline,ap-south-1,2025-03-03T08:31:14.471Z
FAILED,MEDIUM,NEW,6.37423E+11,arn:aws:iam::637423423802:policy/hmcl-cv-uat-aps1-vehicle-ota-rd-policy,ap-south-1,2025-03-03T08:31:14.471Z
FAILED,MEDIUM,NEW,6.37423E+11,arn:aws:iam::637423423802:policy/hmcl-cv-uat-aps1-msk-thor-demo-create-delete-topic-role-inline,ap-south-1,2025-03-03T08:31:14.471Z
FAILED,MEDIUM,NEW,6.37423E+11,arn:aws:iam::637423423802:policy/hmcl-cv-uat-aps1-rule-productanalytics-con-policy,ap-south-1,2025-03-03T08:31:14.471Z
FAILED,MEDIUM,NEW,6.37423E+11,arn:aws:iam::637423423802:policy/hmcl-cv-uat-aps1-excelfore-certificate-sign-from-api-role-inline,ap-south-1,2025-03-03T08:31:14.470Z
FAILED,MEDIUM,NEW,6.37423E+11,arn:aws:iam::637423423802:policy/hmcl-cv-uat-aps1-analytics-policy,ap-south-1,2025-03-03T08:31:14.470Z
FAILED,MEDIUM,NEW,6.37423E+11,arn:aws:iam::637423423802:policy/hmcl-cv-uat-aps1-iot-fleetwise-policy,ap-south-1,2025-03-03T08:31:14.470Z
FAILED,MEDIUM,NEW,9.7505E+11,arn:aws:iam::975050234854:policy/Sandbox_iot,ap-south-1,2025-03-03T06:55:30.843Z
FAILED,MEDIUM,NEW,010438507550,arn:aws:iam::010438507550:policy/iot_qa_main,ap-south-1,2025-03-03T06:46:27.143Z
FAILED,MEDIUM,NEW,9.05418E+11,arn:aws:iam::905418263290:policy/hmcl-cv-dev-aps1-lambda-quarantine-role-inline,ap-south-1,2025-03-03T06:45:40.524Z
FAILED,MEDIUM,NEW,9.05418E+11,arn:aws:iam::905418263290:policy/hmcl-cv-dev-aps1-ui-backoffice-policy,ap-south-1,2025-03-03T06:45:40.524Z
FAILED,MEDIUM,NEW,9.05418E+11,arn:aws:iam::905418263290:policy/hmcl-cv-dev-aps1-download-back-office-certificate-role-inline,ap-south-1,2025-03-03T06:45:40.524Z
FAILED,MEDIUM,NEW,9.05418E+11,arn:aws:iam::905418263290:policy/hmcl-cv-dev-aps1-associate-lks-template-for-vds-role-inline,ap-south-1,2025-03-03T06:45:40.524Z
FAILED,MEDIUM,NEW,9.05418E+11,arn:aws:iam::905418263290:policy/hmcl-cv-dev-aps1-rule-productanalytics-per-policy,ap-south-1,2025-03-03T06:45:40.524Z
FAILED,MEDIUM,NEW,9.05418E+11,arn:aws:iam::905418263290:policy/hmcl-cv-dev-aps1-lambda-cert-rotn-initiate-role-inline,ap-south-1,2025-03-03T06:45:40.523Z
FAILED,MEDIUM,NEW,9.05418E+11,arn:aws:iam::905418263290:policy/hmcl-cv-dev-aps1-glue-cloudwatch-logs-s3-inline,ap-south-1,2025-03-03T06:45:40.523Z
FAILED,MEDIUM,NEW,9.05418E+11,arn:aws:iam::905418263290:policy/hmcl-cv-dev-aps1-deactivate-and-delete-older-certificate-role-inline,ap-south-1,2025-03-03T06:45:40.523Z
FAILED,MEDIUM,NEW,9.05418E+11,arn:aws:iam::905418263290:policy/hmcl-cv-dev-aps1-rc-notification-routing-policy,ap-south-1,2025-03-03T06:45:40.523Z
FAILED,MEDIUM,NEW,010438507550,arn:aws:iam::010438507550:policy/hmcl-cv-qa-aps1-rule-app-screen-telemetry-policy,ap-south-1,2025-03-03T09:27:21.396Z
FAILED,MEDIUM,NEW,010438507550,arn:aws:iam::010438507550:policy/hmcl-cv-qa-aps1-alert-notification-policy,ap-south-1,2025-03-03T09:27:21.396Z
FAILED,MEDIUM,NEW,6.37423E+11,arn:aws:iam::637423423802:policy/hmcl-cv-uat-aps1-file-management-policy,ap-south-1,2025-03-03T08:31:14.475Z
FAILED,MEDIUM,NEW,6.37423E+11,arn:aws:iam::637423423802:policy/hmcl-cv-uat-aps1-execute-step-function-role-inline,ap-south-1,2025-03-03T08:31:14.475Z
FAILED,MEDIUM,NEW,6.37423E+11,arn:aws:iam::637423423802:policy/hmcl-cv-uat-aps1-feature-management-policy,ap-south-1,2025-03-03T08:31:14.474Z
FAILED,MEDIUM,NEW,6.37423E+11,arn:aws:iam::637423423802:policy/hmcl-cv-uat-aps1-lambda-cert-rotn-initiate-role-inline,ap-south-1,2025-03-03T08:31:14.474Z
FAILED,MEDIUM,NEW,6.37423E+11,arn:aws:iam::637423423802:policy/hmcl-cv-uat-aps1-flink-policy,ap-south-1,2025-03-03T08:31:14.474Z
FAILED,MEDIUM,NEW,6.37423E+11,arn:aws:iam::637423423802:policy/hmcl-cv-uat-aps1-lks-notification-routing-policy,ap-south-1,2025-03-03T08:31:14.474Z
FAILED,MEDIUM,NEW,6.37423E+11,arn:aws:iam::637423423802:policy/hmcl-cv-uat-aps1-ui-backoffice-policy,ap-south-1,2025-03-03T08:31:14.474Z
FAILED,MEDIUM,NEW,6.37423E+11,arn:aws:iam::637423423802:policy/hmcl-cv-uat-aps1-rc-notification-routing-policy,ap-south-1,2025-03-03T08:31:14.474Z
FAILED,MEDIUM,NEW,6.37423E+11,arn:aws:iam::637423423802:policy/hmcl-cv-uat-aps1-deactivate-and-delete-older-certificate-role-inline,ap-south-1,2025-03-03T08:31:14.473Z
FAILED,MEDIUM,NEW,6.37423E+11,arn:aws:iam::637423423802:policy/hmcl-cv-uat-aps1-notification-policy,ap-south-1,2025-03-03T08:31:14.473Z
FAILED,MEDIUM,NEW,6.37423E+11,arn:aws:iam::637423423802:policy/hmcl-cv-uat-aps1-tcu-rule-policy,ap-south-1,2025-03-03T08:31:14.473Z
FAILED,MEDIUM,NEW,6.37423E+11,arn:aws:iam::637423423802:policy/hmcl-cv-uat-aps1-generate-masked-VIN-role-inline,ap-south-1,2025-03-03T08:31:14.473Z
FAILED,MEDIUM,NEW,6.37423E+11,arn:aws:iam::637423423802:policy/hmcl-cv-uat-aps1-cloudwatch-outlogs-s3-demo-role-inline,ap-south-1,2025-03-03T08:31:14.473Z
FAILED,MEDIUM,NEW,6.37423E+11,arn:aws:iam::637423423802:policy/hmcl-cv-uat-aps1-lambda-intermediate-ca-cert-rotn-role-inline,ap-south-1,2025-03-03T08:31:14.473Z
FAILED,MEDIUM,NEW,6.37423E+11,arn:aws:iam::637423423802:policy/hmcl-cv-uat-aps1-multi-alert-campaign-policy,ap-south-1,2025-03-03T08:31:14.472Z
FAILED,MEDIUM,NEW,6.37423E+11,arn:aws:iam::637423423802:policy/hmcl-cv-uat-aps1-fleet-management-policy,ap-south-1,2025-03-03T08:31:14.472Z
FAILED,MEDIUM,NEW,6.37423E+11,arn:aws:iam::637423423802:policy/hmcl-cv-uat-aps1-download-back-office-certificate-role-inline,ap-south-1,2025-03-03T08:31:14.472Z
FAILED,MEDIUM,NEW,6.37423E+11,arn:aws:iam::637423423802:policy/hmcl-cv-uat-aps1-deactivate-user-role-inline,ap-south-1,2025-03-03T08:31:14.472Z
FAILED,MEDIUM,NEW,9.05418E+11,arn:aws:iam::905418263290:policy/hmcl-cv-dev-aps1-rule-productanalytics-con-policy,ap-south-1,2025-03-03T06:45:40.523Z
FAILED,MEDIUM,NEW,9.05418E+11,arn:aws:iam::905418263290:policy/hmcl-cv-dev-aps1-alert-state-policy,ap-south-1,2025-03-03T06:45:40.522Z
FAILED,MEDIUM,NEW,9.05418E+11,arn:aws:iam::905418263290:policy/hmcl-cvp-demo-add-update-cust-preference-lam-policy,ap-south-1,2025-03-03T06:45:40.522Z
FAILED,MEDIUM,NEW,9.05418E+11,arn:aws:iam::905418263290:policy/hmcl-cv-dev-aps1-vehicle-model-policy,ap-south-1,2025-03-03T06:45:40.522Z
FAILED,MEDIUM,NEW,9.05418E+11,arn:aws:iam::905418263290:policy/hmcl-cv-dev-aps1-lks-notification-routing-policy,ap-south-1,2025-03-03T06:45:40.522Z
FAILED,MEDIUM,NEW,9.05418E+11,arn:aws:iam::905418263290:policy/hmcl-cv-dev-aps1-iot-fleetwise-policy,ap-south-1,2025-03-03T06:45:40.522Z
FAILED,MEDIUM,NEW,9.05418E+11,arn:aws:iam::905418263290:policy/hmcl-cv-dev-aps1-rule-app-screen-alert-policy,ap-south-1,2025-03-03T06:45:40.521Z
FAILED,MEDIUM,NEW,9.05418E+11,arn:aws:iam::905418263290:policy/hmcl-cv-dev-aps1-ui-live-location-policy,ap-south-1,2025-03-03T06:45:40.521Z
FAILED,MEDIUM,NEW,9.05418E+11,arn:aws:iam::905418263290:policy/hmcl-cv-dev-aps1-report-dashboard-policy,ap-south-1,2025-03-03T06:45:40.521Z
FAILED,MEDIUM,NEW,9.05418E+11,arn:aws:iam::905418263290:policy/hmcl-cv-dev-aps1-deactivate-user-role-inline,ap-south-1,2025-03-03T06:45:40.521Z
FAILED,MEDIUM,NEW,9.05418E+11,arn:aws:iam::905418263290:policy/hmcl-cv-dev-aps1-vehicle-ota-rd-policy,ap-south-1,2025-03-03T06:45:40.521Z
FAILED,MEDIUM,NEW,9.05418E+11,arn:aws:iam::905418263290:policy/hmcl-cv-dev-aps1-get-intermediate-ca-role-inline,ap-south-1,2025-03-03T06:45:40.521Z
FAILED,MEDIUM,NEW,9.05418E+11,arn:aws:iam::905418263290:policy/hmcl-cv-dev-aps1-lambda-tcu-change-role-inline,ap-south-1,2025-03-03T06:45:40.520Z
FAILED,MEDIUM,NEW,9.05418E+11,arn:aws:iam::905418263290:policy/hmcl-cv-dev-aps1-multi-alert-campaign-policy,ap-south-1,2025-03-03T06:45:40.520Z
FAILED,MEDIUM,NEW,9.05418E+11,arn:aws:iam::905418263290:policy/hmcl-cv-dev-aps1-vehicle-reports-policy,ap-south-1,2025-03-03T06:45:40.520Z
FAILED,MEDIUM,NEW,9.05418E+11,arn:aws:iam::905418263290:policy/hmcl-cv-dev-aps1-lambda-intermediate-ca-cert-rotn-role-inline,ap-south-1,2025-03-03T06:45:40.519Z
FAILED,MEDIUM,NEW,9.05418E+11,arn:aws:iam::905418263290:policy/hmcl-cv-dev-aps1-handle-error-message-role-inline,ap-south-1,2025-03-03T06:45:40.519Z
FAILED,MEDIUM,NEW,010438507550,arn:aws:iam::010438507550:policy/hmcl-cv-qa-aps1-glue-cloudwatch-logs-s3-role-inline,ap-south-1,2025-03-03T03:27:10.487Z
FAILED,MEDIUM,NEW,010438507550,arn:aws:iam::010438507550:policy/hmcl-cv-qa-aps1-iot-fleetwise-policy,ap-south-1,2025-03-03T03:27:10.487Z
FAILED,MEDIUM,NEW,010438507550,arn:aws:iam::010438507550:policy/hmcl-cv-qa-aps1-vehicle-model-policy,ap-south-1,2025-03-03T03:27:10.487Z
FAILED,MEDIUM,NEW,010438507550,arn:aws:iam::010438507550:policy/hmcl-cv-qa-aps1-fleet-policy,ap-south-1,2025-03-03T09:27:21.404Z
FAILED,MEDIUM,NEW,010438507550,arn:aws:iam::010438507550:policy/hmcl-cv-qa-aps1-fleet-management-policy,ap-south-1,2025-03-03T09:27:21.404Z
FAILED,MEDIUM,NEW,010438507550,arn:aws:iam::010438507550:policy/hmcl-cv-qa-aps1-rds-secret-rotation-role-inline,ap-south-1,2025-03-03T09:27:21.404Z
FAILED,MEDIUM,NEW,010438507550,arn:aws:iam::010438507550:policy/hmcl-cv-qa-aps1-rule-charging-telemetry-policy,ap-south-1,2025-03-03T09:27:21.404Z
FAILED,MEDIUM,NEW,010438507550,arn:aws:iam::010438507550:policy/hmcl-cv-qa-aps1-tcu-provision-role-inline,ap-south-1,2025-03-03T09:27:21.404Z
FAILED,MEDIUM,NEW,010438507550,arn:aws:iam::010438507550:policy/hmcl-cv-qa-aps1-thor-os-create-data-stream-index-role-inline,ap-south-1,2025-03-03T09:27:21.403Z
FAILED,MEDIUM,NEW,010438507550,arn:aws:iam::010438507550:policy/hmcl-cv-qa-aps1-msk-thor-insert-topic-role-inline,ap-south-1,2025-03-03T09:27:21.403Z
FAILED,MEDIUM,NEW,010438507550,arn:aws:iam::010438507550:policy/hmcl-cv-qa-aps1-location-policy,ap-south-1,2025-03-03T09:27:21.403Z
FAILED,MEDIUM,NEW,010438507550,arn:aws:iam::010438507550:policy/hmcl-cv-qa-aps1-file-management-policy,ap-south-1,2025-03-03T09:27:21.403Z
FAILED,MEDIUM,NEW,010438507550,arn:aws:iam::010438507550:policy/hmcl-cv-qa-aps1-ui-backoffice-policy,ap-south-1,2025-03-03T09:27:21.403Z
FAILED,MEDIUM,NEW,010438507550,arn:aws:iam::010438507550:policy/hmcl-cv-qa-aps1-alert-state-policy,ap-south-1,2025-03-03T09:27:21.403Z
FAILED,MEDIUM,NEW,010438507550,arn:aws:iam::010438507550:policy/hmcl-cv-qa-aps1-thor-os-create-index-with-mapping-role-inline,ap-south-1,2025-03-03T09:27:21.402Z
FAILED,MEDIUM,NEW,010438507550,arn:aws:iam::010438507550:policy/hmcl-cv-qa-aps1-trigger-vehicle-cert-rotation-role-inline,ap-south-1,2025-03-03T09:27:21.402Z
FAILED,MEDIUM,NEW,010438507550,arn:aws:iam::010438507550:policy/hmcl-cv-qa-aps1-rule-vehicle-connected-policy,ap-south-1,2025-03-03T09:27:21.402Z
FAILED,MEDIUM,NEW,010438507550,arn:aws:iam::010438507550:policy/hmcl-cv-qa-aps1-get-intermediate-ca-role-inline,ap-south-1,2025-03-03T09:27:21.402Z
FAILED,MEDIUM,NEW,010438507550,arn:aws:iam::010438507550:policy/hmcl-cv-qa-aps1-rule-fusa-fetch-data-policy,ap-south-1,2025-03-03T09:27:21.402Z
FAILED,MEDIUM,NEW,010438507550,arn:aws:iam::010438507550:policy/hmcl-cv-qa-aps1-report-dashboard-policy,ap-south-1,2025-03-03T09:27:21.402Z
FAILED,MEDIUM,NEW,010438507550,arn:aws:iam::010438507550:policy/hmcl-cv-qa-aps1-backoffice-ui-policy,ap-south-1,2025-03-03T09:27:21.401Z
FAILED,MEDIUM,NEW,010438507550,arn:aws:iam::010438507550:policy/hmcl-cv-qa-aps1-execute-back-office-step-function-role-inline,ap-south-1,2025-03-03T09:27:21.401Z
FAILED,MEDIUM,NEW,010438507550,arn:aws:iam::010438507550:policy/hmcl-cv-qa-aps1-execute-step-function-role-inline,ap-south-1,2025-03-03T09:27:21.401Z
FAILED,MEDIUM,NEW,010438507550,arn:aws:iam::010438507550:policy/hmcl-cv-qa-aps1-rule-lks-fetch-data-policy,ap-south-1,2025-03-03T03:27:10.486Z
FAILED,MEDIUM,NEW,010438507550,arn:aws:iam::010438507550:policy/hmcl-cv-qa-aps1-glue-job-failure-notification-role-inline,ap-south-1,2025-03-03T03:27:10.486Z
FAILED,MEDIUM,NEW,010438507550,arn:aws:iam::010438507550:policy/hmcl-cv-qa-aps1-flink-policy,ap-south-1,2025-03-03T03:27:10.486Z
FAILED,MEDIUM,NEW,010438507550,arn:aws:iam::010438507550:policy/hmcl-cv-qa-aps1-cognito-google-pre-auth-token-role-inline,ap-south-1,2025-03-03T03:27:10.486Z
FAILED,MEDIUM,NEW,010438507550,arn:aws:iam::010438507550:policy/hmcl-cv-qa-aps1-rule-app-screen-alert-policy,ap-south-1,2025-03-03T03:27:10.486Z
FAILED,MEDIUM,NEW,010438507550,arn:aws:iam::010438507550:policy/hmcl-cv-qa-aps1-msk-thor-demo-create-delete-topic-role-inline,ap-south-1,2025-03-03T03:27:10.485Z
FAILED,MEDIUM,NEW,010438507550,arn:aws:iam::010438507550:policy/hmcl-cv-qa-aps1-deactivate-user-role-inline,ap-south-1,2025-03-03T03:27:10.485Z
FAILED,MEDIUM,NEW,010438507550,arn:aws:iam::010438507550:policy/hmcl-cv-qa-aps1-vehicle-ota-rd-policy,ap-south-1,2025-03-03T03:27:10.485Z
FAILED,MEDIUM,NEW,010438507550,arn:aws:iam::010438507550:policy/hmcl-cv-qa-aps1-lambda-decommission-role-inline,ap-south-1,2025-03-03T03:27:10.485Z
FAILED,MEDIUM,NEW,010438507550,arn:aws:iam::010438507550:policy/hmcl-cv-qa-aps1-lambda-cert-rotn-initiate-role-inline,ap-south-1,2025-03-03T03:27:10.485Z
FAILED,MEDIUM,NEW,010438507550,arn:aws:iam::010438507550:policy/hmcl-cv-qa-aps1-vehicle-reports-policy,ap-south-1,2025-03-03T03:27:10.484Z
FAILED,MEDIUM,NEW,010438507550,arn:aws:iam::010438507550:policy/hmcl-cv-qa-aps1-lambda-conn-check-cert-fetch-role-inline,ap-south-1,2025-03-03T03:27:10.484Z
FAILED,MEDIUM,NEW,010438507550,arn:aws:iam::010438507550:policy/hmcl-cv-qa-aps1-analytics-policy,ap-south-1,2025-03-03T03:27:10.484Z
FAILED,MEDIUM,NEW,010438507550,arn:aws:iam::010438507550:policy/hmcl-cv-qa-aps1-associate-lks-template-for-vds-role-inline,ap-south-1,2025-03-03T03:27:10.484Z
FAILED,MEDIUM,NEW,010438507550,arn:aws:iam::010438507550:policy/developer_qa_main,ap-south-1,2025-03-03T03:27:10.483Z
FAILED,MEDIUM,NEW,010438507550,arn:aws:iam::010438507550:policy/hmcl-cv-qa-aps1-cloudwatch-outlogs-s3-demo-role-inline,ap-south-1,2025-03-03T03:27:10.483Z
FAILED,MEDIUM,NEW,010438507550,arn:aws:iam::010438507550:policy/ust_testing_team,ap-south-1,2025-03-03T03:27:10.483Z
FAILED,MEDIUM,NEW,010438507550,arn:aws:iam::010438507550:policy/hmcl-cv-qa-aps1-lambda-conn-check-cert-update-role-inline,ap-south-1,2025-03-03T03:27:10.483Z
FAILED,MEDIUM,NEW,010438507550,arn:aws:iam::010438507550:policy/hmcl-cv-qa-aps1-lambda-quarantine-role-inline,ap-south-1,2025-03-03T03:27:10.483Z
FAILED,MEDIUM,NEW,6.37423E+11,arn:aws:iam::637423423802:policy/hmcl-cv-uat-aps1-tcu-provision-role-inline,ap-south-1,2025-03-03T02:31:17.687Z
FAILED,MEDIUM,NEW,6.37423E+11,arn:aws:iam::637423423802:policy/hmcl-cv-uat-aps1-rule-vehicle-disconnected-policy,ap-south-1,2025-03-03T02:31:17.687Z
FAILED,MEDIUM,NEW,6.37423E+11,arn:aws:iam::637423423802:policy/hmcl-cv-uat-aps1-rule-app-screen-alert-policy,ap-south-1,2025-03-03T02:31:17.687Z
FAILED,MEDIUM,NEW,6.37423E+11,arn:aws:iam::637423423802:policy/hmcl-cv-uat-aps1-get-certificate-arn-role-inline,ap-south-1,2025-03-03T02:31:17.687Z
FAILED,MEDIUM,NEW,6.37423E+11,arn:aws:iam::637423423802:policy/hmcl-cv-uat-aps1-rule-lks-fetch-data-policy,ap-south-1,2025-03-03T02:31:17.686Z
FAILED,MEDIUM,NEW,6.37423E+11,arn:aws:iam::637423423802:policy/hmcl-cv-uat-aps1-lambda-conn-check-cert-fetch-role-inline,ap-south-1,2025-03-03T02:31:17.686Z
FAILED,MEDIUM,NEW,6.37423E+11,arn:aws:iam::637423423802:policy/hmcl-cv-uat-aps1-backoffice-ui-policy,ap-south-1,2025-03-03T02:31:17.686Z
FAILED,MEDIUM,NEW,6.37423E+11,arn:aws:iam::637423423802:policy/hmcl-cv-uat-aps1-rule-charging-telemetry-policy,ap-south-1,2025-03-03T02:31:17.686Z
FAILED,MEDIUM,NEW,6.37423E+11,arn:aws:iam::637423423802:policy/hmcl-cv-uat-aps1-lambda-conn-check-cert-update-role-inline,ap-south-1,2025-03-03T02:31:17.685Z
FAILED,MEDIUM,NEW,6.37423E+11,arn:aws:iam::637423423802:policy/hmcl-cv-uat-aps1-rule-vehicle-connected-policy,ap-south-1,2025-03-03T02:31:17.685Z
FAILED,MEDIUM,NEW,6.37423E+11,arn:aws:iam::637423423802:policy/hmcl-cv-uat-aps1-stepfunction-policy,ap-south-1,2025-03-03T02:31:17.685Z
FAILED,MEDIUM,NEW,6.37423E+11,arn:aws:iam::637423423802:policy/hmcl-cv-uat-aps1-lambda-decommission-role-inline,ap-south-1,2025-03-03T02:31:17.685Z
FAILED,MEDIUM,NEW,6.37423E+11,arn:aws:iam::637423423802:policy/hmcl-cv-uat-aps1-lambda-quarantine-role-inline,ap-south-1,2025-03-03T02:31:17.685Z
FAILED,MEDIUM,NEW,6.37423E+11,arn:aws:iam::637423423802:policy/hmcl-cv-uat-aps1-report-dashboard-policy,ap-south-1,2025-03-03T02:31:17.685Z
FAILED,MEDIUM,NEW,6.37423E+11,arn:aws:iam::637423423802:policy/hmcl-cv-uat-aps1-thor-os-create-index-role-inline,ap-south-1,2025-03-03T02:31:17.685Z
FAILED,MEDIUM,NEW,6.37423E+11,arn:aws:iam::637423423802:policy/hmcl-cv-uat-aps1-associate-lks-template-for-vds-role-inline,ap-south-1,2025-03-03T02:31:17.684Z
FAILED,MEDIUM,NEW,6.37423E+11,arn:aws:iam::637423423802:policy/hmcl-cv-uat-aps1-cronjobs-policy,ap-south-1,2025-03-03T02:31:17.684Z
FAILED,MEDIUM,NEW,6.37423E+11,arn:aws:iam::637423423802:policy/hmcl-cv-uat-aps1-alert-state-policy,ap-south-1,2025-03-03T02:31:17.684Z
FAILED,MEDIUM,NEW,6.37423E+11,arn:aws:iam::637423423802:policy/hmcl-cv-uat-aps1-vehicle-model-policy,ap-south-1,2025-03-03T02:31:17.684Z
FAILED,MEDIUM,NEW,6.37423E+11,arn:aws:iam::637423423802:policy/hmcl-cv-uat-aps1-hmcl-esync-uat-policy,ap-south-1,2025-03-03T02:31:17.684Z
FAILED,MEDIUM,NEW,6.37423E+11,arn:aws:iam::637423423802:policy/hmcl-cv-uat-aps1-alert-notification-policy,ap-south-1,2025-03-03T02:31:17.684Z
FAILED,MEDIUM,NEW,9.05418E+11,arn:aws:iam::905418263290:policy/hmcl-cv-dev-aps1-campaign-status-sync-cj-policy,ap-south-1,2025-03-03T00:45:38.215Z
FAILED,MEDIUM,NEW,9.05418E+11,arn:aws:iam::905418263290:policy/hmcl-cv-dev-aps1-rule-charging-telemetry-policy,ap-south-1,2025-03-03T00:45:38.214Z
FAILED,MEDIUM,NEW,9.05418E+11,arn:aws:iam::905418263290:policy/hmcl-cv-dev-aps1-lambda-cert-rotn-complete-role-inline,ap-south-1,2025-03-03T00:45:38.214Z
FAILED,MEDIUM,NEW,9.05418E+11,arn:aws:iam::905418263290:policy/hmcl-cv-dev-aps1-get-certificate-arn-role-inline,ap-south-1,2025-03-03T00:45:38.214Z
FAILED,MEDIUM,NEW,9.05418E+11,arn:aws:iam::905418263290:policy/hmcl-cv-dev-aps1-rule-app-screen-telemetry-policy,ap-south-1,2025-03-03T00:45:38.214Z
FAILED,MEDIUM,NEW,9.05418E+11,arn:aws:iam::905418263290:policy/hmcl-cv-dev-aps1-file-management-policy,ap-south-1,2025-03-03T00:45:38.213Z
FAILED,MEDIUM,NEW,010438507550,arn:aws:iam::010438507550:policy/hmcl-cv-qa-aps1-generate-masked-VIN-role-inline,ap-south-1,2025-03-02T21:27:22.410Z
FAILED,MEDIUM,NEW,010438507550,arn:aws:iam::010438507550:policy/hmcl-cv-qa-aps1-excelfore-certificate-sign-from-api-role-inline,ap-south-1,2025-03-02T21:27:22.410Z
FAILED,MEDIUM,NEW,010438507550,arn:aws:iam::010438507550:policy/hmcl-cv-qa-aps1-vehicle-management-policy,ap-south-1,2025-03-02T21:27:22.409Z
FAILED,MEDIUM,NEW,010438507550,arn:aws:iam::010438507550:policy/hmcl-cv-qa-aps1-lks-notification-routing-policy,ap-south-1,2025-03-02T21:27:22.409Z
FAILED,MEDIUM,NEW,010438507550,arn:aws:iam::010438507550:policy/hmcl-cv-qa-aps1-esync-role-policy,ap-south-1,2025-03-02T21:27:22.409Z
FAILED,MEDIUM,NEW,010438507550,arn:aws:iam::010438507550:policy/hmcl-cv-qa-aps1-command-and-control-policy,ap-south-1,2025-03-02T21:27:22.408Z
FAILED,MEDIUM,NEW,010438507550,arn:aws:iam::010438507550:policy/hmcl-cv-qa-aps1-rule-productanalytics-con-policy,ap-south-1,2025-03-02T21:27:22.408Z
FAILED,MEDIUM,NEW,010438507550,arn:aws:iam::010438507550:policy/hmcl-cv-qa-aps1-deactivate-and-delete-older-certificate-role-inline,ap-south-1,2025-03-02T21:27:22.408Z
FAILED,MEDIUM,NEW,010438507550,arn:aws:iam::010438507550:policy/hmcl-cv-qa-aps1-glue-policy,ap-south-1,2025-03-02T21:27:22.408Z
FAILED,MEDIUM,NEW,010438507550,arn:aws:iam::010438507550:policy/hmcl-cv-qa-aps1-user-management-policy,ap-south-1,2025-03-02T21:27:22.407Z
FAILED,MEDIUM,NEW,010438507550,arn:aws:iam::010438507550:policy/hmcl-cv-qa-aps1-cronjobs-policy,ap-south-1,2025-03-02T21:27:22.407Z
FAILED,MEDIUM,NEW,010438507550,arn:aws:iam::010438507550:policy/hmcl-cv-qa-aps1-cognito-token-generation-role-inline,ap-south-1,2025-03-02T21:27:22.407Z
FAILED,MEDIUM,NEW,010438507550,arn:aws:iam::010438507550:policy/hmcl-cv-qa-aps1-lambda-cert-rotn-complete-role-inline,ap-south-1,2025-03-02T21:27:22.407Z
FAILED,MEDIUM,NEW,010438507550,arn:aws:iam::010438507550:policy/hmcl-cv-qa-aps1-multi-alert-campaign-policy,ap-south-1,2025-03-02T21:27:22.406Z
FAILED,MEDIUM,NEW,9.05418E+11,arn:aws:iam::905418263290:policy/hmcl-cv-dev-aps1-create-zip-file-and-s3-upload-role-inline,ap-south-1,2025-03-03T00:45:38.219Z
FAILED,MEDIUM,NEW,9.05418E+11,arn:aws:iam::905418263290:policy/hmcl-cv-dev-aps1-rds-secret-rotation-role-inline,ap-south-1,2025-03-03T00:45:38.219Z
FAILED,MEDIUM,NEW,9.05418E+11,arn:aws:iam::905418263290:policy/hmcl-cv-dev-aps1-thor-os-create-data-stream-index-role-inline,ap-south-1,2025-03-03T00:45:38.219Z
FAILED,MEDIUM,NEW,9.05418E+11,arn:aws:iam::905418263290:policy/hmcl-cv-dev-aps1-customer-preference-role-inline,ap-south-1,2025-03-03T00:45:38.219Z
FAILED,MEDIUM,NEW,9.05418E+11,arn:aws:iam::905418263290:policy/hmcl-cv-dev-aps1-stepfunction-policy,ap-south-1,2025-03-03T00:45:38.219Z
FAILED,MEDIUM,NEW,9.05418E+11,arn:aws:iam::905418263290:policy/hmcl-cv-dev-aps1-rule-vehicle-connectionfail-policy,ap-south-1,2025-03-03T00:45:38.219Z
FAILED,MEDIUM,NEW,9.05418E+11,arn:aws:iam::905418263290:policy/hmcl-cv-dev-aps1-rule-fusa-fetch-data-policy,ap-south-1,2025-03-03T00:45:38.218Z
FAILED,MEDIUM,NEW,9.05418E+11,arn:aws:iam::905418263290:policy/hmcl-cv-dev-aps1-lambda-decommission-role-inline,ap-south-1,2025-03-03T00:45:38.218Z
FAILED,MEDIUM,NEW,9.05418E+11,arn:aws:iam::905418263290:policy/hmcl-cv-dev-aps1-analytics-policy,ap-south-1,2025-03-03T00:45:38.218Z
FAILED,MEDIUM,NEW,9.05418E+11,arn:aws:iam::905418263290:policy/hmcl-cv-dev-aps1-iot_audit_policy,ap-south-1,2025-03-03T00:45:38.218Z
FAILED,MEDIUM,NEW,9.05418E+11,arn:aws:iam::905418263290:policy/hmcl-cv-dev-aps1-feature-management-policy,ap-south-1,2025-03-03T00:45:38.217Z
FAILED,MEDIUM,NEW,9.05418E+11,arn:aws:iam::905418263290:policy/hmcl-cv-dev-aps1-glue-job-failure-notification-role-inline,ap-south-1,2025-03-03T00:45:38.217Z
FAILED,MEDIUM,NEW,9.05418E+11,arn:aws:iam::905418263290:policy/hmcl-cv-dev-aps1-vehicle-provisioning-policy,ap-south-1,2025-03-03T00:45:38.217Z
FAILED,MEDIUM,NEW,9.05418E+11,arn:aws:iam::905418263290:policy/hmcl-cv-dev-aps1-user-management-policy,ap-south-1,2025-03-03T00:45:38.217Z
FAILED,MEDIUM,NEW,9.05418E+11,arn:aws:iam::905418263290:policy/hmcl-cv-dev-aps1-excelfore-certificate-sign-from-api-role-inline,ap-south-1,2025-03-03T00:45:38.216Z
FAILED,MEDIUM,NEW,9.05418E+11,arn:aws:iam::905418263290:policy/hmcl-cv-dev-aps1-trigger-vehicle-cert-rotation-role-inline,ap-south-1,2025-03-03T00:45:38.216Z
FAILED,MEDIUM,NEW,9.05418E+11,arn:aws:iam::905418263290:policy/hmcl-cv-dev-aps1-tcu-rule-policy,ap-south-1,2025-03-03T00:45:38.216Z
FAILED,MEDIUM,NEW,9.05418E+11,arn:aws:iam::905418263290:policy/hmcl-cv-dev-aps1-fleet-policy,ap-south-1,2025-03-03T00:45:38.216Z
FAILED,MEDIUM,NEW,9.05418E+11,arn:aws:iam::905418263290:policy/hmcl-cv-dev-aps1-notification-policy,ap-south-1,2025-03-03T00:45:38.215Z
FAILED,MEDIUM,NEW,9.05418E+11,arn:aws:iam::905418263290:policy/hmcl-cv-dev-aps1-command-and-control-policy,ap-south-1,2025-03-03T00:45:38.215Z
FAILED,MEDIUM,NEW,6.37423E+11,arn:aws:iam::637423423802:policy/hmcl-cv-uat-aps1-handle-error-message-role-inline,ap-south-1,2025-03-03T02:31:17.683Z
FAILED,MEDIUM,NEW,6.37423E+11,arn:aws:iam::637423423802:policy/hmcl-cv-uat-aps1-glue-cloudwatch-logs-s3-role-inline,ap-south-1,2025-03-03T02:31:17.683Z
FAILED,MEDIUM,NEW,6.37423E+11,arn:aws:iam::637423423802:policy/hmcl-cv-uat-aps1-command-and-control-policy,ap-south-1,2025-03-03T02:31:17.683Z
FAILED,MEDIUM,NEW,6.37423E+11,arn:aws:iam::637423423802:policy/hmcl-cv-uat-aps1-user-management-policy,ap-south-1,2025-03-03T02:31:17.683Z
FAILED,MEDIUM,NEW,6.37423E+11,arn:aws:iam::637423423802:policy/hmcl-cv-uat-aps1-lambda-cert-rotn-complete-role-inline,ap-south-1,2025-03-03T02:31:17.682Z
FAILED,MEDIUM,NEW,9.05418E+11,arn:aws:iam::905418263290:policy/developer_dev_main_test,ap-south-1,2025-03-03T00:45:38.223Z
FAILED,MEDIUM,NEW,9.05418E+11,arn:aws:iam::905418263290:policy/service-role/AWSLambdaBasicExecutionRole-a4572230-58a5-4865-a73c-2b2c16a5264a,ap-south-1,2025-03-03T00:45:38.222Z
FAILED,MEDIUM,NEW,9.05418E+11,arn:aws:iam::905418263290:policy/hmcl-cv-dev-aps1-backoffice-ui-policy,ap-south-1,2025-03-03T00:45:38.222Z
FAILED,MEDIUM,NEW,9.05418E+11,arn:aws:iam::905418263290:policy/hmcl-cv-dev-aps1-rule-vehicle-connected-policy,ap-south-1,2025-03-03T00:45:38.222Z
FAILED,MEDIUM,NEW,9.05418E+11,arn:aws:iam::905418263290:policy/hmcl-cv-dev-aps1-execute-step-function-role-inline,ap-south-1,2025-03-03T00:45:38.222Z
FAILED,MEDIUM,NEW,9.05418E+11,arn:aws:iam::905418263290:policy/hmcl-cv-dev-aps1-lambda-conn-check-cert-fetch-role-inline,ap-south-1,2025-03-03T00:45:38.222Z
FAILED,MEDIUM,NEW,9.05418E+11,arn:aws:iam::905418263290:policy/hmcl-cv-dev-aps1-msk-thor-insert-topic-role-inline,ap-south-1,2025-03-03T00:45:38.222Z
FAILED,MEDIUM,NEW,9.05418E+11,arn:aws:iam::905418263290:policy/hmcl-cv-dev-aps1-vehicle-masked-data-redis-role-inline,ap-south-1,2025-03-03T00:45:38.221Z
FAILED,MEDIUM,NEW,9.05418E+11,arn:aws:iam::905418263290:policy/hmcl-cv-dev-aps1-thor-os-create-index-role-inline,ap-south-1,2025-03-03T00:45:38.221Z
FAILED,MEDIUM,NEW,9.05418E+11,arn:aws:iam::905418263290:policy/hmcl-cv-dev-aps1-geo-fence-fetch-policy,ap-south-1,2025-03-03T00:45:38.221Z
FAILED,MEDIUM,NEW,9.05418E+11,arn:aws:iam::905418263290:policy/hmcl-cv-dev-aps1-tcu-provision-role-inline,ap-south-1,2025-03-03T00:45:38.221Z
FAILED,MEDIUM,NEW,9.05418E+11,arn:aws:iam::905418263290:policy/hmcl-cv-dev-aps1-live-tracking-policy,ap-south-1,2025-03-03T00:45:38.221Z
FAILED,MEDIUM,NEW,9.05418E+11,arn:aws:iam::905418263290:policy/hmcl-cv-dev-aps1-location-policy,ap-south-1,2025-03-03T00:45:38.220Z
FAILED,MEDIUM,NEW,9.05418E+11,arn:aws:iam::905418263290:policy/hmcl-cv-dev-aps1-msk-thor-demo-create-delete-topic-role-inline,ap-south-1,2025-03-03T00:45:38.220Z
FAILED,MEDIUM,NEW,9.05418E+11,arn:aws:iam::905418263290:policy/hmcl-cv-dev-aps1-rule-lks-fetch-data-policy,ap-south-1,2025-03-03T00:45:38.220Z
FAILED,MEDIUM,NEW,010438507550,arn:aws:iam::010438507550:policy/hmcl-cv-qa-aps1-campaign-status-sync-cj-policy,ap-south-1,2025-03-02T21:27:22.406Z
FAILED,MEDIUM,NEW,010438507550,arn:aws:iam::010438507550:policy/hmcl-cv-qa-aps1-auth-management-policy,ap-south-1,2025-03-02T21:27:22.406Z
FAILED,MEDIUM,NEW,010438507550,arn:aws:iam::010438507550:policy/hmcl-cv-qa-aps1-feature-management-policy,ap-south-1,2025-03-02T21:27:22.406Z
FAILED,MEDIUM,NEW,010438507550,arn:aws:iam::010438507550:policy/hmcl-cv-qa-aps1-stepfunction-policy,ap-south-1,2025-03-02T21:27:22.406Z
FAILED,MEDIUM,NEW,010438507550,arn:aws:iam::010438507550:policy/hmcl-cv-qa-aps1-customer-preference-role-inline,ap-south-1,2025-03-02T21:27:22.405Z
FAILED,MEDIUM,NEW,010438507550,arn:aws:iam::010438507550:policy/hmcl-cv-qa-aps1-download-back-office-certificate-role-inline,ap-south-1,2025-03-02T21:27:22.405Z
FAILED,MEDIUM,NEW,6.37423E+11,arn:aws:iam::637423423802:policy/hmcl-cv-uat-aps1-thor-os-create-index-with-mapping-role-inline,ap-south-1,2025-03-02T20:31:04.757Z
FAILED,MEDIUM,NEW,6.37423E+11,arn:aws:iam::637423423802:policy/hmcl-cv-uat-aps1-rule-productanalytics-per-policy,ap-south-1,2025-03-02T20:31:04.757Z
FAILED,MEDIUM,NEW,6.37423E+11,arn:aws:iam::637423423802:policy/hmcl-cv-uat-aps1-vehicle-masked-data-redis-role-inline,ap-south-1,2025-03-02T20:31:04.756Z
FAILED,MEDIUM,NEW,6.37423E+11,arn:aws:iam::637423423802:policy/hmcl-cv-uat-aps1-auth-management-policy,ap-south-1,2025-03-02T20:31:04.756Z
FAILED,MEDIUM,NEW,6.37423E+11,arn:aws:iam::637423423802:policy/hmcl-cv-uat-aps1-geo-fence-fetch-policy,ap-south-1,2025-03-02T20:31:04.756Z
FAILED,MEDIUM,NEW,6.37423E+11,arn:aws:iam::637423423802:policy/hmcl-cv-uat-aps1-temporary-campaign-rule-policy,ap-south-1,2025-03-02T20:31:04.756Z
FAILED,MEDIUM,NEW,6.37423E+11,arn:aws:iam::637423423802:policy/hmcl-cv-uat-aps1-fleet-policy,ap-south-1,2025-03-02T20:31:04.756Z
FAILED,MEDIUM,NEW,6.37423E+11,arn:aws:iam::637423423802:policy/hmcl-cv-uat-aps1-rule-app-screen-telemetry-policy,ap-south-1,2025-03-02T20:31:04.755Z
FAILED,MEDIUM,NEW,6.37423E+11,arn:aws:iam::637423423802:policy/hmcl-cv-uat-aps1-vehicle-reports-policy,ap-south-1,2025-03-02T20:31:04.755Z
FAILED,MEDIUM,NEW,6.37423E+11,arn:aws:iam::637423423802:policy/hmcl-cv-uat-aps1-get-certificate-status-role-inline,ap-south-1,2025-03-02T20:31:04.755Z
FAILED,MEDIUM,NEW,6.37423E+11,arn:aws:iam::637423423802:policy/hmcl-cv-uat-aps1-live-tracking-policy,ap-south-1,2025-03-02T20:31:04.755Z
FAILED,MEDIUM,NEW,6.37423E+11,arn:aws:iam::637423423802:policy/hmcl-cv-uat-aps1-lambda-tcu-change-role-inline,ap-south-1,2025-03-02T20:31:04.755Z
FAILED,MEDIUM,NEW,6.37423E+11,arn:aws:iam::637423423802:policy/hmcl-cv-uat-aps1-iot_audit_policy,ap-south-1,2025-03-02T20:31:04.755Z
FAILED,MEDIUM,NEW,6.37423E+11,arn:aws:iam::637423423802:policy/hmcl-cv-uat-aps1-trigger-vehicle-cert-rotation-role-inline,ap-south-1,2025-03-02T20:31:04.754Z
FAILED,MEDIUM,NEW,6.37423E+11,arn:aws:iam::637423423802:policy/hmcl-cv-uat-aps1-rule-fusa-fetch-data-policy,ap-south-1,2025-03-02T20:31:04.754Z
FAILED,MEDIUM,NEW,6.37423E+11,arn:aws:iam::637423423802:policy/hmcl-cv-uat-aps1-create-zip-file-and-s3-upload-role-inline,ap-south-1,2025-03-02T20:31:04.754Z
FAILED,MEDIUM,NEW,6.37423E+11,arn:aws:iam::637423423802:policy/hmcl-cv-uat-aps1-execute-back-office-step-function-role-inline,ap-south-1,2025-03-02T20:31:04.754Z
FAILED,MEDIUM,NEW,6.37423E+11,arn:aws:iam::637423423802:policy/hmcl-cv-uat-aps1-cognito-token-generation-role-inline,ap-south-1,2025-03-02T20:31:04.753Z
FAILED,MEDIUM,NEW,6.37423E+11,arn:aws:iam::637423423802:policy/hmcl-cv-uat-aps1-code-updater-lambda-role-inline,ap-south-1,2025-03-02T20:31:04.753Z
FAILED,MEDIUM,NEW,6.37423E+11,arn:aws:iam::637423423802:policy/hmcl-cv-uat-aps1-msk-thor-insert-topic-role-inline,ap-south-1,2025-03-02T20:31:04.753Z
FAILED,MEDIUM,NEW,6.37423E+11,arn:aws:iam::637423423802:policy/hmcl-cv-uat-aps1-get-intermediate-ca-role-inline,ap-south-1,2025-03-02T20:31:04.753Z
FAILED,MEDIUM,NEW,6.37423E+11,arn:aws:iam::637423423802:policy/hmcl-cv-uat-aps1-customer-preference-role-inline,ap-south-1,2025-03-02T20:31:04.753Z
FAILED,MEDIUM,NEW,6.37423E+11,arn:aws:iam::637423423802:policy/hmcl-cv-uat-aps1-dynamodb-to-msk-role-inline,ap-south-1,2025-03-02T20:31:04.753Z
FAILED,MEDIUM,NEW,6.37423E+11,arn:aws:iam::637423423802:policy/hmcl-cv-uat-aps1-glue-policy,ap-south-1,2025-03-02T20:31:04.752Z
FAILED,MEDIUM,NEW,6.37423E+11,arn:aws:iam::637423423802:policy/hmcl-cv-uat-aps1-rds-secret-rotation-role-inline,ap-south-1,2025-03-02T20:31:04.752Z
FAILED,MEDIUM,NEW,6.37423E+11,arn:aws:iam::637423423802:policy/hmcl-cv-uat-aps1-rule-vehicle-connectionfail-policy,ap-south-1,2025-03-02T20:31:04.752Z
FAILED,MEDIUM,NEW,6.37423E+11,arn:aws:iam::637423423802:policy/hmcl-cv-uat-aps1-location-policy,ap-south-1,2025-03-02T20:31:04.752Z
FAILED,MEDIUM,NEW,6.37423E+11,arn:aws:iam::637423423802:policy/hmcl-cv-uat-aps1-glue-job-failure-notification-role-inline,ap-south-1,2025-03-02T20:31:04.751Z
FAILED,MEDIUM,NEW,6.37423E+11,arn:aws:iam::637423423802:policy/hmcl-cv-uat-aps1-thor-os-create-data-stream-index-role-inline,ap-south-1,2025-03-02T20:31:04.751Z
FAILED,MEDIUM,NEW,9.05418E+11,arn:aws:iam::905418263290:policy/hmcl-cv-dev-aps1-flink-policy,ap-south-1,2025-03-02T18:45:31.907Z
FAILED,MEDIUM,NEW,9.05418E+11,arn:aws:iam::905418263290:policy/hmcl-cv-dev-aps1-glue-policy,ap-south-1,2025-03-02T18:45:31.907Z
FAILED,MEDIUM,NEW,9.05418E+11,arn:aws:iam::905418263290:policy/hmcl-cv-dev-aps1-dynamodb-to-msk-role-inline,ap-south-1,2025-03-02T18:45:31.907Z
FAILED,MEDIUM,NEW,9.05418E+11,arn:aws:iam::905418263290:policy/iot_dev_main,ap-south-1,2025-03-02T18:45:31.906Z
FAILED,MEDIUM,NEW,9.05418E+11,arn:aws:iam::905418263290:policy/hmcl-cv-dev-aps1-vehicle-management-policy,ap-south-1,2025-03-02T18:45:31.906Z
FAILED,MEDIUM,NEW,9.05418E+11,arn:aws:iam::905418263290:policy/hmcl-cv-dev-aps1-thor-os-create-index-with-mapping-role-inline,ap-south-1,2025-03-02T18:45:31.906Z
FAILED,MEDIUM,NEW,9.05418E+11,arn:aws:iam::905418263290:policy/hmcl-cv-dev-aps1-cognito-token-generation-role-inline,ap-south-1,2025-03-02T18:45:31.906Z
FAILED,MEDIUM,NEW,9.05418E+11,arn:aws:iam::905418263290:policy/hmcl-cv-dev-aps1-code-updater-lambda-role-inline,ap-south-1,2025-03-02T18:45:31.905Z
FAILED,MEDIUM,NEW,9.05418E+11,arn:aws:iam::905418263290:policy/hmcl-cv-dev-aps1-cognito-google-pre-auth-token-role-inline,ap-south-1,2025-03-02T18:45:31.904Z
FAILED,MEDIUM,NEW,9.05418E+11,arn:aws:iam::905418263290:policy/hmcl-cv-dev-aps1-get-certificate-status-role-inline,ap-south-1,2025-03-02T18:45:31.904Z
FAILED,MEDIUM,NEW,9.05418E+11,arn:aws:iam::905418263290:policy/hmcl-cv-dev-aps1-fleet-management-policy,ap-south-1,2025-03-02T18:45:31.904Z
FAILED,MEDIUM,NEW,9.05418E+11,arn:aws:iam::905418263290:policy/hmcl-cv-dev-aps1-generate-masked-VIN-role-inline,ap-south-1,2025-03-02T18:45:31.904Z
FAILED,MEDIUM,NEW,9.05418E+11,arn:aws:iam::905418263290:policy/hmcl-cv-dev-aps1-execute-back-office-step-function-role-inline,ap-south-1,2025-03-02T18:45:31.904Z
FAILED,MEDIUM,NEW,9.05418E+11,arn:aws:iam::905418263290:policy/hmcl-cv-dev-aps1-hmcl-esync-policy,ap-south-1,2025-03-02T18:45:31.903Z
FAILED,MEDIUM,NEW,9.05418E+11,arn:aws:iam::905418263290:policy/tcu-change-lambda-policy,ap-south-1,2025-03-02T18:45:31.903Z
FAILED,MEDIUM,NEW,9.05418E+11,arn:aws:iam::905418263290:policy/hmcl-cv-dev-aps1-lambda-conn-check-cert-update-role-inline,ap-south-1,2025-03-02T18:45:31.903Z
FAILED,MEDIUM,NEW,9.05418E+11,arn:aws:iam::905418263290:policy/hmcl-cv-dev-aps1-auth-management-policy,ap-south-1,2025-03-02T18:45:31.902Z
FAILED,MEDIUM,NEW,9.05418E+11,arn:aws:iam::905418263290:policy/hmcl-cv-dev-aps1-alert-notification-policy,ap-south-1,2025-03-02T18:45:31.902Z
