﻿"Compliance Status","Severity","Workflow","Account","Resource","Region","Updated"
"FAILED","MEDIUM","NEW","637423293078","arn:aws:lambda:ap-south-1:637423293078:function:iam-password-policy-update-function","ap-south-1","2025-03-03T09:58:58.425Z"
"FAILED","MEDIUM","NEW","058264497265","arn:aws:lambda:ap-south-1:058264497265:function:iam-password-policy-update-function","ap-south-1","2025-03-03T07:14:26.045Z"
"FAILED","MEDIUM","SUPPRESSED","438465139527","arn:aws:lambda:ap-south-1:438465139527:function:iam-password-policy-update-function","ap-south-1","2025-03-03T06:12:28.513Z"
"FAILED","MEDIUM","NEW","992382403372","arn:aws:lambda:ap-south-1:992382403372:function:iam-password-policy-update-function","ap-south-1","2025-03-03T04:50:55.928Z"
"FAILED","MEDIUM","NEW","010438507630","arn:aws:lambda:ap-south-1:010438507630:function:iam-password-policy-update-function","ap-south-1","2025-03-03T04:42:08.386Z"
"FAILED","MEDIUM","NEW","381492007402","arn:aws:lambda:ap-south-1:381492007402:function:iam-password-policy-update-function","ap-south-1","2025-03-03T03:56:56.523Z"
"FAILED","MEDIUM","NEW","637423423802","arn:aws:lambda:ap-south-1:637423423802:function:iam-password-policy-update-function","ap-south-1","2025-03-03T02:31:14.995Z"
"FAILED","MEDIUM","NEW","992382517861","arn:aws:lambda:ap-south-1:992382517861:function:iam-password-policy-update-function","ap-south-1","2025-03-03T02:18:08.846Z"
"FAILED","MEDIUM","NEW","637423615990","arn:aws:lambda:ap-south-1:637423615990:function:iam-password-policy-update-function","ap-south-1","2025-03-02T22:28:51.734Z"
"FAILED","MEDIUM","SUPPRESSED","783764575149","arn:aws:lambda:ap-south-1:783764575149:function:iam-password-policy-update-function","ap-south-1","2025-03-02T21:52:43.622Z"
"FAILED","MEDIUM","NEW","851725574897","arn:aws:lambda:ap-south-1:851725574897:function:iam-password-policy-update-function","ap-south-1","2025-03-02T21:32:29.934Z"
"FAILED","MEDIUM","NEW","010438507550","arn:aws:lambda:ap-south-1:010438507550:function:iam-password-policy-update-function","ap-south-1","2025-03-02T21:27:24.731Z"
"FAILED","MEDIUM","NEW","654654362576","arn:aws:lambda:ap-south-1:654654362576:function:iam-password-policy-update-function","ap-south-1","2025-03-02T20:10:43.239Z"
"FAILED","MEDIUM","NEW","211125359537","arn:aws:lambda:ap-south-1:211125359537:function:iam-password-policy-update-function","ap-south-1","2025-03-02T18:48:45.790Z"
"FAILED","MEDIUM","NEW","905418263290","arn:aws:lambda:ap-south-1:905418263290:function:iam-password-policy-update-function","ap-south-1","2025-03-02T18:45:42.408Z"