﻿"Compliance Status","Severity","Workflow","Account","Resource","Region","Updated"
"FAILED","MEDIUM","SUPPRESSED","438465139527","AWS::::Account:438465139527","ap-south-1","2025-03-03T10:13:57.153Z"
"FAILED","MEDIUM","SUPPRESSED","783764575149","AWS::::Account:783764575149","ap-south-1","2025-03-03T10:06:15.918Z"
"FAILED","MEDIUM","RESOLVED","637423293078","AWS::::Account:637423293078","ap-south-1","2025-03-03T09:58:55.077Z"
"FAILED","MEDIUM","RESOLVED","381492007402","AWS::::Account:381492007402","ap-south-1","2025-03-03T09:56:51.340Z"
"FAILED","MEDIUM","RESOLVED","851725574897","AWS::::Account:851725574897","ap-south-1","2025-03-03T09:32:29.927Z"
"FAILED","MEDIUM","RESOLVED","010438507550","AWS::::Account:010438507550","ap-south-1","2025-03-03T09:27:21.784Z"
"FAILED","MEDIUM","RESOLVED","637423423802","AWS::::Account:637423423802","ap-south-1","2025-03-03T08:31:29.019Z"
"FAILED","MEDIUM","RESOLVED","992382517861","AWS::::Account:992382517861","ap-south-1","2025-03-03T08:18:15.644Z"
"FAILED","MEDIUM","RESOLVED","654654362576","AWS::::Account:654654362576","ap-south-1","2025-03-03T08:10:46.796Z"
"FAILED","MEDIUM","RESOLVED","058264497265","AWS::::Account:058264497265","ap-south-1","2025-03-03T07:14:21.843Z"
"FAILED","MEDIUM","RESOLVED","975050234854","AWS::::Account:975050234854","ap-south-1","2025-03-03T06:55:29.907Z"
"FAILED","MEDIUM","RESOLVED","211125359537","AWS::::Account:211125359537","ap-south-1","2025-03-03T06:48:53.736Z"
"FAILED","MEDIUM","RESOLVED","905418263290","AWS::::Account:905418263290","ap-south-1","2025-03-03T06:45:56.733Z"
"FAILED","MEDIUM","RESOLVED","905418067875","AWS::::Account:905418067875","ap-south-1","2025-03-03T00:15:46.407Z"
"FAILED","MEDIUM","RESOLVED","010438507630","AWS::::Account:010438507630","ap-south-1","2025-03-02T12:44:35.620Z"
"FAILED","MEDIUM","RESOLVED","992382403372","AWS::::Account:992382403372","ap-south-1","2025-03-02T12:30:09.589Z"
"FAILED","MEDIUM","RESOLVED","637423615990","AWS::::Account:637423615990","ap-south-1","2025-03-02T12:01:32.052Z"