﻿"Compliance Status","Severity","Workflow","Account","Resource","Region","Updated"
"FAILED","MEDIUM","NEW","905418263290","arn:aws:rds:ap-south-1:905418263290:cluster:hmcl-cv-dev-app-cluster","ap-south-1","2025-03-03T06:45:58.463Z"
"FAILED","MEDIUM","NEW","905418263290","arn:aws:rds:ap-south-1:905418263290:cluster:hmcl-cv-dev-esync-cluster","ap-south-1","2025-03-03T06:45:58.462Z"
"FAILED","MEDIUM","NEW","010438507550","arn:aws:rds:ap-south-1:010438507550:cluster:hmcl-cv-qa-esync-cluster","ap-south-1","2025-03-03T03:27:33.908Z"
"FAILED","MEDIUM","NEW","010438507550","arn:aws:rds:ap-south-1:010438507550:cluster:hmcl-cv-qa-app-cluster-new","ap-south-1","2025-03-03T03:27:33.908Z"
"FAILED","MEDIUM","NEW","637423423802","arn:aws:rds:ap-south-1:637423423802:cluster:hmcl-cv-uat-esync-cluster","ap-south-1","2025-03-03T02:31:23.410Z"
"FAILED","MEDIUM","NEW","637423423802","arn:aws:rds:ap-south-1:637423423802:cluster:hmcl-cv-uat-app-cluster","ap-south-1","2025-03-02T20:31:18.407Z"
"FAILED","MEDIUM","NEW","905418263290","arn:aws:rds:ap-south-1:905418263290:cluster:hmcl-cv-dev-api-cluster","ap-south-1","2025-03-02T18:45:52.618Z"