﻿"Compliance Status","Severity","Workflow","Account","Resource","Region","Updated"
"FAILED","HIGH","SUPPRESSED","438465139527","arn:aws:s3:::hmcl-cv-preprod-aps1-stage-xrvc","ap-south-1","2025-03-03T10:18:17.810Z"
"FAILED","HIGH","SUPPRESSED","438465139527","arn:aws:s3:::hmcl-cv-preprod-aps1-raw-pwvs","ap-south-1","2025-03-03T10:18:01.576Z"
"FAILED","HIGH","SUPPRESSED","438465139527","arn:aws:s3:::hmcl-cv-preprod-aps1-landing-lthk","ap-south-1","2025-03-03T10:10:49.491Z"
"FAILED","HIGH","SUPPRESSED","637423293078","arn:aws:s3:::hmcl-network-terraform-state-file","ap-south-1","2025-03-03T09:58:59.617Z"
"FAILED","HIGH","SUPPRESSED","381492007402","arn:aws:s3:::hmcl-cv-security-hub-logs-bucket-ap-south-1-czzu","ap-south-1","2025-03-03T09:56:51.201Z"
"FAILED","HIGH","SUPPRESSED","851725574897","arn:aws:s3:::hmcl-cv-prod-aps1-raw-aowt","ap-south-1","2025-03-03T09:32:36.636Z"
"FAILED","HIGH","SUPPRESSED","851725574897","arn:aws:s3:::hmcl-cv-prod-aps1-stage-hcxf","ap-south-1","2025-03-03T09:32:36.635Z"
"FAILED","HIGH","SUPPRESSED","654654362576","arn:aws:s3:::hmcl-cv-uat-aps1-raw-ocsh","ap-south-1","2025-03-03T08:10:49.472Z"
"FAILED","HIGH","SUPPRESSED","211125359537","arn:aws:s3:::hmcl-cv-finding-bucket-ap-south-1-dzgo","ap-south-1","2025-03-03T06:48:54.913Z"
"FAILED","HIGH","SUPPRESSED","211125359537","arn:aws:s3:::hmcl-cv-security-code-bucket-ap-south-1-hbnf","ap-south-1","2025-03-03T06:48:54.913Z"
"FAILED","HIGH","SUPPRESSED","637423615990","arn:aws:s3:::hmcl-cv-dev-aps1-landing-hkpg","ap-south-1","2025-03-03T04:29:00.267Z"
"FAILED","HIGH","SUPPRESSED","637423615990","arn:aws:s3:::hmcl-cv-dev-aps1-raw-ivvr","ap-south-1","2025-03-03T04:29:00.267Z"
"FAILED","HIGH","SUPPRESSED","851725574897","arn:aws:s3:::hmcl-cv-prod-aps1-landing-wyju","ap-south-1","2025-03-03T03:32:29.214Z"
"FAILED","HIGH","SUPPRESSED","654654362576","arn:aws:s3:::hmcl-cv-uat-aps1-stage-dyek","ap-south-1","2025-03-03T02:10:45.439Z"
"FAILED","HIGH","SUPPRESSED","654654362576","arn:aws:s3:::hmcl-cv-uat-aps1-landing-nmvg","ap-south-1","2025-03-03T02:10:45.439Z"
"FAILED","HIGH","SUPPRESSED","010438507630","arn:aws:s3:::hmcl-cv-qa-aps1-landing-ohlr","ap-south-1","2025-03-02T22:42:13.498Z"
"FAILED","HIGH","SUPPRESSED","637423615990","arn:aws:s3:::hmcl-cv-dev-aps1-stage-afxu","ap-south-1","2025-03-02T22:29:00.964Z"
"FAILED","HIGH","SUPPRESSED","010438507630","arn:aws:s3:::hmcl-cv-qa-aps1-raw-fjse","ap-south-1","2025-03-02T16:42:03.599Z"
"FAILED","HIGH","SUPPRESSED","010438507630","arn:aws:s3:::hmcl-cv-qa-aps1-stage-ihql","ap-south-1","2025-03-02T16:42:03.598Z"