﻿Compliance Status,Severity,Workflow,Account,Resource,Region,Updated
FAILED,MEDIUM,NEW,9.92382E+11,arn:aws:s3:::cf-templates-11srxbm4psvf2-ap-south-1,ap-south-1,2025-03-03T10:51:04.266Z
FAILED,MEDIUM,NEW,9.92382E+11,arn:aws:s3:::grafana-loki-network-chunks,ap-south-1,2025-03-03T10:51:04.265Z
FAILED,MEDIUM,NEW,9.92382E+11,arn:aws:s3:::hmcl-fgtvm-firewall-backups-bucket,ap-south-1,2025-03-03T10:51:04.265Z
FAILED,MEDIUM,NEW,010438507630,arn:aws:s3:::hmcl-cv-qa-aps1-supportcase-jlts,ap-south-1,2025-03-03T10:42:07.083Z
FAILED,MEDIUM,NEW,010438507630,arn:aws:s3:::cf-templates-pzadzb2v4311-ap-south-1,ap-south-1,2025-03-03T10:42:07.083Z
FAILED,MEDIUM,NEW,6.37424E+11,arn:aws:s3:::hmcl-cv-dev-aps1-stage-afxu,ap-south-1,2025-03-03T10:28:55.264Z
FAILED,MEDIUM,NEW,6.37424E+11,arn:aws:s3:::hmcl-cv-dev-aps1-landing-hkpg,ap-south-1,2025-03-03T10:28:55.264Z
FAILED,MEDIUM,SUPPRESSED,4.38465E+11,arn:aws:s3:::hmcl-cv-preprod-aps1-raw-pwvs,ap-south-1,2025-03-03T10:18:13.023Z
FAILED,MEDIUM,SUPPRESSED,4.38465E+11,arn:aws:s3:::hmcl-cv-preprod-aps1-stage-xrvc,ap-south-1,2025-03-03T10:18:13.023Z
FAILED,MEDIUM,SUPPRESSED,4.38465E+11,arn:aws:s3:::hmcl-cv-preprod-aps1-landing-lthk,ap-south-1,2025-03-03T10:10:44.986Z
FAILED,MEDIUM,NEW,6.37423E+11,arn:aws:s3:::hmcl-central-vpc-flow-log-bucket,ap-south-1,2025-03-03T09:58:50.914Z
FAILED,MEDIUM,NEW,6.37423E+11,arn:aws:s3:::cf-templates-1fxcsvzdbu0f2-ap-south-1,ap-south-1,2025-03-03T09:58:50.914Z
FAILED,MEDIUM,NEW,3.81492E+11,arn:aws:s3:::hmcl-cv-guardduty-logs-bucket-ap-south-1-vwuz,ap-south-1,2025-03-03T09:56:56.968Z
FAILED,MEDIUM,NEW,8.51726E+11,arn:aws:s3:::hmcl-cv-prod-aps1-stage-hcxf,ap-south-1,2025-03-03T09:32:40.691Z
FAILED,MEDIUM,NEW,8.51726E+11,arn:aws:s3:::cf-templates-191e0ktwdbeug-ap-south-1,ap-south-1,2025-03-03T09:32:40.691Z
FAILED,MEDIUM,NEW,010438507550,arn:aws:s3:::hmcl-cv-qa-aps1-ota-campaign-bucket-lxhi,ap-south-1,2025-03-03T09:27:34.138Z
FAILED,MEDIUM,NEW,010438507550,arn:aws:s3:::hmcl-cv-qa-aps1-file-mgmt-default-huup,ap-south-1,2025-03-03T09:27:34.138Z
FAILED,MEDIUM,NEW,010438507550,arn:aws:s3:::hmcl-cv-qa-aps1-debezium-connector-bucket-yvqy,ap-south-1,2025-03-03T09:27:34.138Z
FAILED,MEDIUM,NEW,010438507550,arn:aws:s3:::cf-templates-g72hhe3d3hwj-ap-south-1,ap-south-1,2025-03-03T09:27:34.138Z
FAILED,MEDIUM,NEW,010438507550,arn:aws:s3:::aws-glue-assets-010438507550-ap-south-1,ap-south-1,2025-03-03T09:27:34.138Z
FAILED,MEDIUM,NEW,010438507550,arn:aws:s3:::grafana-loki-qa-ruler,ap-south-1,2025-03-03T09:27:34.137Z
FAILED,MEDIUM,NEW,010438507550,arn:aws:s3:::hmcl-cv-qa-aps1-back-office-vehicle-provisioning-gfxr,ap-south-1,2025-03-03T09:27:34.137Z
FAILED,MEDIUM,NEW,6.37423E+11,arn:aws:s3:::hmcl-cv-uat-aps1-glue-bucket-zezz,ap-south-1,2025-03-03T08:31:29.037Z
FAILED,MEDIUM,NEW,6.37423E+11,arn:aws:s3:::hmcl-cv-uat-aps1-jar-bucket-iyzq,ap-south-1,2025-03-03T08:31:29.037Z
FAILED,MEDIUM,NEW,6.37423E+11,arn:aws:s3:::hmcl-cv-uat-aps1-thor-logs-bucket-jkcx,ap-south-1,2025-03-03T08:31:29.037Z
FAILED,MEDIUM,NEW,6.37423E+11,arn:aws:s3:::hmcl-cv-uat-aps1-campaign-bucket-tnov,ap-south-1,2025-03-03T08:31:29.037Z
FAILED,MEDIUM,NEW,6.37423E+11,arn:aws:s3:::hmcl-cv-uat-aps1-sovd-data-bucket-utja,ap-south-1,2025-03-03T08:31:29.037Z
FAILED,MEDIUM,NEW,6.37423E+11,arn:aws:s3:::hmcl-cv-uat-aps1-load-testing-poc-vfsv,ap-south-1,2025-03-03T08:31:29.036Z
FAILED,MEDIUM,NEW,6.37423E+11,arn:aws:s3:::hmcl-cv-uat-aps1-back-office-vehicle-provisioning-mjzz,ap-south-1,2025-03-03T07:36:22.190Z
FAILED,MEDIUM,NEW,6.37423E+11,arn:aws:s3:::hmcl-cv-uat-aps1-ota-components-bucket-hfti,ap-south-1,2025-03-03T07:36:06.184Z
FAILED,MEDIUM,NEW,6.37423E+11,arn:aws:s3:::hmcl-cv-uat-aps1-ota-campaign-bucket-hapk,ap-south-1,2025-03-03T07:36:06.184Z
FAILED,MEDIUM,NEW,058264497265,arn:aws:s3:::cf-templates-1lzcjx6gqc8ng-ap-south-1,ap-south-1,2025-03-03T07:14:26.505Z
FAILED,MEDIUM,NEW,058264497265,arn:aws:s3:::config-bucket-058264497265,ap-south-1,2025-03-03T07:14:26.505Z
FAILED,MEDIUM,NEW,9.7505E+11,arn:aws:s3:::cf-templates-1cr1wwbdjy2n6-ap-south-1,ap-south-1,2025-03-03T06:55:28.060Z
FAILED,MEDIUM,NEW,2.11125E+11,arn:aws:s3:::hmcl-cv-finding-bucket-ap-south-1-dzgo,ap-south-1,2025-03-03T06:48:53.466Z
FAILED,MEDIUM,NEW,9.05418E+11,arn:aws:s3:::hmcl-cv-dev-aps1-file-mgmt-default-uatg,ap-south-1,2025-03-03T06:45:55.413Z
FAILED,MEDIUM,NEW,9.05418E+11,arn:aws:s3:::hmcl-cv-dev-aps1-thor-logs-bucket-pzxk,ap-south-1,2025-03-03T06:45:55.413Z
FAILED,MEDIUM,NEW,9.05418E+11,arn:aws:s3:::grafana-loki-dev-ruler,ap-south-1,2025-03-03T06:45:55.412Z
FAILED,MEDIUM,NEW,9.05418E+11,arn:aws:s3:::hmcl-cv-dev-aps1-lb-audit-logs-qosa,ap-south-1,2025-03-03T06:45:55.412Z
FAILED,MEDIUM,NEW,9.05418E+11,arn:aws:s3:::aws-glue-assets-905418263290-ap-south-1,ap-south-1,2025-03-03T06:45:55.412Z
FAILED,MEDIUM,NEW,9.05418E+11,arn:aws:s3:::nlb-logs-temp-sdfkfk,ap-south-1,2025-03-03T06:45:55.412Z
FAILED,MEDIUM,NEW,9.05418E+11,arn:aws:s3:::cf-templates-1wq09dw337lf6-ap-south-1,ap-south-1,2025-03-03T06:15:35.834Z
FAILED,MEDIUM,SUPPRESSED,4.38465E+11,arn:aws:s3:::hmcl-cv-apps-vpc-flow-logs-zzaa,ap-south-1,2025-03-03T06:12:25.029Z
FAILED,MEDIUM,NEW,9.92382E+11,arn:aws:s3:::hmcl-lb-logs,ap-south-1,2025-03-03T04:51:02.981Z
FAILED,MEDIUM,NEW,6.37424E+11,arn:aws:s3:::cvp-thor-hmcl-lf-ap-south-1,ap-south-1,2025-03-03T04:28:58.673Z
FAILED,MEDIUM,NEW,6.37424E+11,arn:aws:s3:::cf-templates-15h62t7lvsmra-ap-south-1,ap-south-1,2025-03-03T04:28:58.673Z
FAILED,MEDIUM,NEW,6.37424E+11,arn:aws:s3:::aws-glue-assets-637423615990-ap-south-1,ap-south-1,2025-03-03T04:28:58.673Z
FAILED,MEDIUM,NEW,6.37424E+11,arn:aws:s3:::hmcl-cv-dev-aps1-raw-ivvr,ap-south-1,2025-03-03T04:28:58.672Z
FAILED,MEDIUM,NEW,6.37423E+11,arn:aws:s3:::hmcl-network-terraform-state-file,ap-south-1,2025-03-03T03:59:01.718Z
FAILED,MEDIUM,NEW,6.37423E+11,arn:aws:s3:::hmcl-cv-sharedtenant-thor-terragrunt-statefile-bucket,ap-south-1,2025-03-03T03:59:01.718Z
FAILED,MEDIUM,NEW,3.81492E+11,arn:aws:s3:::aws-controltower-s3-access-logs-381492007402-ap-south-1,ap-south-1,2025-03-03T03:56:51.513Z
FAILED,MEDIUM,NEW,3.81492E+11,arn:aws:s3:::hmcl-cv-security-hub-logs-bucket-ap-south-1-czzu,ap-south-1,2025-03-03T03:56:51.513Z
FAILED,MEDIUM,NEW,3.81492E+11,arn:aws:s3:::hmcl-cv-networking-logs-bucket-ap-south-1-qght,ap-south-1,2025-03-03T03:56:51.512Z
FAILED,MEDIUM,SUPPRESSED,7.83765E+11,arn:aws:s3:::hmcl-cv-apps-vpc-flow-logs-vuwd,ap-south-1,2025-03-03T03:52:38.300Z
FAILED,MEDIUM,NEW,8.51726E+11,arn:aws:s3:::hmcl-cv-prod-aps1-raw-aowt,ap-south-1,2025-03-03T03:32:31.098Z
FAILED,MEDIUM,NEW,8.51726E+11,arn:aws:s3:::hmcl-cv-prod-aps1-landing-wyju,ap-south-1,2025-03-03T03:32:31.097Z
FAILED,MEDIUM,NEW,010438507550,arn:aws:s3:::hmcl-cv-qa-aps1-fusa-data-bucket-tbfe,ap-south-1,2025-03-03T03:27:24.316Z
FAILED,MEDIUM,NEW,010438507550,arn:aws:s3:::hmcl-cv-qa-aps1-glue-bucket-przb,ap-south-1,2025-03-03T03:27:24.316Z
FAILED,MEDIUM,NEW,010438507550,arn:aws:s3:::hmcl-cv-qa-aps1-lks-protobuf-bucket-lulk,ap-south-1,2025-03-03T03:27:24.316Z
FAILED,MEDIUM,NEW,010438507550,arn:aws:s3:::hmcl-cv-qa-aps1-ota-components-bucket-vebl,ap-south-1,2025-03-03T03:27:24.316Z
FAILED,MEDIUM,NEW,010438507550,arn:aws:s3:::hmcl-cv-qa-aps1-flink-code-bucket-dviv,ap-south-1,2025-03-03T03:27:24.316Z
FAILED,MEDIUM,NEW,010438507550,arn:aws:s3:::hmcl-cv-qa-aps1-sovd-data-bucket-ritx,ap-south-1,2025-03-03T03:27:24.316Z
FAILED,MEDIUM,NEW,010438507550,arn:aws:s3:::hmcl-cv-qa-aps1-lb-audit-logs-zozw,ap-south-1,2025-03-03T03:27:24.315Z
FAILED,MEDIUM,NEW,010438507550,arn:aws:s3:::load-testing-poc,ap-south-1,2025-03-03T03:27:24.315Z
FAILED,MEDIUM,NEW,6.37423E+11,arn:aws:s3:::hmcl-cv-uat-aps1-trip-route-ev-opyq,ap-south-1,2025-03-03T02:31:20.635Z
FAILED,MEDIUM,NEW,6.37423E+11,arn:aws:s3:::hmcl-cv-uat-aps1-lambda-code-bucket-gvdp,ap-south-1,2025-03-03T02:31:20.635Z
FAILED,MEDIUM,NEW,6.37423E+11,arn:aws:s3:::hmcl-cv-uat-aps1-file-mgmt-default-xhkl,ap-south-1,2025-03-03T02:31:20.635Z
FAILED,MEDIUM,NEW,6.37423E+11,arn:aws:s3:::grafana-loki-uat-chunks,ap-south-1,2025-03-03T02:31:20.635Z
FAILED,MEDIUM,NEW,6.37423E+11,arn:aws:s3:::hmcl-cv-uat-aps1-flink-code-bucket-gwwn,ap-south-1,2025-03-03T02:31:20.635Z
FAILED,MEDIUM,NEW,6.37423E+11,arn:aws:s3:::hmcl-cv-uat-aps1-esync-sovd-bucket-jetp,ap-south-1,2025-03-03T02:31:20.635Z
FAILED,MEDIUM,NEW,9.92383E+11,arn:aws:s3:::cf-templates-10e7w1sewh811-ap-south-1,ap-south-1,2025-03-03T02:18:14.778Z
FAILED,MEDIUM,NEW,6.54654E+11,arn:aws:s3:::cf-templates-ejtgj38si1e7-ap-south-1,ap-south-1,2025-03-03T02:10:45.592Z
FAILED,MEDIUM,NEW,6.54654E+11,arn:aws:s3:::hmcl-cv-uat-aps1-accesslogs-ejfw,ap-south-1,2025-03-03T02:10:45.592Z
FAILED,MEDIUM,NEW,058264497265,arn:aws:s3:::hmcl-cv-billing-reports,ap-south-1,2025-03-03T01:14:20.906Z
FAILED,MEDIUM,NEW,9.7505E+11,arn:aws:s3:::ubuntuvmimage,ap-south-1,2025-03-03T00:55:28.119Z
FAILED,MEDIUM,NEW,2.11125E+11,arn:aws:s3:::cf-templates-ktw7usa2py7a-ap-south-1,ap-south-1,2025-03-03T00:48:56.614Z
FAILED,MEDIUM,NEW,2.11125E+11,arn:aws:s3:::hmcl-cv-security-code-bucket-ap-south-1-hbnf,ap-south-1,2025-03-03T00:48:56.614Z
FAILED,MEDIUM,NEW,9.05418E+11,arn:aws:s3:::hmcl-cv-dev-aps1-ota-csv-bucket-qylf,ap-south-1,2025-03-03T00:45:59.850Z
FAILED,MEDIUM,NEW,9.05418E+11,arn:aws:s3:::hmcl-cv-dev-aps1-trip-route-ev-sbyq,ap-south-1,2025-03-03T00:45:59.850Z
FAILED,MEDIUM,NEW,9.05418E+11,arn:aws:s3:::hmcl-cv-dev-aps1-glue-bucket-fpfc,ap-south-1,2025-03-03T00:45:59.850Z
FAILED,MEDIUM,NEW,9.05418E+11,arn:aws:s3:::hmcl-cv-dev-aps1-debezium-connector-bucket-xmia,ap-south-1,2025-03-03T00:45:59.850Z
FAILED,MEDIUM,NEW,9.05418E+11,arn:aws:s3:::hmcl-cv-dev-aps1-fusa-data-bucket-nkbk,ap-south-1,2025-03-03T00:45:59.850Z
FAILED,MEDIUM,NEW,9.05418E+11,arn:aws:s3:::hmcl-cv-dev-aps1-campaign-bucket-qjlm,ap-south-1,2025-03-03T00:45:59.849Z
FAILED,MEDIUM,NEW,9.05418E+11,arn:aws:s3:::cf-templates-10ewnmw9a69vr-ap-south-1,ap-south-1,2025-03-03T00:45:59.849Z
FAILED,MEDIUM,NEW,9.05418E+11,arn:aws:s3:::hmcl-cv-dev-aps1-lks-protobuf-bucket-bjlp,ap-south-1,2025-03-03T00:45:59.849Z
FAILED,MEDIUM,NEW,9.05418E+11,arn:aws:s3:::hmcl-cv-dev-aps1-sovd-data-bucket-hjhw,ap-south-1,2025-03-03T00:45:59.849Z
FAILED,MEDIUM,NEW,9.05418E+11,arn:aws:s3:::hmcl-cv-dev-aps1-ota-campaign-bucket-utuv,ap-south-1,2025-03-03T00:45:59.849Z
FAILED,MEDIUM,NEW,9.05418E+11,arn:aws:s3:::hmcl-cv-dev-aps1-lambda-code-bucket-npme,ap-south-1,2025-03-03T00:45:59.849Z
FAILED,MEDIUM,NEW,9.92382E+11,arn:aws:s3:::grafana-loki-network-ruler,ap-south-1,2025-03-02T22:51:04.891Z
FAILED,MEDIUM,NEW,3.81492E+11,arn:aws:s3:::cf-templates-i79tuw10xx6w-ap-south-1,ap-south-1,2025-03-02T21:56:49.801Z
FAILED,MEDIUM,NEW,010438507550,arn:aws:s3:::hmcl-cv-qa-aps1-trip-route-ev-cfpn,ap-south-1,2025-03-02T21:27:36.668Z
FAILED,MEDIUM,NEW,010438507550,arn:aws:s3:::hmcl-cv-qa-aps1-landing-hkpg,ap-south-1,2025-03-02T21:27:36.668Z
FAILED,MEDIUM,NEW,010438507550,arn:aws:s3:::hmcl-cv-qa-aps1-jar-bucket-didr,ap-south-1,2025-03-02T21:27:36.668Z
FAILED,MEDIUM,NEW,010438507550,arn:aws:s3:::hmcl-cv-qa-aps1-thor-logs-bucket-zydu,ap-south-1,2025-03-02T21:27:36.668Z
FAILED,MEDIUM,NEW,010438507550,arn:aws:s3:::hmcl-cv-qa-aps1-lambda-code-bucket-wkgp,ap-south-1,2025-03-02T21:27:36.668Z
FAILED,MEDIUM,NEW,010438507550,arn:aws:s3:::hmcl-cv-qa-aps1-campaign-bucket-otop,ap-south-1,2025-03-02T21:27:36.667Z
FAILED,MEDIUM,NEW,6.37423E+11,arn:aws:s3:::hmcl-cv-uat-aps1-lks-protobuf-bucket-esxc,ap-south-1,2025-03-02T20:31:22.879Z
FAILED,MEDIUM,NEW,6.37423E+11,arn:aws:s3:::cf-templates-sxpb2to4a1uq-ap-south-1,ap-south-1,2025-03-02T20:31:22.879Z
FAILED,MEDIUM,NEW,6.37423E+11,arn:aws:s3:::grafana-loki-uat-ruler,ap-south-1,2025-03-02T20:31:22.879Z
FAILED,MEDIUM,NEW,6.37423E+11,arn:aws:s3:::hmcl-cv-uat-aps1-fusa-data-bucket-veac,ap-south-1,2025-03-02T20:31:22.879Z
FAILED,MEDIUM,NEW,6.37423E+11,arn:aws:s3:::hmcl-cv-uat-aps1-debezium-connector-bucket-egjy,ap-south-1,2025-03-02T20:31:22.878Z
FAILED,MEDIUM,NEW,058264497265,arn:aws:s3:::hmcl-ou-terraform-state-file,ap-south-1,2025-03-02T19:14:25.755Z
FAILED,MEDIUM,NEW,9.05418E+11,arn:aws:s3:::hmcl-cv-dev-aps1-back-office-vehicle-provisioning-rzvz,ap-south-1,2025-03-02T18:45:59.896Z
FAILED,MEDIUM,NEW,9.05418E+11,arn:aws:s3:::hmcl-cv-dev-aps1-jar-bucket-zhvm,ap-south-1,2025-03-02T18:45:59.896Z
FAILED,MEDIUM,NEW,9.05418E+11,arn:aws:s3:::hmcl-cv-dev-aps1-flink-code-bucket-rqpr,ap-south-1,2025-03-02T18:45:59.896Z
FAILED,MEDIUM,NEW,9.05418E+11,arn:aws:s3:::grafana-loki-dev-chunks,ap-south-1,2025-03-02T18:45:59.896Z
FAILED,MEDIUM,NEW,9.05418E+11,arn:aws:s3:::hmcl-cv-dev-aps1-scalable-simulator-bucket-rzez,ap-south-1,2025-03-02T18:45:59.896Z
FAILED,MEDIUM,NEW,9.05418E+11,arn:aws:s3:::hmcl-cv-dev-aps1-vehicle-provisioning-unaq,ap-south-1,2025-03-02T18:45:59.895Z
FAILED,MEDIUM,NEW,9.05418E+11,arn:aws:s3:::hmcl-cv-dev-aps1-ota-components-bucket-uhui,ap-south-1,2025-03-02T18:45:59.895Z
