﻿Compliance Status,Severity,Workflow,Account,Resource,Region,Updated
FAILED,MEDIUM,SUPPRESSED,7.83765E+11,arn:aws:secretsmanager:ap-south-1:783764575149:secret:hmcl-cv-preprod-user-mgmt-app-secret-XhiHzG,ap-south-1,2025-03-03T11:29:28.560Z
FAILED,MEDIUM,SUPPRESSED,7.83765E+11,arn:aws:secretsmanager:ap-south-1:783764575149:secret:hmcl-cv-preprod-opensearch-secret-AniDnd,ap-south-1,2025-03-03T11:29:28.560Z
FAILED,MEDIUM,SUPPRESSED,7.83765E+11,arn:aws:secretsmanager:ap-south-1:783764575149:secret:test-binary-secret-preprod-IQtumt,ap-south-1,2025-03-03T11:29:28.560Z
FAILED,MEDIUM,SUPPRESSED,7.83765E+11,arn:aws:secretsmanager:ap-south-1:783764575149:secret:hmcl-cv-preprod-intermediate-cert-trigger-pwd-secret-87Dn0V,ap-south-1,2025-03-03T11:29:28.560Z
FAILED,MEDIUM,SUPPRESSED,7.83765E+11,arn:aws:secretsmanager:ap-south-1:783764575149:secret:hmcl-cv-preprod-auth-management-rds-secret-PjEkiH,ap-south-1,2025-03-03T11:29:28.559Z
FAILED,MEDIUM,SUPPRESSED,7.83765E+11,arn:aws:secretsmanager:ap-south-1:783764575149:secret:hmcl-cv-preprod-stepfunction-secret-tnSOvh,ap-south-1,2025-03-03T11:29:28.559Z
FAILED,MEDIUM,SUPPRESSED,7.83765E+11,arn:aws:secretsmanager:ap-south-1:783764575149:secret:hmcl-cv-preprod-feature-management-rds-secret-SMkKAV,ap-south-1,2025-03-03T11:29:28.559Z
FAILED,MEDIUM,SUPPRESSED,7.83765E+11,arn:aws:secretsmanager:ap-south-1:783764575149:secret:AmazonMSK_hmcl-cv-preprod-msk-secret-oQPWbX,ap-south-1,2025-03-03T11:29:28.559Z
FAILED,MEDIUM,SUPPRESSED,7.83765E+11,arn:aws:secretsmanager:ap-south-1:783764575149:secret:hmcl-cv-preprod-header-secret-enLWpy,ap-south-1,2025-03-03T11:29:28.559Z
FAILED,MEDIUM,SUPPRESSED,7.83765E+11,arn:aws:secretsmanager:ap-south-1:783764575149:secret:hmcl-cv-preprod-feature-management-app-secret-bjHEzy,ap-south-1,2025-03-03T11:29:28.558Z
FAILED,MEDIUM,SUPPRESSED,7.83765E+11,arn:aws:secretsmanager:ap-south-1:783764575149:secret:hmcl-cv-preprod-analytics-app-secret-cuFZNB,ap-south-1,2025-03-03T11:29:28.558Z
FAILED,MEDIUM,SUPPRESSED,7.83765E+11,arn:aws:secretsmanager:ap-south-1:783764575149:secret:hmcl-cv-preprod-deviceledger-secret-FtGrXN,ap-south-1,2025-03-03T11:29:28.558Z
FAILED,MEDIUM,SUPPRESSED,7.83765E+11,arn:aws:secretsmanager:ap-south-1:783764575149:secret:hmcl-cv-preprod-cognito-mail-ids-secret-Eb9xDX,ap-south-1,2025-03-03T11:29:28.558Z
FAILED,MEDIUM,SUPPRESSED,7.83765E+11,arn:aws:secretsmanager:ap-south-1:783764575149:secret:hmcl-cv-preprod-command-and-control-app-secret-HjVZGc,ap-south-1,2025-03-03T11:29:28.558Z
FAILED,MEDIUM,SUPPRESSED,7.83765E+11,arn:aws:secretsmanager:ap-south-1:783764575149:secret:hmcl-cv-preprod-file-mgmt-app-secret-8EQ5yR,ap-south-1,2025-03-03T11:29:28.558Z
FAILED,MEDIUM,SUPPRESSED,7.83765E+11,arn:aws:secretsmanager:ap-south-1:783764575149:secret:hmcl-cv-preprod-vehicle-managment-private-cert-7r8z8B,ap-south-1,2025-03-03T11:29:28.557Z
FAILED,MEDIUM,SUPPRESSED,7.83765E+11,arn:aws:secretsmanager:ap-south-1:783764575149:secret:hmcl-cv-preprod-auth-mgmt-app-secret-Bz9lwQ,ap-south-1,2025-03-03T11:29:28.557Z
FAILED,MEDIUM,SUPPRESSED,7.83765E+11,arn:aws:secretsmanager:ap-south-1:783764575149:secret:hmcl-cv-preprod-vehicle-managment-root-cert-eKzFfL,ap-south-1,2025-03-03T11:29:28.557Z
FAILED,MEDIUM,SUPPRESSED,7.83765E+11,arn:aws:secretsmanager:ap-south-1:783764575149:secret:hmcl-cv-preprod-analytics-rds-secret-9OXCvh,ap-south-1,2025-03-03T11:29:28.557Z
FAILED,MEDIUM,SUPPRESSED,7.83765E+11,arn:aws:secretsmanager:ap-south-1:783764575149:secret:hmcl-cv-preprod-scalable-simulator-AhrfvG,ap-south-1,2025-03-03T11:29:28.557Z
FAILED,MEDIUM,NEW,6.37423E+11,arn:aws:secretsmanager:ap-south-1:637423423802:secret:uat/vehicle-management/rootcerts-Jyqz8h,ap-south-1,2025-03-03T02:31:33.517Z
FAILED,MEDIUM,NEW,6.37423E+11,arn:aws:secretsmanager:ap-south-1:637423423802:secret:hmcl-cv-uat-live-tracking-app-secret-9vifEZ,ap-south-1,2025-03-03T02:31:33.516Z
FAILED,MEDIUM,NEW,6.37423E+11,arn:aws:secretsmanager:ap-south-1:637423423802:secret:uat/vehicle-management/newcert-uB8zez,ap-south-1,2025-03-03T02:31:33.516Z
FAILED,MEDIUM,NEW,6.37423E+11,arn:aws:secretsmanager:ap-south-1:637423423802:secret:hmcl-cv-uat-vehicle-managment-root-cert-K3J27F,ap-south-1,2025-03-03T02:31:33.516Z
FAILED,MEDIUM,NEW,6.37423E+11,arn:aws:secretsmanager:ap-south-1:637423423802:secret:hmcl-cv-uat-notification-app-secret-yojKz8,ap-south-1,2025-03-03T02:31:33.516Z
FAILED,MEDIUM,NEW,6.37423E+11,arn:aws:secretsmanager:ap-south-1:637423423802:secret:hmcl-cv-uat-live-tracking-rds-secret-6nQn02,ap-south-1,2025-03-03T02:31:33.516Z
FAILED,MEDIUM,NEW,6.37423E+11,arn:aws:secretsmanager:ap-south-1:637423423802:secret:hmcl-cv-uat-vehicle-ota-rd-app-secret-ktZgOq,ap-south-1,2025-03-03T02:31:33.516Z
FAILED,MEDIUM,NEW,6.37423E+11,arn:aws:secretsmanager:ap-south-1:637423423802:secret:hmcl-cv-uat-user-mgmt-app-secret-eSbe0l,ap-south-1,2025-03-03T02:31:33.516Z
FAILED,MEDIUM,NEW,6.37423E+11,arn:aws:secretsmanager:ap-south-1:637423423802:secret:hmcl-cv-uat-esync-ota-uat-secret-WSyBOR,ap-south-1,2025-03-03T02:31:33.515Z
FAILED,MEDIUM,NEW,6.37423E+11,arn:aws:secretsmanager:ap-south-1:637423423802:secret:hmcl-cv-uat-feature-management-app-secret-hcrV39,ap-south-1,2025-03-03T02:31:33.515Z
FAILED,MEDIUM,NEW,6.37423E+11,arn:aws:secretsmanager:ap-south-1:637423423802:secret:hmcl-cv-uat-live-location-ui-app-secret-WBPy02,ap-south-1,2025-03-03T02:31:33.515Z
FAILED,MEDIUM,NEW,6.37423E+11,arn:aws:secretsmanager:ap-south-1:637423423802:secret:hmcl-cv-uat-debezium-rds-user-secret-ube6cR,ap-south-1,2025-03-03T02:31:33.515Z
FAILED,MEDIUM,NEW,6.37423E+11,arn:aws:secretsmanager:ap-south-1:637423423802:secret:hmcl-cv-uat-opensearch-secret-e9Z1nP,ap-south-1,2025-03-03T02:31:33.515Z
FAILED,MEDIUM,NEW,6.37423E+11,arn:aws:secretsmanager:ap-south-1:637423423802:secret:hmcl-cv-uat-backoffice-ui-app-secret-fRT2q4,ap-south-1,2025-03-03T02:31:33.515Z
FAILED,MEDIUM,NEW,6.37423E+11,arn:aws:secretsmanager:ap-south-1:637423423802:secret:hmcl-cv-uat-deviceledger-secret-jjOTAn,ap-south-1,2025-03-03T02:31:33.514Z
FAILED,MEDIUM,NEW,6.37423E+11,arn:aws:secretsmanager:ap-south-1:637423423802:secret:hmcl-cv-uat-kms-key-secret-TJ8HbD,ap-south-1,2025-03-03T02:31:33.514Z
FAILED,MEDIUM,NEW,6.37423E+11,arn:aws:secretsmanager:ap-south-1:637423423802:secret:hmcl-cv-uat-auth-management-rds-secret-IAzuQ5,ap-south-1,2025-03-03T02:31:33.514Z
FAILED,MEDIUM,NEW,6.37423E+11,arn:aws:secretsmanager:ap-south-1:637423423802:secret:hmcl-cv-uat-file-mgmt-app-secret-5MVcx0,ap-south-1,2025-03-03T02:31:33.514Z
FAILED,MEDIUM,NEW,6.37423E+11,arn:aws:secretsmanager:ap-south-1:637423423802:secret:hmcl-cv-uat-analytics-app-secret-NQ9Hrb,ap-south-1,2025-03-03T02:31:33.514Z
FAILED,MEDIUM,NEW,9.92383E+11,arn:aws:secretsmanager:ap-south-1:992382517861:secret:hmcl-cv-prod-redis-auth-token-secret-eYIhRN,ap-south-1,2025-03-03T02:18:11.188Z
FAILED,MEDIUM,NEW,9.92383E+11,arn:aws:secretsmanager:ap-south-1:992382517861:secret:hmcl-cv-prod-vehicle-managment-root-cert-6jND5u,ap-south-1,2025-03-03T02:18:11.188Z
FAILED,MEDIUM,NEW,9.92383E+11,arn:aws:secretsmanager:ap-south-1:992382517861:secret:hmcl-cv-prod-vehicle-provisioning-rds-secret-RYOOKP,ap-south-1,2025-03-03T02:18:11.188Z
FAILED,MEDIUM,NEW,9.92383E+11,arn:aws:secretsmanager:ap-south-1:992382517861:secret:hmcl-cv-prod-vehicle-managment-private-cert-l5SPyR,ap-south-1,2025-03-03T02:18:11.188Z
FAILED,MEDIUM,NEW,9.92383E+11,arn:aws:secretsmanager:ap-south-1:992382517861:secret:hmcl-cv-prod-location-app-secret-6jND5u,ap-south-1,2025-03-03T02:18:11.187Z
FAILED,MEDIUM,NEW,9.92383E+11,arn:aws:secretsmanager:ap-south-1:992382517861:secret:hmcl-cv-prod-rdsuser-secret-phVsEW,ap-south-1,2025-03-03T02:18:11.187Z
FAILED,MEDIUM,NEW,9.92383E+11,arn:aws:secretsmanager:ap-south-1:992382517861:secret:hmcl-cv-prod-backoffice-ui-app-secret-wzANFD,ap-south-1,2025-03-03T02:18:11.187Z
FAILED,MEDIUM,NEW,9.92383E+11,arn:aws:secretsmanager:ap-south-1:992382517861:secret:hmcl-cv-prod-file-mgmt-app-secret-lfEBoU,ap-south-1,2025-03-03T02:18:11.187Z
FAILED,MEDIUM,NEW,9.92383E+11,arn:aws:secretsmanager:ap-south-1:992382517861:secret:hmcl-cv-prod-opensearch-readonly-user-secret-MlHhDs,ap-south-1,2025-03-03T02:18:11.187Z
FAILED,MEDIUM,NEW,9.92383E+11,arn:aws:secretsmanager:ap-south-1:992382517861:secret:hmcl-cv-prod-live-tracking-rds-secret-4cCJsp,ap-south-1,2025-03-03T02:18:11.187Z
FAILED,MEDIUM,NEW,9.92383E+11,arn:aws:secretsmanager:ap-south-1:992382517861:secret:hmcl-cv-prod-notification-app-secret-GWBn0K,ap-south-1,2025-03-03T02:18:11.187Z
FAILED,MEDIUM,NEW,9.92383E+11,arn:aws:secretsmanager:ap-south-1:992382517861:secret:hmcl-cv-prod-auth-management-rds-secret-aUpqAN,ap-south-1,2025-03-03T02:18:11.186Z
FAILED,MEDIUM,NEW,9.92383E+11,arn:aws:secretsmanager:ap-south-1:992382517861:secret:hmcl-cv-prod-geofence-ftr-code-secret-72E5hi,ap-south-1,2025-03-03T02:18:11.186Z
FAILED,MEDIUM,NEW,9.92383E+11,arn:aws:secretsmanager:ap-south-1:992382517861:secret:hmcl-cv-prod-esync-ota-uat-secret-XRnfKe,ap-south-1,2025-03-03T02:18:11.186Z
FAILED,MEDIUM,NEW,9.92383E+11,arn:aws:secretsmanager:ap-south-1:992382517861:secret:hmcl-cv-prod-claim-certificate-NWyXwN,ap-south-1,2025-03-03T02:18:11.186Z
FAILED,MEDIUM,NEW,9.92383E+11,arn:aws:secretsmanager:ap-south-1:992382517861:secret:hmcl-cv-prod-command-and-control-app-secret-Xa6ZfU,ap-south-1,2025-03-03T02:18:11.186Z
FAILED,MEDIUM,NEW,9.05418E+11,arn:aws:secretsmanager:ap-south-1:905418263290:secret:hmcl-cv-dev-vehicle-ota-rd-app-secret-R89Vyr,ap-south-1,2025-03-03T00:46:04.453Z
FAILED,MEDIUM,NEW,9.05418E+11,arn:aws:secretsmanager:ap-south-1:905418263290:secret:hmcl-cv-dev-redis-auth-token-secret-2MTZyw,ap-south-1,2025-03-03T00:46:04.453Z
FAILED,MEDIUM,NEW,9.05418E+11,arn:aws:secretsmanager:ap-south-1:905418263290:secret:hmcl-cv-dev-vehicle-reports-app-secret-rviMDA,ap-south-1,2025-03-03T00:46:04.453Z
FAILED,MEDIUM,NEW,9.05418E+11,arn:aws:secretsmanager:ap-south-1:905418263290:secret:hmcl-cv-dev-overspeed-cmd-code-secret-PchKt5,ap-south-1,2025-03-03T00:46:04.453Z
FAILED,MEDIUM,NEW,9.05418E+11,arn:aws:secretsmanager:ap-south-1:905418263290:secret:hmcl-cv-dev-snowflake-readonly-secret-0q2AXI,ap-south-1,2025-03-03T00:46:04.453Z
FAILED,MEDIUM,NEW,9.05418E+11,arn:aws:secretsmanager:ap-south-1:905418263290:secret:hmcl-cv-dev-device-ledger-secret-QhdGeW,ap-south-1,2025-03-03T00:46:04.452Z
FAILED,MEDIUM,NEW,9.05418E+11,arn:aws:secretsmanager:ap-south-1:905418263290:secret:hmcl-cv-dev-file-management-app-secret-BvtYaD,ap-south-1,2025-03-03T00:46:04.452Z
FAILED,MEDIUM,NEW,9.05418E+11,arn:aws:secretsmanager:ap-south-1:905418263290:secret:hmcl-cv-dev-esync-component-signcerts-secret-d76czS,ap-south-1,2025-03-03T00:46:04.452Z
FAILED,MEDIUM,NEW,9.05418E+11,arn:aws:secretsmanager:ap-south-1:905418263290:secret:dev/auth/secrets-TuX7NH,ap-south-1,2025-03-03T00:46:04.452Z
FAILED,MEDIUM,NEW,9.05418E+11,arn:aws:secretsmanager:ap-south-1:905418263290:secret:hmcl-cv-dev-pinpoint-gcm-secret-aXs9al,ap-south-1,2025-03-03T00:46:04.452Z
FAILED,MEDIUM,NEW,9.05418E+11,arn:aws:secretsmanager:ap-south-1:905418263290:secret:hmcl-cv-dev-vehicle-provisioning-app-secret-zNbmjm,ap-south-1,2025-03-03T00:46:04.452Z
FAILED,MEDIUM,NEW,9.05418E+11,arn:aws:secretsmanager:ap-south-1:905418263290:secret:dev/vehicle-management/rootcerts-3HO5Un,ap-south-1,2025-03-03T00:46:04.452Z
FAILED,MEDIUM,NEW,9.05418E+11,arn:aws:secretsmanager:ap-south-1:905418263290:secret:hmcl-cv-dev-live-tracking-app-secret-BJSPoI,ap-south-1,2025-03-03T00:46:04.451Z
FAILED,MEDIUM,NEW,9.05418E+11,arn:aws:secretsmanager:ap-south-1:905418263290:secret:hmcl-cv-dev-header-secret-swcZUD,ap-south-1,2025-03-03T00:46:04.451Z
FAILED,MEDIUM,NEW,9.05418E+11,arn:aws:secretsmanager:ap-south-1:905418263290:secret:dev/vehicleprovisioning/config-xl34NE,ap-south-1,2025-03-03T00:46:04.451Z
FAILED,MEDIUM,NEW,9.05418E+11,arn:aws:secretsmanager:ap-south-1:905418263290:secret:dev/file-management/config-new-O3iPkd,ap-south-1,2025-03-03T00:46:04.451Z
FAILED,MEDIUM,NEW,9.05418E+11,arn:aws:secretsmanager:ap-south-1:905418263290:secret:dev/deviceledger/config-kTvESf,ap-south-1,2025-03-03T00:46:04.451Z
FAILED,MEDIUM,NEW,9.05418E+11,arn:aws:secretsmanager:ap-south-1:905418263290:secret:hmcl-cv-dev-intermediate-cert-trigger-pwd-secret-K5cqyA,ap-south-1,2025-03-03T00:46:04.451Z
FAILED,MEDIUM,NEW,9.05418E+11,arn:aws:secretsmanager:ap-south-1:905418263290:secret:hmcl-cv-dev-backoffice-ui-app-secret-AtULp1,ap-south-1,2025-03-03T00:46:04.451Z
FAILED,MEDIUM,NEW,9.05418E+11,arn:aws:secretsmanager:ap-south-1:905418263290:secret:hmcl-cv-dev-esync-ota-dev-secret-wdcYwQ,ap-south-1,2025-03-03T00:46:04.450Z
FAILED,MEDIUM,NEW,9.05418E+11,arn:aws:secretsmanager:ap-south-1:905418263290:secret:hmcl-cv-dev-auth-management-app-secret-MtqcKC,ap-south-1,2025-03-03T00:46:04.450Z
FAILED,MEDIUM,NEW,9.05418E+11,arn:aws:secretsmanager:ap-south-1:905418263290:secret:dev/command_control/config-5Mqxx2,ap-south-1,2025-03-03T00:46:04.450Z
FAILED,MEDIUM,NEW,9.92382E+11,arn:aws:secretsmanager:ap-south-1:992382403372:secret:hmcl-cv-network-kong-qa-new-secret-cKw92I,ap-south-1,2025-03-02T22:50:55.190Z
FAILED,MEDIUM,NEW,6.37423E+11,arn:aws:secretsmanager:ap-south-1:637423293078:secret:prod/devops-tools/creds-yjCEMN,ap-south-1,2025-03-02T21:58:50.791Z
FAILED,MEDIUM,NEW,010438507550,arn:aws:secretsmanager:ap-south-1:010438507550:secret:hmcl-cv-qa-snowflake-secret-VqP383,ap-south-1,2025-03-02T21:27:33.998Z
FAILED,MEDIUM,NEW,010438507550,arn:aws:secretsmanager:ap-south-1:010438507550:secret:hmcl-cv-qa-analytics-rds-secret-uNLDDl,ap-south-1,2025-03-02T21:27:33.994Z
FAILED,MEDIUM,NEW,6.37423E+11,arn:aws:secretsmanager:ap-south-1:637423423802:secret:uat/vehicle-management/privatecerts-5j7ZBl,ap-south-1,2025-03-02T20:31:25.893Z
FAILED,MEDIUM,NEW,6.37423E+11,arn:aws:secretsmanager:ap-south-1:637423423802:secret:sns_topic_arn-U7uKx7,ap-south-1,2025-03-02T20:31:25.893Z
FAILED,MEDIUM,NEW,6.37423E+11,arn:aws:secretsmanager:ap-south-1:637423423802:secret:hmcl-cv-uat-vehicle-provisioning-rds-secret-ZmbMsY,ap-south-1,2025-03-02T20:31:25.893Z
FAILED,MEDIUM,NEW,6.37423E+11,arn:aws:secretsmanager:ap-south-1:637423423802:secret:hmcl-cv-uat-intermediate-cert-trigger-pwd-secret-pzcKA3,ap-south-1,2025-03-02T20:31:25.892Z
FAILED,MEDIUM,NEW,6.37423E+11,arn:aws:secretsmanager:ap-south-1:637423423802:secret:hmcl-cv-uat-location-app-secret-yojKz8,ap-south-1,2025-03-02T20:31:25.892Z
FAILED,MEDIUM,NEW,6.37423E+11,arn:aws:secretsmanager:ap-south-1:637423423802:secret:hmcl-cv-uat-esync-component-signcerts-secret-5k88mW,ap-south-1,2025-03-02T20:31:25.892Z
FAILED,MEDIUM,NEW,6.37423E+11,arn:aws:secretsmanager:ap-south-1:637423423802:secret:hmcl-cv-uat-geofence-ftr-code-secret-c4C3kA,ap-south-1,2025-03-02T20:31:25.892Z
FAILED,MEDIUM,NEW,6.37423E+11,arn:aws:secretsmanager:ap-south-1:637423423802:secret:hmcl-cv-uat-command-and-control-rds-secret-sss28w,ap-south-1,2025-03-02T20:31:25.891Z
FAILED,MEDIUM,NEW,9.92383E+11,arn:aws:secretsmanager:ap-south-1:992382517861:secret:hmcl-cv-prod-vehicle-mgmt-app-secret-qWEvqN,ap-south-1,2025-03-02T20:18:19.155Z
FAILED,MEDIUM,NEW,9.92383E+11,arn:aws:secretsmanager:ap-south-1:992382517861:secret:hmcl-cv-prod-vehicle-ota-rd-rds-secret-ShkkpX,ap-south-1,2025-03-02T20:18:19.155Z
FAILED,MEDIUM,NEW,9.92383E+11,arn:aws:secretsmanager:ap-south-1:992382517861:secret:test-binary-secret-prod-2dbCDp,ap-south-1,2025-03-02T20:18:19.155Z
FAILED,MEDIUM,NEW,9.92383E+11,arn:aws:secretsmanager:ap-south-1:992382517861:secret:hmcl-cv-prod-vehicle-reports-rds-secret-jkwEKY,ap-south-1,2025-03-02T20:18:19.155Z
FAILED,MEDIUM,NEW,9.92383E+11,arn:aws:secretsmanager:ap-south-1:992382517861:secret:hmcl-cv-prod-vehicle-model-rds-secret-Pb9qLS,ap-south-1,2025-03-02T20:18:19.154Z
FAILED,MEDIUM,NEW,9.92383E+11,arn:aws:secretsmanager:ap-south-1:992382517861:secret:hmcl-cv-prod-snowflake-secret-Qhxyht,ap-south-1,2025-03-02T20:18:19.154Z
FAILED,MEDIUM,NEW,9.92383E+11,arn:aws:secretsmanager:ap-south-1:992382517861:secret:hmcl-cv-prod-stepfunction-secret-pTzx4h,ap-south-1,2025-03-02T20:18:19.154Z
FAILED,MEDIUM,NEW,9.92383E+11,arn:aws:secretsmanager:ap-south-1:992382517861:secret:hmcl-cv-prod-command-and-control-rds-secret-z33Y2l,ap-south-1,2025-03-02T20:18:19.154Z
FAILED,MEDIUM,NEW,9.92383E+11,arn:aws:secretsmanager:ap-south-1:992382517861:secret:hmcl-cv-prod-vehicle-management-rds-secret-e0isyh,ap-south-1,2025-03-02T20:18:19.154Z
FAILED,MEDIUM,NEW,9.92383E+11,arn:aws:secretsmanager:ap-south-1:992382517861:secret:hmcl-cv-prod-ui-live-location-rds-secret-jWIWWM,ap-south-1,2025-03-02T20:18:19.154Z
FAILED,MEDIUM,NEW,9.92383E+11,arn:aws:secretsmanager:ap-south-1:992382517861:secret:hmcl-cv-prod-live-location-ui-app-secret-rYrgwh,ap-south-1,2025-03-02T20:18:19.154Z
FAILED,MEDIUM,NEW,9.92383E+11,arn:aws:secretsmanager:ap-south-1:992382517861:secret:hmcl-cv-prod-live-tracking-app-secret-X4dCmn,ap-south-1,2025-03-02T20:18:19.153Z
FAILED,MEDIUM,NEW,9.92383E+11,arn:aws:secretsmanager:ap-south-1:992382517861:secret:hmcl-cv-prod-intermediate-cert-trigger-pwd-secret-XRnfKe,ap-south-1,2025-03-02T20:18:19.153Z
FAILED,MEDIUM,NEW,9.92383E+11,arn:aws:secretsmanager:ap-south-1:992382517861:secret:hmcl-cv-prod-feature-management-app-secret-1b6EkT,ap-south-1,2025-03-02T20:18:19.153Z
FAILED,MEDIUM,NEW,9.92383E+11,arn:aws:secretsmanager:ap-south-1:992382517861:secret:hmcl-cv-prod-mq-secret-MRs1bf,ap-south-1,2025-03-02T20:18:19.153Z
FAILED,MEDIUM,NEW,9.92383E+11,arn:aws:secretsmanager:ap-south-1:992382517861:secret:hmcl-cv-prod-kms-key-secret-ARwLEg,ap-south-1,2025-03-02T20:18:19.153Z
FAILED,MEDIUM,NEW,9.92383E+11,arn:aws:secretsmanager:ap-south-1:992382517861:secret:hmcl-cv-prod-opensearch-secret-HcJimr,ap-south-1,2025-03-02T20:18:19.153Z
FAILED,MEDIUM,NEW,9.92383E+11,arn:aws:secretsmanager:ap-south-1:992382517861:secret:hmcl-cv-prod-readonly-rds-secret-6lnQOY,ap-south-1,2025-03-02T20:18:19.153Z
FAILED,MEDIUM,NEW,9.92383E+11,arn:aws:secretsmanager:ap-south-1:992382517861:secret:hmcl-cv-prod-deviceledger-secret-vYaV5P,ap-south-1,2025-03-02T20:18:19.152Z
FAILED,MEDIUM,NEW,9.92383E+11,arn:aws:secretsmanager:ap-south-1:992382517861:secret:hmcl-cv-prod-debezium-rds-user-secret-gazZZq,ap-south-1,2025-03-02T20:18:19.152Z
FAILED,MEDIUM,NEW,9.92383E+11,arn:aws:secretsmanager:ap-south-1:992382517861:secret:hmcl-cv-prod-analytics-rds-secret-72E5hi,ap-south-1,2025-03-02T20:18:19.152Z
FAILED,MEDIUM,NEW,9.7505E+11,arn:aws:secretsmanager:ap-south-1:975050234854:secret:test/secret-OF4tZz,ap-south-1,2025-03-02T18:55:24.560Z
FAILED,MEDIUM,NEW,9.05418E+11,arn:aws:secretsmanager:ap-south-1:905418263290:secret:hmcl-cv-dev-snowflake-secret-DD3dPy,ap-south-1,2025-03-02T18:45:59.520Z
FAILED,MEDIUM,NEW,9.05418E+11,arn:aws:secretsmanager:ap-south-1:905418263290:secret:hmcl-cv-dev-user-management-app-secret-iajeVr,ap-south-1,2025-03-02T18:45:59.520Z
FAILED,MEDIUM,NEW,9.05418E+11,arn:aws:secretsmanager:ap-south-1:905418263290:secret:hmcl-cv-dev-kms-key-secret-lmAXwH,ap-south-1,2025-03-02T18:45:59.520Z
FAILED,MEDIUM,NEW,9.05418E+11,arn:aws:secretsmanager:ap-south-1:905418263290:secret:hmcl-cv-dev-live-location-ui-app-secret-yPxjmL,ap-south-1,2025-03-02T18:45:59.520Z
FAILED,MEDIUM,NEW,9.05418E+11,arn:aws:secretsmanager:ap-south-1:905418263290:secret:dev/vehicle-management/config-WzHKoO,ap-south-1,2025-03-02T18:45:59.519Z
FAILED,MEDIUM,NEW,9.05418E+11,arn:aws:secretsmanager:ap-south-1:905418263290:secret:hmcl-cv-dev-mq-secret-6O9QOw,ap-south-1,2025-03-02T18:45:59.519Z
FAILED,MEDIUM,NEW,9.05418E+11,arn:aws:secretsmanager:ap-south-1:905418263290:secret:hmcl-cv-dev-vehicle-mgmt-app-secret-zSIqaf,ap-south-1,2025-03-02T18:45:59.519Z
FAILED,MEDIUM,NEW,9.05418E+11,arn:aws:secretsmanager:ap-south-1:905418263290:secret:hmcl-cv-dev-live-tracking-rds-secret-wUPmtI,ap-south-1,2025-03-02T18:45:59.519Z
FAILED,MEDIUM,NEW,9.05418E+11,arn:aws:secretsmanager:ap-south-1:905418263290:secret:dev/crypto/secrets-KrQYeg,ap-south-1,2025-03-02T18:45:59.519Z
FAILED,MEDIUM,NEW,010438507550,arn:aws:secretsmanager:ap-south-1:010438507550:secret:test-binary-secret-qa-xTAiDG,ap-south-1,2025-03-02T21:27:33.998Z
FAILED,MEDIUM,NEW,010438507550,arn:aws:secretsmanager:ap-south-1:010438507550:secret:qa/backoffice-ui-FsNtOh,ap-south-1,2025-03-02T21:27:33.998Z
FAILED,MEDIUM,NEW,010438507550,arn:aws:secretsmanager:ap-south-1:010438507550:secret:hmcl-cv-qa-vehicle-model-app-secret-HHIRTv,ap-south-1,2025-03-02T21:27:33.998Z
FAILED,MEDIUM,NEW,010438507550,arn:aws:secretsmanager:ap-south-1:010438507550:secret:hmcl-cv-qa-live-tracking-app-secret-eV9lKD,ap-south-1,2025-03-02T21:27:33.997Z
FAILED,MEDIUM,NEW,010438507550,arn:aws:secretsmanager:ap-south-1:010438507550:secret:hmcl-cv-qa-vehicle-reports-rds-secret-ciR8w6,ap-south-1,2025-03-02T21:27:33.997Z
FAILED,MEDIUM,NEW,010438507550,arn:aws:secretsmanager:ap-south-1:010438507550:secret:hmcl-cv-qa-vehicle-model-rds-secret-RLE6Hj,ap-south-1,2025-03-02T21:27:33.997Z
FAILED,MEDIUM,NEW,010438507550,arn:aws:secretsmanager:ap-south-1:010438507550:secret:qa/vehicle-management/config-DYOKCJ,ap-south-1,2025-03-02T21:27:33.997Z
FAILED,MEDIUM,NEW,010438507550,arn:aws:secretsmanager:ap-south-1:010438507550:secret:qa/vehicleprovisioning/config-FmNzIq,ap-south-1,2025-03-02T21:27:33.997Z
FAILED,MEDIUM,NEW,010438507550,arn:aws:secretsmanager:ap-south-1:010438507550:secret:hmcl-cv-qa-scalable-simulator-eLxppi,ap-south-1,2025-03-02T21:27:33.997Z
FAILED,MEDIUM,NEW,010438507550,arn:aws:secretsmanager:ap-south-1:010438507550:secret:hmcl-cv-qa-intermediate-cert-trigger-pwd-secret-Cl0862,ap-south-1,2025-03-02T21:27:33.996Z
FAILED,MEDIUM,NEW,010438507550,arn:aws:secretsmanager:ap-south-1:010438507550:secret:hmcl-cv-qa-live-tracking-rds-secret-u8JexV,ap-south-1,2025-03-02T21:27:33.996Z
FAILED,MEDIUM,NEW,010438507550,arn:aws:secretsmanager:ap-south-1:010438507550:secret:hmcl-cv-qa-file-management-app-secret-bttVtq,ap-south-1,2025-03-02T21:27:33.996Z
FAILED,MEDIUM,NEW,010438507550,arn:aws:secretsmanager:ap-south-1:010438507550:secret:hmcl-cv-qa-notification-rds-secret-24h5NY,ap-south-1,2025-03-02T21:27:33.996Z
FAILED,MEDIUM,NEW,010438507550,arn:aws:secretsmanager:ap-south-1:010438507550:secret:hmcl-cv-qa-esync-component-signcerts-secret-XPdJqE,ap-south-1,2025-03-02T21:27:33.996Z
FAILED,MEDIUM,NEW,010438507550,arn:aws:secretsmanager:ap-south-1:010438507550:secret:hmcl-cv-qa-report-dashboard-rds-secret-kS6bMD,ap-south-1,2025-03-02T21:27:33.996Z
FAILED,MEDIUM,NEW,010438507550,arn:aws:secretsmanager:ap-south-1:010438507550:secret:hmcl-cv-qa-overspeed-cmd-code-secret-2aYTBE,ap-south-1,2025-03-02T21:27:33.996Z
FAILED,MEDIUM,NEW,010438507550,arn:aws:secretsmanager:ap-south-1:010438507550:secret:hmcl-cv-qa-location-app-secret-gFwyxv,ap-south-1,2025-03-02T21:27:33.995Z
FAILED,MEDIUM,NEW,010438507550,arn:aws:secretsmanager:ap-south-1:010438507550:secret:hmcl-cv-qa-backoffice-ui-app-secret-OX2YH8,ap-south-1,2025-03-02T21:27:33.995Z
FAILED,MEDIUM,NEW,010438507550,arn:aws:secretsmanager:ap-south-1:010438507550:secret:hmcl-cv-qa-command-and-control-rds-secret-BJoZUi,ap-south-1,2025-03-02T21:27:33.995Z
FAILED,MEDIUM,NEW,010438507550,arn:aws:secretsmanager:ap-south-1:010438507550:secret:hmcl-cv-qa-feature-management-rds-secret-qJuMnj,ap-south-1,2025-03-02T21:27:33.995Z
FAILED,MEDIUM,NEW,010438507550,arn:aws:secretsmanager:ap-south-1:010438507550:secret:qa/redis/secrets-ll1JGc,ap-south-1,2025-03-03T09:27:31.475Z
FAILED,MEDIUM,NEW,010438507550,arn:aws:secretsmanager:ap-south-1:010438507550:secret:qa/vehicle-management/rootcert-qnkaCM,ap-south-1,2025-03-03T09:27:31.475Z
FAILED,MEDIUM,NEW,010438507550,arn:aws:secretsmanager:ap-south-1:010438507550:secret:hmcl-cv-qa-mq-secret-qVXVlJ,ap-south-1,2025-03-03T09:27:31.474Z
FAILED,MEDIUM,NEW,010438507550,arn:aws:secretsmanager:ap-south-1:010438507550:secret:hmcl-cv-qa-user-management-app-secret-pPdcn5,ap-south-1,2025-03-03T09:27:31.474Z
FAILED,MEDIUM,NEW,010438507550,arn:aws:secretsmanager:ap-south-1:010438507550:secret:hmcl-cv-qa-opensearch-secret-xTAiDG,ap-south-1,2025-03-03T09:27:31.474Z
FAILED,MEDIUM,NEW,010438507550,arn:aws:secretsmanager:ap-south-1:010438507550:secret:qa/live-tracking-e7UnNw,ap-south-1,2025-03-03T09:27:31.474Z
FAILED,MEDIUM,NEW,010438507550,arn:aws:secretsmanager:ap-south-1:010438507550:secret:hmcl-cv-qa-live-location-ui-app-secret-eV9lKD,ap-south-1,2025-03-03T09:27:31.474Z
FAILED,MEDIUM,NEW,010438507550,arn:aws:secretsmanager:ap-south-1:010438507550:secret:hmcl-cv-qa-stepfunction-secret-xTAiDG,ap-south-1,2025-03-03T09:27:31.474Z
FAILED,MEDIUM,NEW,010438507550,arn:aws:secretsmanager:ap-south-1:010438507550:secret:hmcl-cv-qa-analytics-app-secret-S0lPXb,ap-south-1,2025-03-03T09:27:31.473Z
FAILED,MEDIUM,NEW,010438507550,arn:aws:secretsmanager:ap-south-1:010438507550:secret:hmcl-cv-qa-auth-management-rds-secret-iNQp4k,ap-south-1,2025-03-03T09:27:31.473Z
FAILED,MEDIUM,NEW,010438507550,arn:aws:secretsmanager:ap-south-1:010438507550:secret:hmcl-cv-qa-cognito-mail-ids-secret-ypI8XT,ap-south-1,2025-03-03T09:27:31.473Z
FAILED,MEDIUM,NEW,010438507550,arn:aws:secretsmanager:ap-south-1:010438507550:secret:hmcl-cv-qa-device-ledger-secret-pPdcn5,ap-south-1,2025-03-03T09:27:31.473Z
FAILED,MEDIUM,NEW,010438507550,arn:aws:secretsmanager:ap-south-1:010438507550:secret:hmcl-cv-qa-header-secret-BHf2fP,ap-south-1,2025-03-03T09:27:31.473Z
FAILED,MEDIUM,NEW,010438507550,arn:aws:secretsmanager:ap-south-1:010438507550:secret:hmcl-cv-qa-opensearch-readonly-user-secret-i6xaB0,ap-south-1,2025-03-03T09:27:31.473Z
FAILED,MEDIUM,NEW,010438507550,arn:aws:secretsmanager:ap-south-1:010438507550:secret:hmcl-cv-qa-esync-ota-qa-secret-ESDTF5,ap-south-1,2025-03-03T09:27:31.473Z
FAILED,MEDIUM,NEW,9.7505E+11,arn:aws:secretsmanager:ap-south-1:975050234854:secret:hmcl-cv-dev-vehicle-ota-rd-rds-secret-Ll9eQT,ap-south-1,2025-03-03T09:05:56.927Z
FAILED,MEDIUM,NEW,9.7505E+11,arn:aws:secretsmanager:ap-south-1:975050234854:secret:hmcl-cv-dev-report-dashboard-rds-secret-fVGqWk,ap-south-1,2025-03-03T09:05:41.785Z
FAILED,MEDIUM,NEW,9.7505E+11,arn:aws:secretsmanager:ap-south-1:975050234854:secret:hmcl-cv-dev-data-pipeline-rds-secret-0S15wg,ap-south-1,2025-03-03T09:05:08.634Z
FAILED,MEDIUM,NEW,6.37423E+11,arn:aws:secretsmanager:ap-south-1:637423423802:secret:test-binary-secret-uat-392OPO,ap-south-1,2025-03-03T08:31:29.023Z
FAILED,MEDIUM,NEW,6.37423E+11,arn:aws:secretsmanager:ap-south-1:637423423802:secret:hmcl-cv-uat-stepfunction-secret-ube6cR,ap-south-1,2025-03-03T08:31:29.023Z
FAILED,MEDIUM,NEW,6.37423E+11,arn:aws:secretsmanager:ap-south-1:637423423802:secret:hmcl-cv-uat-vehicle-managment-new-cert-j3xKLF,ap-south-1,2025-03-03T08:31:29.023Z
FAILED,MEDIUM,NEW,6.37423E+11,arn:aws:secretsmanager:ap-south-1:637423423802:secret:hmcl-cv-uat-vehicle-provisoning-app-secret-QcyHEw,ap-south-1,2025-03-03T08:31:29.023Z
FAILED,MEDIUM,NEW,6.37423E+11,arn:aws:secretsmanager:ap-south-1:637423423802:secret:hmcl-cv-uat-vehicle-model-rds-secret-bl70ZZ,ap-south-1,2025-03-03T08:31:29.023Z
FAILED,MEDIUM,NEW,6.37423E+11,arn:aws:secretsmanager:ap-south-1:637423423802:secret:vehicle-mgmt-U8ZcSl,ap-south-1,2025-03-03T08:31:29.023Z
FAILED,MEDIUM,NEW,6.37423E+11,arn:aws:secretsmanager:ap-south-1:637423423802:secret:hmcl-cv-uat-snowflake-readonly-secret-vT97e6,ap-south-1,2025-03-03T08:31:29.022Z
FAILED,MEDIUM,NEW,6.37423E+11,arn:aws:secretsmanager:ap-south-1:637423423802:secret:hmcl-cv-uat-redis-auth-token-secret-ube6cR,ap-south-1,2025-03-03T08:31:29.022Z
FAILED,MEDIUM,NEW,6.37423E+11,arn:aws:secretsmanager:ap-south-1:637423423802:secret:hmcl-cv-uat-vehicle-managment-private-cert-83AueD,ap-south-1,2025-03-03T08:31:29.022Z
FAILED,MEDIUM,NEW,6.37423E+11,arn:aws:secretsmanager:ap-south-1:637423423802:secret:hmcl-cv-uat-rdsuser-secret-uu5iKs,ap-south-1,2025-03-03T08:31:29.022Z
FAILED,MEDIUM,NEW,6.37423E+11,arn:aws:secretsmanager:ap-south-1:637423423802:secret:hmcl-cv-uat-snowflake-secret-B9SttO,ap-south-1,2025-03-03T08:31:29.022Z
FAILED,MEDIUM,NEW,6.37423E+11,arn:aws:secretsmanager:ap-south-1:637423423802:secret:hmcl-cv-uat-ui-live-location-rds-secret-TuCltx,ap-south-1,2025-03-03T08:31:29.022Z
FAILED,MEDIUM,NEW,6.37423E+11,arn:aws:secretsmanager:ap-south-1:637423423802:secret:hmcl-cv-uat-scalable-simulator-T84ruC,ap-south-1,2025-03-03T08:31:29.022Z
FAILED,MEDIUM,NEW,6.37423E+11,arn:aws:secretsmanager:ap-south-1:637423423802:secret:hmcl-cv-uat-mq-secret-N7OJ2N,ap-south-1,2025-03-03T08:31:29.021Z
FAILED,MEDIUM,NEW,6.37423E+11,arn:aws:secretsmanager:ap-south-1:637423423802:secret:hmcl-cv-uat-opensearch-readonly-user-secret-LVn60J,ap-south-1,2025-03-03T08:31:29.021Z
FAILED,MEDIUM,NEW,6.37423E+11,arn:aws:secretsmanager:ap-south-1:637423423802:secret:hmcl-cv-uat-report-dashboard-app-secret-szE1fv,ap-south-1,2025-03-03T08:31:29.021Z
FAILED,MEDIUM,NEW,6.37423E+11,arn:aws:secretsmanager:ap-south-1:637423423802:secret:hmcl-cv-uat-overspeed-cmd-code-secret-P4LAgA,ap-south-1,2025-03-03T08:31:29.021Z
FAILED,MEDIUM,NEW,6.37423E+11,arn:aws:secretsmanager:ap-south-1:637423423802:secret:hmcl-cv-uat-command-and-control-app-secret-nkFGh0,ap-south-1,2025-03-03T08:31:29.021Z
FAILED,MEDIUM,NEW,6.37423E+11,arn:aws:secretsmanager:ap-south-1:637423423802:secret:hmcl-cv-uat-notification-rds-secret-Coiim0,ap-south-1,2025-03-03T08:31:29.021Z
FAILED,MEDIUM,NEW,6.37423E+11,arn:aws:secretsmanager:ap-south-1:637423423802:secret:hmcl-cv-uat-auth-mgmt-app-secret-zkCUO1,ap-south-1,2025-03-03T08:31:29.020Z
FAILED,MEDIUM,NEW,6.37423E+11,arn:aws:secretsmanager:ap-south-1:637423423802:secret:hmcl-cv-uat-analytics-rds-secret-Sqxn91,ap-south-1,2025-03-03T08:31:29.020Z
FAILED,MEDIUM,NEW,6.37423E+11,arn:aws:secretsmanager:ap-south-1:637423423802:secret:hmcl-cv-uat-feature-management-rds-secret-Coiim0,ap-south-1,2025-03-03T08:31:29.020Z
FAILED,MEDIUM,NEW,9.05418E+11,arn:aws:secretsmanager:ap-south-1:905418263290:secret:dev/redis/secrets-P4DfqV,ap-south-1,2025-03-03T06:46:04.156Z
FAILED,MEDIUM,NEW,9.05418E+11,arn:aws:secretsmanager:ap-south-1:905418263290:secret:remote-diagnostics-config-zgl0Ms,ap-south-1,2025-03-03T06:46:04.156Z
FAILED,MEDIUM,NEW,9.05418E+11,arn:aws:secretsmanager:ap-south-1:905418263290:secret:hmcl-cv-dev-stepfunction-secret-HJodZ7,ap-south-1,2025-03-03T06:46:04.156Z
FAILED,MEDIUM,NEW,9.05418E+11,arn:aws:secretsmanager:ap-south-1:905418263290:secret:hmcl-cv-dev-common-secrets-MyAhft,ap-south-1,2025-03-03T06:46:04.156Z
FAILED,MEDIUM,NEW,9.05418E+11,arn:aws:secretsmanager:ap-south-1:905418263290:secret:hmcl-cv-dev-report-dashboard-app-secret-74OmON,ap-south-1,2025-03-03T06:46:04.156Z
FAILED,MEDIUM,NEW,9.05418E+11,arn:aws:secretsmanager:ap-south-1:905418263290:secret:dev/user_management/config-Krmt9D,ap-south-1,2025-03-03T06:46:04.156Z
FAILED,MEDIUM,NEW,9.05418E+11,arn:aws:secretsmanager:ap-south-1:905418263290:secret:hmcl-cv-dev-location-app-secret-ORKn9M,ap-south-1,2025-03-03T06:46:04.155Z
FAILED,MEDIUM,NEW,9.05418E+11,arn:aws:secretsmanager:ap-south-1:905418263290:secret:hmcl-cv-dev-opensearch-secret-FMZysw,ap-south-1,2025-03-03T06:46:04.155Z
FAILED,MEDIUM,NEW,9.05418E+11,arn:aws:secretsmanager:ap-south-1:905418263290:secret:hmcl-cv-dev-geofence-ftr-code-secret-7rP3Pg,ap-south-1,2025-03-03T06:46:04.155Z
FAILED,MEDIUM,NEW,9.05418E+11,arn:aws:secretsmanager:ap-south-1:905418263290:secret:dev/rds/secrets-KuDlyb,ap-south-1,2025-03-03T06:46:04.155Z
FAILED,MEDIUM,NEW,9.05418E+11,arn:aws:secretsmanager:ap-south-1:905418263290:secret:hmcl-cv-dev-scalable-simulator-e5MF5l,ap-south-1,2025-03-03T06:46:04.155Z
FAILED,MEDIUM,NEW,9.05418E+11,arn:aws:secretsmanager:ap-south-1:905418263290:secret:dev/amq-esync/secrets-cgNjMs,ap-south-1,2025-03-03T06:46:04.155Z
FAILED,MEDIUM,NEW,9.05418E+11,arn:aws:secretsmanager:ap-south-1:905418263290:secret:hmcl-cv-dev-opensearch-readonly-user-secret-H2oLD5,ap-south-1,2025-03-03T06:46:04.155Z
FAILED,MEDIUM,NEW,9.05418E+11,arn:aws:secretsmanager:ap-south-1:905418263290:secret:dev/msk/config-AqViiq,ap-south-1,2025-03-03T06:46:04.154Z
FAILED,MEDIUM,NEW,9.05418E+11,arn:aws:secretsmanager:ap-south-1:905418263290:secret:hmcl-cv-dev-cognito-mail-ids-secret-tfpp5I,ap-south-1,2025-03-03T06:46:04.154Z
FAILED,MEDIUM,NEW,9.05418E+11,arn:aws:secretsmanager:ap-south-1:905418263290:secret:hmcl-cv-dev-feature-management-app-secret-ROdiP4,ap-south-1,2025-03-03T06:46:04.154Z
FAILED,MEDIUM,NEW,9.05418E+11,arn:aws:secretsmanager:ap-south-1:905418263290:secret:dev/rds/esync-fm89eG,ap-south-1,2025-03-03T06:46:04.154Z
FAILED,MEDIUM,NEW,9.05418E+11,arn:aws:secretsmanager:ap-south-1:905418263290:secret:hmcl-cv-dev-command-control-app-secret-Tbwlao,ap-south-1,2025-03-03T06:46:04.154Z
FAILED,MEDIUM,NEW,9.05418E+11,arn:aws:secretsmanager:ap-south-1:905418263290:secret:AmazonMSK_hmcl-cv-dev-msk-secret-pKKtEu,ap-south-1,2025-03-03T06:46:04.154Z
FAILED,MEDIUM,NEW,9.05418E+11,arn:aws:secretsmanager:ap-south-1:905418263290:secret:hmcl-cv-dev-debezium-rds-user-secret-Q9I42M,ap-south-1,2025-03-03T06:46:04.154Z
FAILED,MEDIUM,NEW,6.37423E+11,arn:aws:secretsmanager:ap-south-1:637423423802:secret:hmcl-cv-uat-cognito-mail-ids-secret-GbbkJQ,ap-south-1,2025-03-03T08:31:29.020Z
FAILED,MEDIUM,NEW,6.37423E+11,arn:aws:secretsmanager:ap-south-1:637423423802:secret:AmazonMSK_hmcl-cv-uat-msk-secret-B9SttO,ap-south-1,2025-03-03T08:31:29.020Z
FAILED,MEDIUM,NEW,6.37423E+11,arn:aws:secretsmanager:ap-south-1:637423423802:secret:hmcl-cv-uat-header-secret-fD1ZSN,ap-south-1,2025-03-03T08:31:29.020Z
FAILED,MEDIUM,NEW,9.92383E+11,arn:aws:secretsmanager:ap-south-1:992382517861:secret:hmcl-cv-prod-vehicle-provisoning-app-secret-qYeF7g,ap-south-1,2025-03-03T08:18:12.833Z
FAILED,MEDIUM,NEW,9.92383E+11,arn:aws:secretsmanager:ap-south-1:992382517861:secret:hmcl-cv-prod-vehicle-managment-new-cert-bpGH20,ap-south-1,2025-03-03T08:18:12.833Z
FAILED,MEDIUM,NEW,9.92383E+11,arn:aws:secretsmanager:ap-south-1:992382517861:secret:hmcl-cv-prod-user-mgmt-app-secret-mUlE9M,ap-south-1,2025-03-03T08:18:12.832Z
FAILED,MEDIUM,NEW,9.92383E+11,arn:aws:secretsmanager:ap-south-1:992382517861:secret:hmcl-cv-prod-overspeed-cmd-code-secret-DAOkD4,ap-south-1,2025-03-03T08:18:12.832Z
FAILED,MEDIUM,NEW,9.92383E+11,arn:aws:secretsmanager:ap-south-1:992382517861:secret:hmcl-cv-prod-notification-rds-secret-y4QnEl,ap-south-1,2025-03-03T08:18:12.832Z
FAILED,MEDIUM,NEW,9.92383E+11,arn:aws:secretsmanager:ap-south-1:992382517861:secret:hmcl-cv-prod-vehicle-ota-rd-app-secret-TcFwTq,ap-south-1,2025-03-03T08:18:12.832Z
FAILED,MEDIUM,NEW,9.92383E+11,arn:aws:secretsmanager:ap-south-1:992382517861:secret:hmcl-cv-prod-auth-mgmt-app-secret-KO8utH,ap-south-1,2025-03-03T08:18:12.832Z
FAILED,MEDIUM,NEW,9.92383E+11,arn:aws:secretsmanager:ap-south-1:992382517861:secret:hmcl-cv-prod-snowflake-readonly-secret-n2kZnQ,ap-south-1,2025-03-03T08:18:12.832Z
FAILED,MEDIUM,NEW,9.92383E+11,arn:aws:secretsmanager:ap-south-1:992382517861:secret:hmcl-cv-prod-scalable-simulator-s8IMXp,ap-south-1,2025-03-03T08:18:12.832Z
FAILED,MEDIUM,NEW,9.92383E+11,arn:aws:secretsmanager:ap-south-1:992382517861:secret:hmcl-cv-prod-feature-management-rds-secret-eYIhRN,ap-south-1,2025-03-03T08:18:12.831Z
FAILED,MEDIUM,NEW,9.92383E+11,arn:aws:secretsmanager:ap-south-1:992382517861:secret:hmcl-cv-prod-header-secret-Eh5z8q,ap-south-1,2025-03-03T08:18:12.831Z
FAILED,MEDIUM,NEW,9.92383E+11,arn:aws:secretsmanager:ap-south-1:992382517861:secret:hmcl-cv-prod-data-pipeline-rds-secret-1fY3co,ap-south-1,2025-03-03T08:18:12.831Z
FAILED,MEDIUM,NEW,9.92383E+11,arn:aws:secretsmanager:ap-south-1:992382517861:secret:hmcl-cv-prod-analytics-app-secret-KYUegM,ap-south-1,2025-03-03T08:18:12.831Z
FAILED,MEDIUM,NEW,9.92383E+11,arn:aws:secretsmanager:ap-south-1:992382517861:secret:hmcl-cv-prod-cognito-mail-ids-secret-v23iZm,ap-south-1,2025-03-03T08:18:12.831Z
FAILED,MEDIUM,NEW,9.92383E+11,arn:aws:secretsmanager:ap-south-1:992382517861:secret:AmazonMSK_hmcl-cv-prod-msk-secret-pTzx4h,ap-south-1,2025-03-03T08:18:12.830Z
FAILED,MEDIUM,NEW,9.05418E+11,arn:aws:secretsmanager:ap-south-1:905418263290:secret:sns_topic_arn-c1hqZ2,ap-south-1,2025-03-03T06:46:04.157Z
FAILED,MEDIUM,NEW,9.05418E+11,arn:aws:secretsmanager:ap-south-1:905418263290:secret:test-binary-secret-dMNd7v,ap-south-1,2025-03-03T06:46:04.157Z
FAILED,MEDIUM,NEW,010438507550,arn:aws:secretsmanager:ap-south-1:010438507550:secret:hmcl-cv-qa-vehicle-ota-rd-app-secret-W2EGed,ap-south-1,2025-03-03T03:27:28.619Z
FAILED,MEDIUM,NEW,010438507550,arn:aws:secretsmanager:ap-south-1:010438507550:secret:hmcl-cv-qa-redis-auth-token-secret-mTE46H,ap-south-1,2025-03-03T03:27:28.619Z
FAILED,MEDIUM,NEW,010438507550,arn:aws:secretsmanager:ap-south-1:010438507550:secret:hmcl-cv-qa-pinpoint-gcm-secret-WrBSK6,ap-south-1,2025-03-03T03:27:28.619Z
FAILED,MEDIUM,NEW,010438507550,arn:aws:secretsmanager:ap-south-1:010438507550:secret:qa/auth/secrets-qV3mX1,ap-south-1,2025-03-03T03:27:28.619Z
FAILED,MEDIUM,NEW,010438507550,arn:aws:secretsmanager:ap-south-1:010438507550:secret:hmcl-cv-qa-readonly-rds-secret-OX2YH8,ap-south-1,2025-03-03T03:27:28.619Z
FAILED,MEDIUM,NEW,010438507550,arn:aws:secretsmanager:ap-south-1:010438507550:secret:hmcl-cv-qa-report-dashboard-app-secret-sOKy5A,ap-south-1,2025-03-03T03:27:28.619Z
FAILED,MEDIUM,NEW,010438507550,arn:aws:secretsmanager:ap-south-1:010438507550:secret:hmcl-cv-qa-debezium-rds-user-secret-ISmvt9,ap-south-1,2025-03-03T03:27:28.618Z
FAILED,MEDIUM,NEW,010438507550,arn:aws:secretsmanager:ap-south-1:010438507550:secret:hmcl-cv-qa-snowflake-readonly-secret-Mh1PS8,ap-south-1,2025-03-03T03:27:28.618Z
FAILED,MEDIUM,NEW,010438507550,arn:aws:secretsmanager:ap-south-1:010438507550:secret:hmcl-cv-qa-geofence-ftr-code-secret-eT4Ouf,ap-south-1,2025-03-03T03:27:28.618Z
FAILED,MEDIUM,NEW,010438507550,arn:aws:secretsmanager:ap-south-1:010438507550:secret:hmcl-cv-qa-feature-management-app-secret-ntq90p,ap-south-1,2025-03-03T03:27:28.618Z
FAILED,MEDIUM,NEW,010438507550,arn:aws:secretsmanager:ap-south-1:010438507550:secret:hmcl-cv-qa-command-control-app-secret-qT6BhC,ap-south-1,2025-03-03T03:27:28.618Z
FAILED,MEDIUM,NEW,010438507550,arn:aws:secretsmanager:ap-south-1:010438507550:secret:hmcl-cv-qa-kms-key-secret-eV9lKD,ap-south-1,2025-03-03T03:27:28.618Z
FAILED,MEDIUM,NEW,010438507550,arn:aws:secretsmanager:ap-south-1:010438507550:secret:hmcl-cv-qa-auth-management-app-secret-S0lPXb,ap-south-1,2025-03-03T03:27:28.617Z
FAILED,MEDIUM,NEW,010438507550,arn:aws:secretsmanager:ap-south-1:010438507550:secret:AmazonMSK_hmcl-cv-qa-msk-secret-xTAiDG,ap-south-1,2025-03-03T03:27:28.617Z
FAILED,MEDIUM,NEW,6.37423E+11,arn:aws:secretsmanager:ap-south-1:637423423802:secret:hmcl-cv-uat-readonly-rds-secret-TJ8HbD,ap-south-1,2025-03-03T02:31:33.517Z
FAILED,MEDIUM,NEW,6.37423E+11,arn:aws:secretsmanager:ap-south-1:637423423802:secret:hmcl-cv-uat-vehicle-mgmt-app-secret-xg04OA,ap-south-1,2025-03-03T02:31:33.517Z
FAILED,MEDIUM,NEW,6.37423E+11,arn:aws:secretsmanager:ap-south-1:637423423802:secret:hmcl-cv-uat-report-dashboard-rds-secret-weoK6l,ap-south-1,2025-03-03T02:31:33.517Z
FAILED,MEDIUM,NEW,6.37423E+11,arn:aws:secretsmanager:ap-south-1:637423423802:secret:hmcl-cv-uat-pinpoint-gcm-secret-clgUbH,ap-south-1,2025-03-03T02:31:33.517Z
FAILED,MEDIUM,NEW,6.37423E+11,arn:aws:secretsmanager:ap-south-1:637423423802:secret:hmcl-cv-uat-vehicle-reports-rds-secret-Coiim0,ap-south-1,2025-03-03T02:31:33.517Z
FAILED,MEDIUM,NEW,6.37423E+11,arn:aws:secretsmanager:ap-south-1:637423423802:secret:hmcl-cv-uat-vehicle-management-rds-secret-yl1r5Y,ap-south-1,2025-03-03T02:31:33.517Z
FAILED,MEDIUM,NEW,9.05418E+11,arn:aws:secretsmanager:ap-south-1:905418263290:secret:dev/vehicle-management/privatecerts-t3GWZ0,ap-south-1,2025-03-03T06:46:04.153Z
FAILED,MEDIUM,NEW,9.05418E+11,arn:aws:secretsmanager:ap-south-1:905418263290:secret:dev/live-tracking-apis-Be3WO2,ap-south-1,2025-03-03T06:46:04.153Z
FAILED,MEDIUM,NEW,9.05418E+11,arn:aws:secretsmanager:ap-south-1:905418263290:secret:dev/vehicle-management/newcerts-7FTbaS,ap-south-1,2025-03-03T06:46:04.153Z
FAILED,MEDIUM,NEW,9.05418E+11,arn:aws:secretsmanager:ap-south-1:905418263290:secret:hmcl-cv-dev-analytics-app-secret-iajeVr,ap-south-1,2025-03-03T06:46:04.153Z
FAILED,MEDIUM,NEW,9.92382E+11,arn:aws:secretsmanager:ap-south-1:992382403372:secret:hmcl-cv-network-kong-nonprod-secret-nCdcvN,ap-south-1,2025-03-03T04:50:56.373Z
FAILED,MEDIUM,NEW,9.92382E+11,arn:aws:secretsmanager:ap-south-1:992382403372:secret:hmcl-cv-network-kong-dev-new-secret-t5PctR,ap-south-1,2025-03-03T04:50:56.373Z
FAILED,MEDIUM,NEW,9.92382E+11,arn:aws:secretsmanager:ap-south-1:992382403372:secret:hmcl-cv-network-kong-secret-m4C52h,ap-south-1,2025-03-03T04:50:56.373Z
FAILED,MEDIUM,NEW,9.92382E+11,arn:aws:secretsmanager:ap-south-1:992382403372:secret:hmcl-cv-network-kong-qa-secret-FE8Urh,ap-south-1,2025-03-03T04:50:56.373Z
FAILED,MEDIUM,NEW,6.37423E+11,arn:aws:secretsmanager:ap-south-1:637423293078:secret:hmcl-cv-argocd-azure-token-NsyFjP,ap-south-1,2025-03-03T03:58:59.060Z
FAILED,MEDIUM,NEW,010438507550,arn:aws:secretsmanager:ap-south-1:010438507550:secret:qa/vehicle-management/newcert-Aa5ZYG,ap-south-1,2025-03-03T03:27:28.621Z
FAILED,MEDIUM,NEW,010438507550,arn:aws:secretsmanager:ap-south-1:010438507550:secret:qa/location-service/secrets-DiJg6r,ap-south-1,2025-03-03T03:27:28.621Z
FAILED,MEDIUM,NEW,010438507550,arn:aws:secretsmanager:ap-south-1:010438507550:secret:qa/deviceledger/config-dmhESb,ap-south-1,2025-03-03T03:27:28.621Z
FAILED,MEDIUM,NEW,010438507550,arn:aws:secretsmanager:ap-south-1:010438507550:secret:qa/msk/config-JtAx8y,ap-south-1,2025-03-03T03:27:28.621Z
FAILED,MEDIUM,NEW,010438507550,arn:aws:secretsmanager:ap-south-1:010438507550:secret:hmcl-cv-qa-vehicle-provisioning-app-secret-BYny7C,ap-south-1,2025-03-03T03:27:28.620Z
FAILED,MEDIUM,NEW,010438507550,arn:aws:secretsmanager:ap-south-1:010438507550:secret:hmcl-cv-qa-vehicle-provisioning-rds-secret-XR2TjT,ap-south-1,2025-03-03T03:27:28.620Z
FAILED,MEDIUM,NEW,010438507550,arn:aws:secretsmanager:ap-south-1:010438507550:secret:qa/user_management/config-4GmrmM,ap-south-1,2025-03-03T03:27:28.620Z
FAILED,MEDIUM,NEW,010438507550,arn:aws:secretsmanager:ap-south-1:010438507550:secret:hmcl-cv-qa-vehicle-mgmt-app-secret-z4Lf7c,ap-south-1,2025-03-03T03:27:28.620Z
FAILED,MEDIUM,NEW,010438507550,arn:aws:secretsmanager:ap-south-1:010438507550:secret:hmcl-cv-qa-vehicle-management-rds-secret-RLE6Hj,ap-south-1,2025-03-03T03:27:28.620Z
FAILED,MEDIUM,NEW,010438507550,arn:aws:secretsmanager:ap-south-1:010438507550:secret:hmcl-cv-qa-notification-app-secret-DsVi1F,ap-south-1,2025-03-03T03:27:28.620Z
FAILED,MEDIUM,NEW,010438507550,arn:aws:secretsmanager:ap-south-1:010438507550:secret:remote-diagnostics-config-z4MSgC,ap-south-1,2025-03-03T03:27:28.620Z
FAILED,MEDIUM,NEW,9.05418E+11,arn:aws:secretsmanager:ap-south-1:905418263290:secret:hmcl-cv-dev-vehicle-model-app-secret-CRQaCN,ap-south-1,2025-03-02T18:45:59.519Z
FAILED,MEDIUM,NEW,9.05418E+11,arn:aws:secretsmanager:ap-south-1:905418263290:secret:dev/analytics/secrets-7mONzS,ap-south-1,2025-03-02T18:45:59.518Z
FAILED,MEDIUM,NEW,9.05418E+11,arn:aws:secretsmanager:ap-south-1:905418263290:secret:hmcl-cv-dev-notification-app-secret-bN423Y,ap-south-1,2025-03-02T18:45:59.518Z
FAILED,MEDIUM,NEW,9.05418E+11,arn:aws:secretsmanager:ap-south-1:905418263290:secret:dev/notification/config-ZOXECd,ap-south-1,2025-03-02T18:45:59.517Z
FAILED,MEDIUM,NEW,9.05418E+11,arn:aws:secretsmanager:ap-south-1:905418263290:secret:dev/location-service/secrets-UPyZHo,ap-south-1,2025-03-02T18:45:59.517Z
FAILED,MEDIUM,SUPPRESSED,7.83765E+11,arn:aws:secretsmanager:ap-south-1:783764575149:secret:hmcl-cv-preprod-vehicle-managment-new-cert-2Ixtnf,ap-south-1,2025-03-03T11:29:28.557Z
FAILED,MEDIUM,SUPPRESSED,7.83765E+11,arn:aws:secretsmanager:ap-south-1:783764575149:secret:hmcl-cv-preprod-backoffice-ui-app-secret-oQPWbX,ap-south-1,2025-03-03T11:29:28.556Z
FAILED,MEDIUM,SUPPRESSED,7.83765E+11,arn:aws:secretsmanager:ap-south-1:783764575149:secret:hmcl-cv-preprod-debezium-rds-user-secret-vDSJlc,ap-south-1,2025-03-03T11:29:28.556Z
FAILED,MEDIUM,SUPPRESSED,7.83765E+11,arn:aws:secretsmanager:ap-south-1:783764575149:secret:hmcl-cv-preprod-overspeed-cmd-code-secret-hdf5wZ,ap-south-1,2025-03-03T11:29:28.556Z
FAILED,MEDIUM,SUPPRESSED,7.83765E+11,arn:aws:secretsmanager:ap-south-1:783764575149:secret:hmcl-cv-preprod-vehicle-mgmt-app-secret-QW5cRw,ap-south-1,2025-03-03T11:29:28.556Z
FAILED,MEDIUM,SUPPRESSED,7.83765E+11,arn:aws:secretsmanager:ap-south-1:783764575149:secret:hmcl-cv-preprod-kms-key-secret-vDSJlc,ap-south-1,2025-03-03T11:29:28.556Z
FAILED,MEDIUM,SUPPRESSED,7.83765E+11,arn:aws:secretsmanager:ap-south-1:783764575149:secret:hmcl-cv-preprod-vehicle-reports-rds-secret-vIAWzp,ap-south-1,2025-03-03T11:29:28.556Z
FAILED,MEDIUM,SUPPRESSED,7.83765E+11,arn:aws:secretsmanager:ap-south-1:783764575149:secret:hmcl-cv-preprod-notification-app-secret-Zyen3P,ap-south-1,2025-03-03T11:29:28.556Z
FAILED,MEDIUM,SUPPRESSED,7.83765E+11,arn:aws:secretsmanager:ap-south-1:783764575149:secret:hmcl-cv-preprod-redis-auth-token-secret-FnP24g,ap-south-1,2025-03-03T11:29:28.555Z
FAILED,MEDIUM,SUPPRESSED,7.83765E+11,arn:aws:secretsmanager:ap-south-1:783764575149:secret:hmcl-cv-preprod-geofence-ftr-code-secret-DbMLvD,ap-south-1,2025-03-03T11:29:28.555Z
FAILED,MEDIUM,SUPPRESSED,7.83765E+11,arn:aws:secretsmanager:ap-south-1:783764575149:secret:hmcl-cv-preprod-live-tracking-app-secret-hdf5wZ,ap-south-1,2025-03-03T11:29:28.555Z
FAILED,MEDIUM,SUPPRESSED,7.83765E+11,arn:aws:secretsmanager:ap-south-1:783764575149:secret:hmcl-cv-preprod-snowflake-readonly-secret-ipWBYf,ap-south-1,2025-03-03T11:29:28.555Z
FAILED,MEDIUM,SUPPRESSED,7.83765E+11,arn:aws:secretsmanager:ap-south-1:783764575149:secret:hmcl-cv-preprod-readonly-rds-secret-sdcj4Y,ap-south-1,2025-03-03T11:29:28.555Z
FAILED,MEDIUM,SUPPRESSED,7.83765E+11,arn:aws:secretsmanager:ap-south-1:783764575149:secret:hmcl-cv-preprod-vehicle-model-rds-secret-VrdlzB,ap-south-1,2025-03-03T11:29:28.554Z
FAILED,MEDIUM,SUPPRESSED,7.83765E+11,arn:aws:secretsmanager:ap-south-1:783764575149:secret:hmcl-cv-preprod-command-and-control-rds-secret-6EYXIH,ap-south-1,2025-03-03T11:29:28.554Z
FAILED,MEDIUM,SUPPRESSED,7.83765E+11,arn:aws:secretsmanager:ap-south-1:783764575149:secret:hmcl-cv-preprod-opensearch-readonly-user-secret-GaZEs7,ap-south-1,2025-03-03T11:29:28.554Z
FAILED,MEDIUM,SUPPRESSED,7.83765E+11,arn:aws:secretsmanager:ap-south-1:783764575149:secret:hmcl-cv-preprod-notification-rds-secret-rhIVTb,ap-south-1,2025-03-03T11:29:28.554Z
FAILED,MEDIUM,SUPPRESSED,7.83765E+11,arn:aws:secretsmanager:ap-south-1:783764575149:secret:hmcl-cv-preprod-vehicle-provisioning-rds-secret-rhIVTb,ap-south-1,2025-03-03T11:29:28.554Z
FAILED,MEDIUM,SUPPRESSED,7.83765E+11,arn:aws:secretsmanager:ap-south-1:783764575149:secret:hmcl-cv-preprod-live-location-ui-app-secret-6hoNjw,ap-south-1,2025-03-03T11:29:28.554Z
FAILED,MEDIUM,SUPPRESSED,7.83765E+11,arn:aws:secretsmanager:ap-south-1:783764575149:secret:hmcl-cv-preprod-vehicle-management-rds-secret-rlWLmz,ap-south-1,2025-03-03T11:29:28.554Z
FAILED,MEDIUM,SUPPRESSED,7.83765E+11,arn:aws:secretsmanager:ap-south-1:783764575149:secret:hmcl-cv-preprod-vehicle-ota-rd-app-secret-zswtTB,ap-south-1,2025-03-03T11:29:28.553Z
FAILED,MEDIUM,SUPPRESSED,7.83765E+11,arn:aws:secretsmanager:ap-south-1:783764575149:secret:hmcl-cv-preprod-esync-ota-uat-secret-gAPdWb,ap-south-1,2025-03-03T11:29:28.553Z
FAILED,MEDIUM,SUPPRESSED,7.83765E+11,arn:aws:secretsmanager:ap-south-1:783764575149:secret:hmcl-cv-preprod-vehicle-provisoning-app-secret-J4kcv4,ap-south-1,2025-03-03T11:29:28.553Z
FAILED,MEDIUM,SUPPRESSED,7.83765E+11,arn:aws:secretsmanager:ap-south-1:783764575149:secret:hmcl-cv-preprod-rdsuser-secret-DuPjaD,ap-south-1,2025-03-03T11:29:28.553Z
FAILED,MEDIUM,SUPPRESSED,7.83765E+11,arn:aws:secretsmanager:ap-south-1:783764575149:secret:hmcl-cv-preprod-mq-secret-7r8z8B,ap-south-1,2025-03-03T11:29:28.553Z
FAILED,MEDIUM,SUPPRESSED,7.83765E+11,arn:aws:secretsmanager:ap-south-1:783764575149:secret:hmcl-cv-preprod-snowflake-secret-enLWpy,ap-south-1,2025-03-03T11:29:28.553Z
FAILED,MEDIUM,SUPPRESSED,7.83765E+11,arn:aws:secretsmanager:ap-south-1:783764575149:secret:hmcl-cv-preprod-ui-live-location-rds-secret-gGICRI,ap-south-1,2025-03-03T11:29:28.553Z
FAILED,MEDIUM,SUPPRESSED,7.83765E+11,arn:aws:secretsmanager:ap-south-1:783764575149:secret:hmcl-cv-preprod-location-app-secret-mpuh14,ap-south-1,2025-03-03T11:29:28.552Z
FAILED,MEDIUM,SUPPRESSED,7.83765E+11,arn:aws:secretsmanager:ap-south-1:783764575149:secret:hmcl-cv-preprod-live-tracking-rds-secret-ihl3Qv,ap-south-1,2025-03-03T11:29:28.552Z
FAILED,MEDIUM,NEW,9.92382E+11,arn:aws:secretsmanager:ap-south-1:992382403372:secret:hmcl-cv-network-kong-uat-secret-i5RAMu,ap-south-1,2025-03-03T10:51:02.135Z
FAILED,MEDIUM,NEW,9.92382E+11,arn:aws:secretsmanager:ap-south-1:992382403372:secret:hmcl-cv-network-kong-prod-secret-LRn6Vm,ap-south-1,2025-03-03T10:51:02.135Z
FAILED,MEDIUM,NEW,6.37423E+11,arn:aws:secretsmanager:ap-south-1:637423293078:secret:hmcl-cv-azure-agent-secret-tAXJ4D,ap-south-1,2025-03-03T09:58:59.687Z
FAILED,MEDIUM,NEW,010438507550,arn:aws:secretsmanager:ap-south-1:010438507550:secret:qa/notification/config-pJa5PM,ap-south-1,2025-03-03T09:27:31.476Z
FAILED,MEDIUM,NEW,010438507550,arn:aws:secretsmanager:ap-south-1:010438507550:secret:qa/command_control/config-LY0CAE,ap-south-1,2025-03-03T09:27:31.476Z
FAILED,MEDIUM,NEW,010438507550,arn:aws:secretsmanager:ap-south-1:010438507550:secret:sns_topic_arn-bDrpEf,ap-south-1,2025-03-03T09:27:31.475Z
FAILED,MEDIUM,NEW,010438507550,arn:aws:secretsmanager:ap-south-1:010438507550:secret:qa/file-management/config-new-rak5XJ,ap-south-1,2025-03-03T09:27:31.475Z
FAILED,MEDIUM,NEW,010438507550,arn:aws:secretsmanager:ap-south-1:010438507550:secret:qa/rds/secrets-nf0H0j,ap-south-1,2025-03-03T09:27:31.475Z
FAILED,MEDIUM,NEW,010438507550,arn:aws:secretsmanager:ap-south-1:010438507550:secret:hmcl-cv-qa-vehicle-reports-app-secret-YTTgVC,ap-south-1,2025-03-03T09:27:31.475Z
FAILED,MEDIUM,NEW,010438507550,arn:aws:secretsmanager:ap-south-1:010438507550:secret:qa/analytics/secrets-K32Mbf,ap-south-1,2025-03-03T09:27:31.475Z
FAILED,MEDIUM,NEW,010438507550,arn:aws:secretsmanager:ap-south-1:010438507550:secret:qa/vehicle-management/privatecert-pAVRYj,ap-south-1,2025-03-03T09:27:31.475Z
