﻿"Compliance Status","Severity","Workflow","Account","Resource","Region","Updated"
"FAILED","MEDIUM","NEW","637423293078","arn:aws:ec2:ap-south-1:637423293078:instance/i-0751d7f7a49296089","ap-south-1","2025-03-03T09:58:57.656Z"
"FAILED","MEDIUM","SUPPRESSED","783764575149","arn:aws:ec2:ap-south-1:783764575149:instance/i-02a49b14d8ba1a6c2","ap-south-1","2025-03-03T09:52:29.551Z"
"FAILED","MEDIUM","SUPPRESSED","783764575149","arn:aws:ec2:ap-south-1:783764575149:instance/i-04018bcdb0a5d7f2a","ap-south-1","2025-03-03T09:52:29.550Z"
"FAILED","MEDIUM","NEW","905418263290","arn:aws:ec2:ap-south-1:905418263290:instance/i-0e39364a938008212","ap-south-1","2025-03-03T06:45:24.067Z"
"FAILED","MEDIUM","SUPPRESSED","438465139527","arn:aws:ec2:ap-south-1:438465139527:instance/i-057ab53bdd25dbd5c","ap-south-1","2025-03-03T06:12:23.276Z"
"FAILED","MEDIUM","NEW","010438507550","arn:aws:ec2:ap-south-1:010438507550:instance/i-00304c678aa7efdbc","ap-south-1","2025-03-02T21:27:08.456Z"
"FAILED","MEDIUM","NEW","010438507550","arn:aws:ec2:ap-south-1:010438507550:instance/i-009634e6d7873d235","ap-south-1","2025-03-02T21:27:08.456Z"
"FAILED","MEDIUM","NEW","992382403372","arn:aws:ec2:ap-south-1:992382403372:instance/i-0fb7648a21caf6928","ap-south-1","2025-03-02T16:50:46.952Z"
"FAILED","MEDIUM","NEW","992382403372","arn:aws:ec2:ap-south-1:992382403372:instance/i-031b03933131adf1d","ap-south-1","2025-03-02T16:50:46.952Z"
"FAILED","MEDIUM","NEW","992382403372","arn:aws:ec2:ap-south-1:992382403372:instance/i-09c7867b853e7d37f","ap-south-1","2025-03-02T16:50:46.951Z"
"FAILED","MEDIUM","NEW","992382403372","arn:aws:ec2:ap-south-1:992382403372:instance/i-059f81946f0cb3bf0","ap-south-1","2025-03-02T16:50:46.950Z"