﻿Compliance Status,Severity,Workflow,Account,Resource,Region,Updated
FAILED,MEDIUM,NEW,010438507550,arn:aws:states:ap-south-1:010438507550:stateMachine:hmcl-cv-qa-postgre-public-vehicle-group-schedule,ap-south-1,2025-03-03T09:27:43.864Z
FAILED,MEDIUM,NEW,6.37423E+11,arn:aws:states:ap-south-1:637423423802:stateMachine:hmcl-cv-uat-postgre-public-vehicle-group-schedule,ap-south-1,2025-03-03T08:31:39.311Z
FAILED,MEDIUM,NEW,9.05418E+11,arn:aws:states:ap-south-1:905418263290:stateMachine:hmcl-cv-dev-postgre-vehicle-management-package-compatibility,ap-south-1,2025-03-03T06:46:07.209Z
FAILED,MEDIUM,NEW,9.05418E+11,arn:aws:states:ap-south-1:905418263290:stateMachine:hmcl-cv-dev-write-trip-statistics-4hour,ap-south-1,2025-03-03T06:46:07.209Z
FAILED,MEDIUM,NEW,9.05418E+11,arn:aws:states:ap-south-1:905418263290:stateMachine:hmcl-cv-dev-postgre-public.tft_detail-schedule,ap-south-1,2025-03-03T06:46:07.208Z
FAILED,MEDIUM,NEW,9.05418E+11,arn:aws:states:ap-south-1:905418263290:stateMachine:hmcl-cv-dev-postgre-public.vehicle_model_nodes-schedule,ap-south-1,2025-03-03T06:46:07.208Z
FAILED,MEDIUM,NEW,9.05418E+11,arn:aws:states:ap-south-1:905418263290:stateMachine:hmcl-cv-dev-postgre-public.signal_config_master-schedule,ap-south-1,2025-03-03T06:46:07.208Z
FAILED,MEDIUM,NEW,9.05418E+11,arn:aws:states:ap-south-1:905418263290:stateMachine:hmcl-cv-dev-postgre-auth.approval_log-schedule,ap-south-1,2025-03-03T06:46:07.208Z
FAILED,MEDIUM,NEW,9.05418E+11,arn:aws:states:ap-south-1:905418263290:stateMachine:hmcl-cv-dev-postgre-public.decoder_network_interface-schedule,ap-south-1,2025-03-03T06:46:07.208Z
FAILED,MEDIUM,NEW,9.05418E+11,arn:aws:states:ap-south-1:905418263290:stateMachine:hmcl-cv-dev-postgre-public.vehicle_model_ecu_mapping-schedule,ap-south-1,2025-03-03T06:46:07.208Z
FAILED,MEDIUM,NEW,9.05418E+11,arn:aws:states:ap-south-1:905418263290:stateMachine:hmcl-cv-dev-postgre-auth.user-schedule,ap-south-1,2025-03-03T06:46:07.208Z
FAILED,MEDIUM,NEW,9.05418E+11,arn:aws:states:ap-south-1:905418263290:stateMachine:hmcl-cv-dev-postgre-public.network_interfaces-schedule,ap-south-1,2025-03-03T06:46:07.208Z
FAILED,MEDIUM,NEW,9.05418E+11,arn:aws:states:ap-south-1:905418263290:stateMachine:hmcl-cv-dev-postgre-notification.notification_templates-schedule,ap-south-1,2025-03-03T06:46:07.208Z
FAILED,MEDIUM,NEW,9.05418E+11,arn:aws:states:ap-south-1:905418263290:stateMachine:hmcl-cv-dev-postgre-public.decoder_manifest-schedule,ap-south-1,2025-03-03T06:46:07.208Z
FAILED,MEDIUM,NEW,9.05418E+11,arn:aws:states:ap-south-1:905418263290:stateMachine:hmcl-cv-dev-postgre-public.signal_mappings-schedule,ap-south-1,2025-03-03T06:46:07.208Z
FAILED,MEDIUM,NEW,9.05418E+11,arn:aws:states:ap-south-1:905418263290:stateMachine:hmcl-cv-dev-postgre-public.decoder_manifest_signals-schedule,ap-south-1,2025-03-03T06:46:07.208Z
FAILED,MEDIUM,NEW,9.05418E+11,arn:aws:states:ap-south-1:905418263290:stateMachine:hmcl-cv-dev-postgre-feature_management.feature_tenant_mapping-schedule,ap-south-1,2025-03-03T06:46:07.208Z
FAILED,MEDIUM,NEW,9.05418E+11,arn:aws:states:ap-south-1:905418263290:stateMachine:hmcl-cv-dev-postgre-notification.notification_request-schedule,ap-south-1,2025-03-03T06:46:07.207Z
FAILED,MEDIUM,NEW,9.05418E+11,arn:aws:states:ap-south-1:905418263290:stateMachine:hmcl-cv-dev-postgre-public.campaign_vehicles-schedule,ap-south-1,2025-03-03T06:46:07.207Z
FAILED,MEDIUM,NEW,9.05418E+11,arn:aws:states:ap-south-1:905418263290:stateMachine:hmcl-cv-dev-postgre-auth-feature,ap-south-1,2025-03-03T06:46:07.207Z
FAILED,MEDIUM,NEW,9.05418E+11,arn:aws:states:ap-south-1:905418263290:stateMachine:hmcl-cv-dev-postgre-public.campaign_packages-schedule,ap-south-1,2025-03-03T06:46:07.207Z
FAILED,MEDIUM,NEW,9.05418E+11,arn:aws:states:ap-south-1:905418263290:stateMachine:DynamoDB_s3,ap-south-1,2025-03-03T06:46:07.207Z
FAILED,MEDIUM,NEW,9.05418E+11,arn:aws:states:ap-south-1:905418263290:stateMachine:hmcl-cv-dev-postgre-auth-feature-permission,ap-south-1,2025-03-03T06:46:07.207Z
FAILED,MEDIUM,NEW,9.05418E+11,arn:aws:states:ap-south-1:905418263290:stateMachine:hmcl-cv-dev-postgre-feature-management-feature-alert-mapping,ap-south-1,2025-03-03T06:46:07.207Z
FAILED,MEDIUM,NEW,9.05418E+11,arn:aws:states:ap-south-1:905418263290:stateMachine:hmcl-cv-dev-postgre-feature_management.feature-schedule,ap-south-1,2025-03-03T06:46:07.207Z
FAILED,MEDIUM,NEW,9.05418E+11,arn:aws:states:ap-south-1:905418263290:stateMachine:audit_log_concurent_issue_reproduce,ap-south-1,2025-03-03T06:46:07.207Z
FAILED,MEDIUM,NEW,9.05418E+11,arn:aws:states:ap-south-1:905418263290:stateMachine:hmcl-cv-dev-postgre-auth-role-feature,ap-south-1,2025-03-03T06:46:07.206Z
FAILED,MEDIUM,NEW,9.05418E+11,arn:aws:states:ap-south-1:905418263290:stateMachine:hmcl-cv-dev-postgre-public.tcus-schedule,ap-south-1,2025-03-03T00:46:09.941Z
FAILED,MEDIUM,NEW,9.05418E+11,arn:aws:states:ap-south-1:905418263290:stateMachine:hmcl-cv-dev-postgre-public.vehicle_model-schedule,ap-south-1,2025-03-03T00:46:09.941Z
FAILED,MEDIUM,NEW,9.05418E+11,arn:aws:states:ap-south-1:905418263290:stateMachine:hmcl-cv-dev-write-device-ledger,ap-south-1,2025-03-03T00:46:09.941Z
FAILED,MEDIUM,NEW,9.05418E+11,arn:aws:states:ap-south-1:905418263290:stateMachine:hmcl-cv-dev-postgre-public.vehicle_colour-schedule,ap-south-1,2025-03-03T00:46:09.940Z
FAILED,MEDIUM,NEW,9.05418E+11,arn:aws:states:ap-south-1:905418263290:stateMachine:hmcl-cv-dev-postgre-vehicle-management-component-sequencing,ap-south-1,2025-03-03T00:46:09.940Z
FAILED,MEDIUM,NEW,9.05418E+11,arn:aws:states:ap-south-1:905418263290:stateMachine:hmcl-cv-dev-postgre-public.vehicle_group_mapping-schedule,ap-south-1,2025-03-03T00:46:09.940Z
FAILED,MEDIUM,NEW,9.05418E+11,arn:aws:states:ap-south-1:905418263290:stateMachine:hmcl-cv-dev-postgre-public.vehicle_model_manifest-schedule,ap-south-1,2025-03-03T00:46:09.940Z
FAILED,MEDIUM,NEW,9.05418E+11,arn:aws:states:ap-south-1:905418263290:stateMachine:hmcl-cv-dev-postgre-public.campaign_vehicle_models-schedule,ap-south-1,2025-03-03T00:46:09.940Z
FAILED,MEDIUM,NEW,9.05418E+11,arn:aws:states:ap-south-1:905418263290:stateMachine:hmcl-cv-dev-postgre-public.vehicle_tags-schedule,ap-south-1,2025-03-03T00:46:09.940Z
FAILED,MEDIUM,NEW,9.05418E+11,arn:aws:states:ap-south-1:905418263290:stateMachine:hmcl-cv-dev-postgre-public.signal-schedule,ap-south-1,2025-03-03T00:46:09.940Z
FAILED,MEDIUM,NEW,9.05418E+11,arn:aws:states:ap-south-1:905418263290:stateMachine:hmcl-cv-dev-postgre-public.vehicle_trim-schedule,ap-south-1,2025-03-03T00:46:09.940Z
FAILED,MEDIUM,NEW,9.05418E+11,arn:aws:states:ap-south-1:905418263290:stateMachine:hmcl-cv-dev-postgre-public.tcu_mapping-schedule,ap-south-1,2025-03-03T00:46:09.940Z
FAILED,MEDIUM,NEW,9.05418E+11,arn:aws:states:ap-south-1:905418263290:stateMachine:hmcl-cv-dev-postgre-vehicle-management-package-component,ap-south-1,2025-03-03T00:46:09.940Z
FAILED,MEDIUM,NEW,9.05418E+11,arn:aws:states:ap-south-1:905418263290:stateMachine:hmcl-cv-dev-postgre-feature_management.feature_model_mapping-schedule,ap-south-1,2025-03-03T00:46:09.940Z
FAILED,MEDIUM,NEW,9.05418E+11,arn:aws:states:ap-south-1:905418263290:stateMachine:hmcl-cv-dev-postgre-public.fleets-schedule,ap-south-1,2025-03-03T00:46:09.940Z
FAILED,MEDIUM,NEW,9.05418E+11,arn:aws:states:ap-south-1:905418263290:stateMachine:test_machine,ap-south-1,2025-03-03T00:46:09.940Z
FAILED,MEDIUM,NEW,9.05418E+11,arn:aws:states:ap-south-1:905418263290:stateMachine:Dynamodb_to_s3_single_freq,ap-south-1,2025-03-03T00:46:09.940Z
FAILED,MEDIUM,NEW,9.05418E+11,arn:aws:states:ap-south-1:905418263290:stateMachine:hmcl-cv-dev-postgre-public.decoder_signal-schedule,ap-south-1,2025-03-03T00:46:09.939Z
FAILED,MEDIUM,NEW,9.05418E+11,arn:aws:states:ap-south-1:905418263290:stateMachine:hmcl-cv-dev-postgre-notification.notification_dedup_check-schedule,ap-south-1,2025-03-03T00:46:09.939Z
FAILED,MEDIUM,NEW,9.05418E+11,arn:aws:states:ap-south-1:905418263290:stateMachine:hmcl-cv-dev-postgre-public.dbc_files-schedule,ap-south-1,2025-03-03T00:46:09.939Z
FAILED,MEDIUM,NEW,9.05418E+11,arn:aws:states:ap-south-1:905418263290:stateMachine:hmcl-cv-dev-postgre-public.ecus-schedule,ap-south-1,2025-03-03T00:46:09.939Z
FAILED,MEDIUM,NEW,9.05418E+11,arn:aws:states:ap-south-1:905418263290:stateMachine:hmcl-cv-dev-postgre-public.campaigns-schedule,ap-south-1,2025-03-03T00:46:09.939Z
FAILED,MEDIUM,NEW,9.05418E+11,arn:aws:states:ap-south-1:905418263290:stateMachine:hmcl-cv-dev-postgre-auth.role-schedule,ap-south-1,2025-03-03T00:46:09.939Z
FAILED,MEDIUM,NEW,9.05418E+11,arn:aws:states:ap-south-1:905418263290:stateMachine:hmcl-cv-dev-postgre-public.config-schedule,ap-south-1,2025-03-03T00:46:09.939Z
FAILED,MEDIUM,NEW,9.05418E+11,arn:aws:states:ap-south-1:905418263290:stateMachine:hmcl-cv-dev-postgre-auth.permission-schedule,ap-south-1,2025-03-03T00:46:09.939Z
FAILED,MEDIUM,NEW,9.05418E+11,arn:aws:states:ap-south-1:905418263290:stateMachine:hmcl-cv-dev-postgre-public.branch-schedule,ap-south-1,2025-03-03T00:46:09.939Z
FAILED,MEDIUM,NEW,9.05418E+11,arn:aws:states:ap-south-1:905418263290:stateMachine:hmcl-cv-dev-postgre-auth.role_permission-schedule,ap-south-1,2025-03-03T00:46:09.939Z
FAILED,MEDIUM,NEW,9.05418E+11,arn:aws:states:ap-south-1:905418263290:stateMachine:hmcl-cv-dev-postgre-public.signal_catalogs-schedule,ap-south-1,2025-03-03T00:46:09.939Z
FAILED,MEDIUM,NEW,9.05418E+11,arn:aws:states:ap-south-1:905418263290:stateMachine:hmcl-cv-dev-postgre-public.ecu-schedule,ap-south-1,2025-03-03T00:46:09.939Z
FAILED,MEDIUM,NEW,9.05418E+11,arn:aws:states:ap-south-1:905418263290:stateMachine:hmcl-cv-dev-postgre-public.campaign_policies-schedule,ap-south-1,2025-03-03T00:46:09.939Z
FAILED,MEDIUM,NEW,9.05418E+11,arn:aws:states:ap-south-1:905418263290:stateMachine:hmcl-cv-dev-postgre-feature-management-feature-command-mapping,ap-south-1,2025-03-03T00:46:09.938Z
FAILED,MEDIUM,NEW,9.05418E+11,arn:aws:states:ap-south-1:905418263290:stateMachine:hmcl-cv-dev-postgre-auth-feature-code,ap-south-1,2025-03-03T00:46:09.938Z
FAILED,MEDIUM,NEW,9.05418E+11,arn:aws:states:ap-south-1:905418263290:stateMachine:hmcl-cv-dev-esync-ota-landing-raw-pg-schedule,ap-south-1,2025-03-03T00:46:09.938Z
FAILED,MEDIUM,NEW,9.05418E+11,arn:aws:states:ap-south-1:905418263290:stateMachine:hmcl-cv-dev-postgre-notification.notification-schedule,ap-south-1,2025-03-03T00:46:09.938Z
FAILED,MEDIUM,NEW,9.05418E+11,arn:aws:states:ap-south-1:905418263290:stateMachine:hmcl-cv-dev-write-telemetry-landing-raw,ap-south-1,2025-03-02T18:45:57.238Z
FAILED,MEDIUM,NEW,9.05418E+11,arn:aws:states:ap-south-1:905418263290:stateMachine:hmcl-cv-dev-postgre-public.vehicle_tag-schedule,ap-south-1,2025-03-02T18:45:57.237Z
FAILED,MEDIUM,NEW,9.05418E+11,arn:aws:states:ap-south-1:905418263290:stateMachine:hmcl-cv-dev-write-telemetry-msk-landing,ap-south-1,2025-03-02T18:45:57.237Z
FAILED,MEDIUM,NEW,9.05418E+11,arn:aws:states:ap-south-1:905418263290:stateMachine:hmcl-cv-dev-postgre-public.ecu_detail-schedule,ap-south-1,2025-03-02T18:45:57.237Z
FAILED,MEDIUM,NEW,9.05418E+11,arn:aws:states:ap-south-1:905418263290:stateMachine:hmcl-cv-dev-postgre-vehicle-management-package-policies,ap-south-1,2025-03-02T18:45:57.237Z
FAILED,MEDIUM,NEW,9.05418E+11,arn:aws:states:ap-south-1:905418263290:stateMachine:hmcl-cv-dev-postgre-public.package_components-schedule,ap-south-1,2025-03-02T18:45:57.237Z
FAILED,MEDIUM,NEW,9.05418E+11,arn:aws:states:ap-south-1:905418263290:stateMachine:pg_to_landning_StateMachine,ap-south-1,2025-03-02T18:45:57.237Z
FAILED,MEDIUM,NEW,9.05418E+11,arn:aws:states:ap-south-1:905418263290:stateMachine:hmcl-cv-dev-write-trip-statistics-daily,ap-south-1,2025-03-02T18:45:57.237Z
FAILED,MEDIUM,NEW,9.05418E+11,arn:aws:states:ap-south-1:905418263290:stateMachine:hmcl-cv-dev-update-user-management-dynamodb-table,ap-south-1,2025-03-02T18:45:57.237Z
FAILED,MEDIUM,NEW,9.05418E+11,arn:aws:states:ap-south-1:905418263290:stateMachine:hmcl-cv-dev-postgre-public.vehicle_group-schedule,ap-south-1,2025-03-02T18:45:57.237Z
FAILED,MEDIUM,NEW,9.05418E+11,arn:aws:states:ap-south-1:905418263290:stateMachine:hmcl-cv-dev-postgre-vehicle-management-package,ap-south-1,2025-03-02T18:45:57.237Z
FAILED,MEDIUM,NEW,9.05418E+11,arn:aws:states:ap-south-1:905418263290:stateMachine:hmcl-cv-dev-postgre-public.vehicle_model_trims-schedule,ap-south-1,2025-03-02T18:45:57.237Z
FAILED,MEDIUM,NEW,9.05418E+11,arn:aws:states:ap-south-1:905418263290:stateMachine:hmcl-cv-dev-postgre-vehicle_management.modelconfig-schedule,ap-south-1,2025-03-02T18:45:57.237Z
FAILED,MEDIUM,NEW,9.05418E+11,arn:aws:states:ap-south-1:905418263290:stateMachine:hmcl-cv-dev-telemetry-schedule,ap-south-1,2025-03-02T18:45:57.237Z
FAILED,MEDIUM,NEW,9.05418E+11,arn:aws:states:ap-south-1:905418263290:stateMachine:hmcl-cv-dev-postgre-public.vehicle_properties-schedule,ap-south-1,2025-03-02T18:45:57.236Z
FAILED,MEDIUM,NEW,9.05418E+11,arn:aws:states:ap-south-1:905418263290:stateMachine:hmcl-cv-dev-postgre-public.thor_campaigns-schedule,ap-south-1,2025-03-02T18:45:57.236Z
FAILED,MEDIUM,NEW,9.05418E+11,arn:aws:states:ap-south-1:905418263290:stateMachine:hmcl-cv-dev-postgre-public.vehicle_model_colours-schedule,ap-south-1,2025-03-02T18:45:57.236Z
FAILED,MEDIUM,NEW,9.05418E+11,arn:aws:states:ap-south-1:905418263290:stateMachine:hmcl-cv-dev-postgre-vehicle-management-campaign,ap-south-1,2025-03-02T18:45:57.236Z
FAILED,MEDIUM,NEW,9.05418E+11,arn:aws:states:ap-south-1:905418263290:stateMachine:hmcl-cv-dev-postgre-public.tenant-schedule,ap-south-1,2025-03-02T18:45:57.236Z
FAILED,MEDIUM,NEW,9.05418E+11,arn:aws:states:ap-south-1:905418263290:stateMachine:hmcl-cv-dev-postgre-public.signal_catalogue-schedule,ap-south-1,2025-03-02T18:45:57.236Z
FAILED,MEDIUM,NEW,9.05418E+11,arn:aws:states:ap-south-1:905418263290:stateMachine:hmcl-cv-dev-postgre-public.packages-schedule,ap-south-1,2025-03-02T18:45:57.236Z
FAILED,MEDIUM,NEW,9.05418E+11,arn:aws:states:ap-south-1:905418263290:stateMachine:hmcl-cv-dev-postgre-public.vehicles-schedule,ap-south-1,2025-03-02T18:45:57.236Z
FAILED,MEDIUM,NEW,9.05418E+11,arn:aws:states:ap-south-1:905418263290:stateMachine:hmcl-cv-dev-postgre-notification-alert,ap-south-1,2025-03-02T18:45:57.236Z
FAILED,MEDIUM,NEW,9.05418E+11,arn:aws:states:ap-south-1:905418263290:stateMachine:hmcl-cv-dev-postgre-public.tcu_detail-schedule,ap-south-1,2025-03-02T18:45:57.236Z
FAILED,MEDIUM,NEW,9.05418E+11,arn:aws:states:ap-south-1:905418263290:stateMachine:hmcl-cv-dev-postgre-notification.emergency_contacts-schedule,ap-south-1,2025-03-02T18:45:57.235Z
FAILED,MEDIUM,NEW,9.05418E+11,arn:aws:states:ap-south-1:905418263290:stateMachine:hmcl-cv-dev-postgre-command-and-control-command,ap-south-1,2025-03-02T18:45:57.235Z
