<?xml version="1.0" encoding="UTF-8"?>
<project xmlns="http://maven.apache.org/POM/4.0.0" xmlns:xsi="http://www.w3.org/2001/XMLSchema-instance" xsi:schemaLocation="http://maven.apache.org/POM/4.0.0 http://maven.apache.org/maven-v4_0_0.xsd">
  <parent>
    <artifactId>streamprocessing</artifactId>
    <groupId>org.hmcl.cvp.dataplatform</groupId>
    <version>1.0.0-SNAPSHOT</version>
     <relativePath>streamprocessing/pom.xml</relativePath>
  </parent>
  <modelVersion>4.0.0</modelVersion>
  <artifactId>hotstorage</artifactId>
  <build>
    <plugins>
      <plugin>
        <artifactId>maven-compiler-plugin</artifactId>
      </plugin>
      <plugin>
        <artifactId>maven-dependency-plugin</artifactId>
      </plugin>
      <plugin>
        <artifactId>maven-shade-plugin</artifactId>
      </plugin>
      <plugin>
        <artifactId>maven-surefire-plugin</artifactId>
        <version>${maven.surefire.plugin.version}</version>
        <dependencies>
          <dependency>
            <groupId>org.apache.maven.surefire</groupId>
            <artifactId>surefire-junit47</artifactId>
            <version>${maven.surefire.plugin.version}</version>
          </dependency>
        </dependencies>
        <configuration>
          <excludes>
            <exclude>%regex[.*(FlinkJob).*Test.*]</exclude>
          </excludes>
        </configuration>
      </plugin>
      <plugin>
        <groupId>org.jacoco</groupId>
        <artifactId>jacoco-maven-plugin</artifactId>
        <executions>
          <execution>
            <goals>
              <goal>prepare-agent</goal>
            </goals>
          </execution>
          <execution>
            <id>report</id>
            <phase>test</phase>
            <goals>
              <goal>report</goal>
            </goals>
          </execution>
        </executions>
      </plugin>
    </plugins>
  </build>
  <dependencies>
    <dependency>
      <groupId>org.slf4j</groupId>
      <artifactId>slf4j-api</artifactId>
      <version>1.7.36</version>
      <scope>provided</scope>
    </dependency>
    <dependency>
      <groupId>org.apache.logging.log4j</groupId>
      <artifactId>log4j-api</artifactId>
      <version>2.17.2</version>
      <scope>compile</scope>
    </dependency>
    <dependency>
      <groupId>org.apache.logging.log4j</groupId>
      <artifactId>log4j-core</artifactId>
      <version>2.17.2</version>
      <scope>compile</scope>
    </dependency>
    <dependency>
      <groupId>org.apache.logging.log4j</groupId>
      <artifactId>log4j-slf4j-impl</artifactId>
      <version>2.17.2</version>
      <scope>compile</scope>
    </dependency>
    <dependency>
      <groupId>org.apache.logging.log4j</groupId>
      <artifactId>log4j-1.2-api</artifactId>
      <version>2.17.2</version>
      <scope>test</scope>
    </dependency>
    <dependency>
      <groupId>org.apache.logging.log4j</groupId>
      <artifactId>log4j-jcl</artifactId>
      <version>2.17.2</version>
      <scope>compile</scope>
    </dependency>
    <dependency>
      <groupId>org.apache.flink</groupId>
      <artifactId>flink-java</artifactId>
      <version>1.18.1</version>
      <scope>provided</scope>
      <exclusions>
        <exclusion>
          <artifactId>flink-core</artifactId>
          <groupId>org.apache.flink</groupId>
        </exclusion>
        <exclusion>
          <artifactId>commons-lang3</artifactId>
          <groupId>org.apache.commons</groupId>
        </exclusion>
        <exclusion>
          <artifactId>commons-math3</artifactId>
          <groupId>org.apache.commons</groupId>
        </exclusion>
      </exclusions>
    </dependency>
    <dependency>
      <groupId>org.apache.flink</groupId>
      <artifactId>flink-clients</artifactId>
      <version>1.18.1</version>
      <scope>provided</scope>
      <exclusions>
        <exclusion>
          <artifactId>flink-runtime</artifactId>
          <groupId>org.apache.flink</groupId>
        </exclusion>
        <exclusion>
          <artifactId>flink-optimizer</artifactId>
          <groupId>org.apache.flink</groupId>
        </exclusion>
        <exclusion>
          <artifactId>commons-cli</artifactId>
          <groupId>commons-cli</groupId>
        </exclusion>
        <exclusion>
          <artifactId>flink-streaming-java</artifactId>
          <groupId>org.apache.flink</groupId>
        </exclusion>
        <exclusion>
          <artifactId>flink-core</artifactId>
          <groupId>org.apache.flink</groupId>
        </exclusion>
      </exclusions>
    </dependency>
    <dependency>
      <groupId>org.apache.flink</groupId>
      <artifactId>flink-connector-base</artifactId>
      <version>1.18.1</version>
      <scope>provided</scope>
    </dependency>
    <dependency>
      <groupId>org.apache.flink</groupId>
      <artifactId>flink-connector-files</artifactId>
      <version>1.18.1</version>
      <scope>provided</scope>
      <exclusions>
        <exclusion>
          <artifactId>flink-file-sink-common</artifactId>
          <groupId>org.apache.flink</groupId>
        </exclusion>
      </exclusions>
    </dependency>
    <dependency>
      <groupId>org.testcontainers</groupId>
      <artifactId>testcontainers</artifactId>
      <version>1.19.8</version>
      <scope>test</scope>
      <exclusions>
        <exclusion>
          <artifactId>jna</artifactId>
          <groupId>net.java.dev.jna</groupId>
        </exclusion>
        <exclusion>
          <artifactId>commons-compress</artifactId>
          <groupId>org.apache.commons</groupId>
        </exclusion>
        <exclusion>
          <artifactId>duct-tape</artifactId>
          <groupId>org.rnorth.duct-tape</groupId>
        </exclusion>
        <exclusion>
          <artifactId>docker-java-api</artifactId>
          <groupId>com.github.docker-java</groupId>
        </exclusion>
        <exclusion>
          <artifactId>docker-java-transport-zerodep</artifactId>
          <groupId>com.github.docker-java</groupId>
        </exclusion>
      </exclusions>
    </dependency>
    <dependency>
      <groupId>org.opensearch</groupId>
      <artifactId>opensearch-testcontainers</artifactId>
      <version>2.0.1</version>
      <scope>test</scope>
    </dependency>
    <dependency>
      <groupId>junit</groupId>
      <artifactId>junit</artifactId>
      <version>4.13.2</version>
      <scope>test</scope>
      <exclusions>
        <exclusion>
          <artifactId>hamcrest-core</artifactId>
          <groupId>org.hamcrest</groupId>
        </exclusion>
      </exclusions>
    </dependency>
    <dependency>
      <groupId>com.salesforce.kafka.test</groupId>
      <artifactId>kafka-junit4</artifactId>
      <version>3.2.5</version>
      <scope>test</scope>
      <exclusions>
        <exclusion>
          <artifactId>kafka-junit-core</artifactId>
          <groupId>com.salesforce.kafka.test</groupId>
        </exclusion>
        <exclusion>
          <artifactId>curator-test</artifactId>
          <groupId>org.apache.curator</groupId>
        </exclusion>
      </exclusions>
    </dependency>
    <dependency>
      <groupId>org.apache.kafka</groupId>
      <artifactId>kafka_2.12</artifactId>
      <version>3.5.1</version>
      <scope>test</scope>
      <exclusions>
        <exclusion>
          <artifactId>scala-library</artifactId>
          <groupId>org.scala-lang</groupId>
        </exclusion>
        <exclusion>
          <artifactId>kafka-server-common</artifactId>
          <groupId>org.apache.kafka</groupId>
        </exclusion>
        <exclusion>
          <artifactId>kafka-group-coordinator</artifactId>
          <groupId>org.apache.kafka</groupId>
        </exclusion>
        <exclusion>
          <artifactId>kafka-metadata</artifactId>
          <groupId>org.apache.kafka</groupId>
        </exclusion>
        <exclusion>
          <artifactId>kafka-storage-api</artifactId>
          <groupId>org.apache.kafka</groupId>
        </exclusion>
        <exclusion>
          <artifactId>kafka-tools-api</artifactId>
          <groupId>org.apache.kafka</groupId>
        </exclusion>
        <exclusion>
          <artifactId>kafka-raft</artifactId>
          <groupId>org.apache.kafka</groupId>
        </exclusion>
        <exclusion>
          <artifactId>kafka-storage</artifactId>
          <groupId>org.apache.kafka</groupId>
        </exclusion>
        <exclusion>
          <artifactId>argparse4j</artifactId>
          <groupId>net.sourceforge.argparse4j</groupId>
        </exclusion>
        <exclusion>
          <artifactId>jackson-module-scala_2.12</artifactId>
          <groupId>com.fasterxml.jackson.module</groupId>
        </exclusion>
        <exclusion>
          <artifactId>jackson-dataformat-csv</artifactId>
          <groupId>com.fasterxml.jackson.dataformat</groupId>
        </exclusion>
        <exclusion>
          <artifactId>jose4j</artifactId>
          <groupId>org.bitbucket.b_c</groupId>
        </exclusion>
        <exclusion>
          <artifactId>metrics-core</artifactId>
          <groupId>com.yammer.metrics</groupId>
        </exclusion>
        <exclusion>
          <artifactId>scala-collection-compat_2.12</artifactId>
          <groupId>org.scala-lang.modules</groupId>
        </exclusion>
        <exclusion>
          <artifactId>scala-java8-compat_2.12</artifactId>
          <groupId>org.scala-lang.modules</groupId>
        </exclusion>
        <exclusion>
          <artifactId>scala-reflect</artifactId>
          <groupId>org.scala-lang</groupId>
        </exclusion>
        <exclusion>
          <artifactId>scala-logging_2.12</artifactId>
          <groupId>com.typesafe.scala-logging</groupId>
        </exclusion>
        <exclusion>
          <artifactId>metrics-core</artifactId>
          <groupId>io.dropwizard.metrics</groupId>
        </exclusion>
        <exclusion>
          <artifactId>zookeeper</artifactId>
          <groupId>org.apache.zookeeper</groupId>
        </exclusion>
        <exclusion>
          <artifactId>commons-cli</artifactId>
          <groupId>commons-cli</groupId>
        </exclusion>
      </exclusions>
    </dependency>
    <dependency>
      <groupId>org.awaitility</groupId>
      <artifactId>awaitility</artifactId>
      <version>4.2.1</version>
      <scope>test</scope>
      <exclusions>
        <exclusion>
          <artifactId>hamcrest</artifactId>
          <groupId>org.hamcrest</groupId>
        </exclusion>
      </exclusions>
    </dependency>
    <dependency>
      <groupId>net.java.dev.jna</groupId>
      <artifactId>jna</artifactId>
      <version>5.14.0</version>
      <scope>test</scope>
    </dependency>
    <dependency>
      <groupId>org.apache.flink</groupId>
      <artifactId>flink-test-utils</artifactId>
      <version>1.18.1</version>
      <scope>test</scope>
      <exclusions>
        <exclusion>
          <artifactId>junit-jupiter</artifactId>
          <groupId>org.junit.jupiter</groupId>
        </exclusion>
        <exclusion>
          <artifactId>flink-table-common</artifactId>
          <groupId>org.apache.flink</groupId>
        </exclusion>
        <exclusion>
          <artifactId>flink-test-utils-junit</artifactId>
          <groupId>org.apache.flink</groupId>
        </exclusion>
        <exclusion>
          <artifactId>flink-runtime</artifactId>
          <groupId>org.apache.flink</groupId>
        </exclusion>
        <exclusion>
          <artifactId>flink-core</artifactId>
          <groupId>org.apache.flink</groupId>
        </exclusion>
        <exclusion>
          <artifactId>flink-rpc-akka-loader</artifactId>
          <groupId>org.apache.flink</groupId>
        </exclusion>
        <exclusion>
          <artifactId>assertj-core</artifactId>
          <groupId>org.assertj</groupId>
        </exclusion>
        <exclusion>
          <artifactId>flink-streaming-java</artifactId>
          <groupId>org.apache.flink</groupId>
        </exclusion>
        <exclusion>
          <artifactId>flink-statebackend-rocksdb</artifactId>
          <groupId>org.apache.flink</groupId>
        </exclusion>
        <exclusion>
          <artifactId>flink-statebackend-changelog</artifactId>
          <groupId>org.apache.flink</groupId>
        </exclusion>
        <exclusion>
          <artifactId>flink-dstl-dfs</artifactId>
          <groupId>org.apache.flink</groupId>
        </exclusion>
      </exclusions>
    </dependency>
    <dependency>
      <groupId>org.projectlombok</groupId>
      <artifactId>lombok</artifactId>
      <version>1.18.32</version>
      <scope>provided</scope>
    </dependency>
  </dependencies>
  <distributionManagement>
    <repository>
      <id>thor-apps-common-utilities</id>
      <url>https://pkgs.dev.azure.com/hero-ev-team/db38c4e7-5b29-4a2b-ae8a-ac752a2736c4/_packaging/thor-apps-common-utilities/maven/v1</url>
    </repository>
  </distributionManagement>
  <properties>
    <main.class>org.hmcl.cvp.dataplatform.hotstorage.job.OpenSearchHotStorageFlink</main.class>
    <testcontainer.junit.version>1.19.8</testcontainer.junit.version>
    <dataplatform.contracts.version>1.0.0-SNAPSHOT</dataplatform.contracts.version>
    <dataplatform.commons.version>1.0.0-SNAPSHOT</dataplatform.commons.version>
  </properties>
</project>
