<?xml version="1.0" encoding="UTF-8"?>
<Configuration status="INFO">
    <Appenders>
        <Console name="console" target="SYSTEM_OUT">
            <PatternLayout pattern="%d{yyyy-MM-dd HH:mm:ss.SSS} [%t] %highlight{%-5level} %logger{36} - %msg%n"/>
        </Console>
        <RollingFile name="rolling" fileName="logs/geofencing.log"
                     filePattern="logs/$${date:yyyy-MM}/app-%d{MM-dd-yyyy}-%i.log.gz">
            <PatternLayout pattern="%d{yyyy-MM-dd HH:mm:ss.SSS} [%t] %-5level %logger{36} - %msg%n"/>
            <Policies>
                <!-- How the log file should be overridden -->
                <!-- Rotation every 4 hours -->
                <TimeBasedTriggeringPolicy interval="12"/>
                <!-- Rotation every time log size reached 100MB -->
                <SizeBasedTriggeringPolicy size="100 MB"/>
            </Policies>
            <!-- How many archived files to keep. For now, keep 10 days worth of data - (TimeBasedTriggeringPolicy.interval * DefaultRolloverStrategy.max)/24 -->
            <DefaultRolloverStrategy max="20"/>
        </RollingFile>
    </Appenders>

    <Loggers>
        <Root level="info">
            <AppenderRef ref="console"/>
        </Root>
        <Logger level="info" name="org.autobahn.cvp.dataplatform">
            <AppenderRef ref="rolling"/>
        </Logger>
        <Logger level="info" name="org.apache.flink">
            <AppenderRef ref="rolling"/>
        </Logger>
    </Loggers>
</Configuration>
