{
  "campaignName": "hmcl-cv-fw-periodic-app-screen",
  "vehicleName": "HMCL-SIMTEST-RCV3-2024",
  "eventId": 1259480588,
  "collectionEventTime": 1721112400422,
  "dimensions": {
    "hmcl.tenantId": "EV-VIDA",
    "hmcl.virtualId": "72ce5d58-5d58-4e5d582362-8e5d582362a39-a39a5e"
  },
  "signals": {
    "hmcl.common.vcan0.tcu_ignition": [
      {
        "value": true,
        "dataType": "BOOLEAN",
        "time": 1721112396170
      },
      {
        "value": false,
        "dataType": "BOOLEAN",
        "time": 1721112391127
      }
    ],
    "hmcl.common.vcan0.internal_battery_charge_voltage": [
      {
        "value": 0,
        "dataType": "BIGINT",
        "time": 1721112396746
      },
      {
        "value": 0,
        "dataType": "BIGINT",
        "time": 1721112391657
      }
    ],
    "hmcl.common.vcan0.internal_battery_charge_percentage": [
      {
        "value": 0,
        "dataType": "BIGINT",
        "time": 1721112396984
      },
      {
        "value": 0,
        "dataType": "BIGINT",
        "time": 1721112391940
      }
    ],
    "hmcl.common.vcan0.gps_fix": [
      {
        "value": 0,
        "dataType": "BIGINT",
        "time": 1721112398604
      },
      {
        "value": 0,
        "dataType": "BIGINT",
        "time": 1721112393552
      }
    ],
    "hmcl.common.vcan0.gps_valid": [
      {
        "value": false,
        "dataType": "BOOLEAN",
        "time": 1721112399418
      },
      {
        "value": false,
        "dataType": "BOOLEAN",
        "time": 1721112394268
      }
    ],
    "hmcl.common.vcan0.satellite_in_view": [
      {
        "value": 0,
        "dataType": "BIGINT",
        "time": 1721112399266
      },
      {
        "value": 0,
        "dataType": "BIGINT",
        "time": 1721112394264
      }
    ],
    "hmcl.common.vcan0.satellite_in_use": [
      {
        "value": 0,
        "dataType": "BIGINT",
        "time": 1721112398668
      },
      {
        "value": 0,
        "dataType": "BIGINT",
        "time": 1721112393652
      }
    ],
    "hmcl.common.vcan0.vdop": [
      {
        "value": 0,
        "dataType": "BIGINT",
        "time": 1721112399205
      },
      {
        "value": 0,
        "dataType": "BIGINT",
        "time": 1721112394196
      }
    ],
    "hmcl.common.vcan0.pdop": [
      {
        "value": 0,
        "dataType": "BIGINT",
        "time": 1721112399205
      },
      {
        "value": 0,
        "dataType": "BIGINT",
        "time": 1721112394196
      }
    ],
    "hmcl.common.vcan0.hdop": [
      {
        "value": 0,
        "dataType": "BIGINT",
        "time": 1721112398720
      },
      {
        "value": 0,
        "dataType": "BIGINT",
        "time": 1721112393709
      }
    ],
    "hmcl.common.vcan0.cog": [
      {
        "value": 0,
        "dataType": "BIGINT",
        "time": 1721112399106
      },
      {
        "value": 0,
        "dataType": "BIGINT",
        "time": 1721112394098
      }
    ],
    "hmcl.common.vcan0.altitude": [
      {
        "value": 0,
        "dataType": "BIGINT",
        "time": 1721112399105
      },
      {
        "value": 0,
        "dataType": "BIGINT",
        "time": 1721112393978
      }
    ],
    "hmcl.common.vcan0.gps_speed": [
      {
        "value": 0,
        "dataType": "BIGINT",
        "time": 1721112398823
      },
      {
        "value": 0,
        "dataType": "BIGINT",
        "time": 1721112393818
      }
    ],
    "hmcl.common.vcan0.longitude": [
      {
        "value": 0.0,
        "dataType": "DOUBLE",
        "time": 1721112398823
      },
      {
        "value": 0.0,
        "dataType": "DOUBLE",
        "time": 1721112393772
      }
    ],
    "hmcl.common.vcan0.latitude": [
      {
        "value": 0.0,
        "dataType": "DOUBLE",
        "time": 1721112400048
      },
      {
        "value": 0.0,
        "dataType": "DOUBLE",
        "time": 1721112394630
      }
    ],
    "hmcl.ev.can0.throttle_percentage": [
      {
        "value": 0,
        "dataType": "BIGINT",
        "time": 1721112397267
      },
      {
        "value": 0,
        "dataType": "BIGINT",
        "time": 1721112392243
      }
    ],
    "hmcl.ev.can0.brake_status": [
      {
        "value": 0,
        "dataType": "BIGINT",
        "time": 1721112399263
      },
      {
        "value": 0,
        "dataType": "BIGINT",
        "time": 1721112394261
      }
    ],
    "hmcl.ev.can0.vehicle_speed_vcu": [
      {
        "value": 0,
        "dataType": "BIGINT",
        "time": 1721112397933
      },
      {
        "value": 0,
        "dataType": "BIGINT",
        "time": 1721112392854
      }
    ],
    "hmcl.ev.can0.vehicle_mode_signal": [
      {
        "value": 0,
        "dataType": "BIGINT",
        "time": 1721112399214
      },
      {
        "value": 0,
        "dataType": "BIGINT",
        "time": 1721112394195
      }
    ],
    "hmcl.ev.can0.odo_vcu": [
      {
        "value": 0,
        "dataType": "BIGINT",
        "time": 1721112400361
      },
      {
        "value": 0,
        "dataType": "BIGINT",
        "time": 1721112394998
      }
    ],
    "hmcl.ev.can0.avg_enegry_consumption": [
      {
        "value": 0,
        "dataType": "BIGINT",
        "time": 1721112394998
      }
    ],
    "hmcl.ev.can0.ambient_temperature": [
      {
        "value": 0,
        "dataType": "BIGINT",
        "time": 1721112394952
      }
    ],
    "hmcl.ev.can0.trip_mileage": [
      {
        "value": 0,
        "dataType": "BIGINT",
        "time": 1721112395057
      },
      {
        "value": 0,
        "dataType": "BIGINT",
        "time": 1721112390044
      }
    ],
    "hmcl.ev.can0.remaining_range": [
      {
        "value": 0,
        "dataType": "BIGINT",
        "time": 1721112395003
      }
    ],
    "hmcl.ev.can0.battery_operation_mode": [
      {
        "value": 0,
        "dataType": "BIGINT",
        "time": 1721112399580
      },
      {
        "value": 0,
        "dataType": "BIGINT",
        "time": 1721112394575
      }
    ],
    "hmcl.ev.bms_bdu_status": [
      {
        "value": 0,
        "dataType": "BIGINT",
        "time": 1721112399686
      },
      {
        "value": 0,
        "dataType": "BIGINT",
        "time": 1721112394681
      }
    ],
    "hmcl.ev.can0.bms_status": [
      {
        "value": 0,
        "dataType": "BIGINT",
        "time": 1721112395005
      }
    ],
    "hmcl.ev.can0.total_usable_energy": [
      {
        "value": 0,
        "dataType": "BIGINT",
        "time": 1721112395005
      }
    ],
    "hmcl.ev.can0.pack_voltage": [
      {
        "value": 0,
        "dataType": "BIGINT",
        "time": 1721112395007
      }
    ],
    "hmcl.ev.can0.pack_current": [
      {
        "value": 0,
        "dataType": "BIGINT",
        "time": 1721112395001
      }
    ],
    "hmcl.ev.can0.battery_pack_temperature": [
      {
        "value": 0,
        "dataType": "BIGINT",
        "time": 1721112396700
      },
      {
        "value": 0,
        "dataType": "BIGINT",
        "time": 1721112391655
      }
    ],
    "hmcl.ev.can0.soe": [
      {
        "value": 0,
        "dataType": "BIGINT",
        "time": 1721112396976
      },
      {
        "value": 0,
        "dataType": "BIGINT",
        "time": 1721112391943
      }
    ],
    "hmcl.ev.can0.soc_user_percentage": [
      {
        "value": 0,
        "dataType": "BIGINT",
        "time": 1721112396801
      },
      {
        "value": 0,
        "dataType": "BIGINT",
        "time": 1721112391752
      }
    ],
    "hmcl.ev.can0.soh_percentage": [
      {
        "value": 0,
        "dataType": "BIGINT",
        "time": 1721112397047
      },
      {
        "value": 0,
        "dataType": "BIGINT",
        "time": 1721112392018
      }
    ],
    "hmcl.ice.can0.fuel_percentage": [
      {
        "value": 12,
        "dataType": "BIGINT",
        "time": 1722266880000
      },
      {
        "value": 14,
        "dataType": "BIGINT",
        "time": 1721330520000
      }
    ],
    "hmcl.common.vcan0.fuel_level_volts": [
      {
        "value": 5.4,
        "dataType": "DOUBLE",
        "time": 1722006360000
      },
      {
        "value": 4.5,
        "dataType": "DOUBLE",
        "time": 1722266880000
      }
    ],
    "hmcl.ev.can0.bms1_soc_user_percentage": [
      {
        "value": 12,
        "dataType": "BIGINT",
        "time": 1722006360000
      },
      {
        "value": 14,
        "dataType": "BIGINT",
        "time": 1721330520000
      }
    ],
    "hmcl.ev.can0.bms2_battery_operation_mode": [
      {
        "value": 0,
        "dataType": "BIGINT",
        "time": 1721112395953
      },
      {
        "value": 0,
        "dataType": "BIGINT",
        "time": 1721112390849
      }
    ],
    "hmcl.ev.can0.bms2_soc_user_percentage": [
      {
        "value": 17,
        "dataType": "BIGINT",
        "time": 1721260800000
      },
      {
        "value": 14,
        "dataType": "BIGINT",
        "time": 1722006360000
      }
    ],
    "hmcl.ev.can0.boost_mode_status": [
      {
        "value": 0,
        "dataType": "BIGINT",
        "time": 1721112395768
      },
      {
        "value": 0,
        "dataType": "BIGINT",
        "time": 1721112390735
      }
    ],
    "hmcl.ev.can0.cluster_speed": [
      {
        "value": 0,
        "dataType": "BIGINT",
        "time": 1721112395767
      },
      {
        "value": 0,
        "dataType": "BIGINT",
        "time": 1721112390748
      }
    ],
    "hmcl.ev.can0.odo_reading": [
      {
        "value": 0.0,
        "dataType": "BIGINT",
        "time": 1721112395933
      },
      {
        "value": 0.0,
        "dataType": "BIGINT",
        "time": 1721112390860
      }
    ]
  }}
