﻿"Compliance Status","Severity","Workflow","Account","Resource","Region","Updated"
"FAILED","MEDIUM","NEW","211125359537","arn:aws:dynamodb:ap-south-1:211125359537:table/thor-hmcl-auto-sechub-remediation-admin-SchedulingTable1EC09B43-8UV6TJRSVPYC","ap-south-1","2025-03-04T00:04:39.543Z"
"FAILED","MEDIUM","NEW","211125359537","arn:aws:dynamodb:ap-south-1:211125359537:table/thor-hmcl-auto-sechub-remediation-admin-SchedulingTable1EC09B43-13TQFR9PWLIZX","ap-south-1","2025-03-04T00:04:39.543Z"
"FAILED","MEDIUM","NEW","211125359537","arn:aws:dynamodb:ap-south-1:211125359537:table/thor-hmcl-auto-sechub-remediation-admin-SchedulingTable1EC09B43-U8EMDTNSPQYW","ap-south-1","2025-03-04T00:04:39.543Z"
"FAILED","MEDIUM","NEW","211125359537","arn:aws:dynamodb:ap-south-1:211125359537:table/thor-hmcl-auto-sechub-remediation-admin-SchedulingTable1EC09B43-1P9VU5UQGOTW4","ap-south-1","2025-03-04T00:04:39.543Z"
"FAILED","MEDIUM","NEW","211125359537","arn:aws:dynamodb:ap-south-1:211125359537:table/thor-hmcl-auto-sechub-remediation-admin-SchedulingTable1EC09B43-1II8MXQGFEGBQ","ap-south-1","2025-03-04T00:04:39.543Z"
"FAILED","MEDIUM","NEW","211125359537","arn:aws:dynamodb:ap-south-1:211125359537:table/thor-hmcl-auto-sechub-remediation-admin-SchedulingTable1EC09B43-AOM4A4W8OCMI","ap-south-1","2025-03-04T00:04:39.542Z"
"FAILED","MEDIUM","NEW","211125359537","arn:aws:dynamodb:ap-south-1:211125359537:table/thor-hmcl-auto-sechub-remediation-admin-SchedulingTable1EC09B43-1XE2D3FGHMC3E","ap-south-1","2025-03-04T00:04:39.542Z"
"FAILED","MEDIUM","NEW","211125359537","arn:aws:dynamodb:ap-south-1:211125359537:table/thor-hmcl-auto-sechub-remediation-admin-SchedulingTable1EC09B43-NZ3OXSX87I6O","ap-south-1","2025-03-04T00:04:39.542Z"