﻿Compliance Status,Severity,Workflow,Account,Resource,Region,Updated
FAILED,MEDIUM,NEW,6.37423E+11,arn:aws:ecr:ap-south-1:637423293078:repository/hmcl-cv-shared-azure-agent,ap-south-1,2025-03-04T03:58:43.722Z
FAILED,MEDIUM,NEW,010438507550,arn:aws:ecr:ap-south-1:010438507550:repository/hmcl-cv-qa-vehicle-model,ap-south-1,2025-03-04T03:27:15.711Z
FAILED,MEDIUM,NEW,010438507550,arn:aws:ecr:ap-south-1:010438507550:repository/hmcl-cv-qa-vehicle-reports,ap-south-1,2025-03-04T03:27:15.711Z
FAILED,MEDIUM,NEW,010438507550,arn:aws:ecr:ap-south-1:010438507550:repository/hmcl-cv-qa-vehicle-management,ap-south-1,2025-03-04T03:27:15.711Z
FAILED,MEDIUM,NEW,010438507550,arn:aws:ecr:ap-south-1:010438507550:repository/hmcl-cv-qa-ui-backoffice,ap-south-1,2025-03-04T03:27:15.711Z
FAILED,MEDIUM,NEW,010438507550,arn:aws:ecr:ap-south-1:010438507550:repository/hmcl-cv-qa-vehicle,ap-south-1,2025-03-04T03:27:15.711Z
FAILED,MEDIUM,NEW,010438507550,arn:aws:ecr:ap-south-1:010438507550:repository/hmcl-cv-qa-edge-client,ap-south-1,2025-03-04T03:27:15.711Z
FAILED,MEDIUM,NEW,010438507550,arn:aws:ecr:ap-south-1:010438507550:repository/hmcl-cv-qa-sovd-server,ap-south-1,2025-03-04T03:27:15.711Z
FAILED,MEDIUM,NEW,010438507550,arn:aws:ecr:ap-south-1:010438507550:repository/hmcl-cv-qa-load-testing-poc,ap-south-1,2025-03-04T03:27:15.711Z
FAILED,MEDIUM,NEW,010438507550,arn:aws:ecr:ap-south-1:010438507550:repository/hmcl-cv-qa-vehicle-provisioning,ap-south-1,2025-03-04T03:27:15.711Z
FAILED,MEDIUM,NEW,010438507550,arn:aws:ecr:ap-south-1:010438507550:repository/hmcl-cv-qa-fleet-management,ap-south-1,2025-03-04T03:27:15.710Z
FAILED,MEDIUM,NEW,010438507550,arn:aws:ecr:ap-south-1:010438507550:repository/hmcl-cv-qa-campaign-status-sync-cj,ap-south-1,2025-03-04T03:27:15.710Z
FAILED,MEDIUM,NEW,010438507550,arn:aws:ecr:ap-south-1:010438507550:repository/hmcl-cv-qa-analytics,ap-south-1,2025-03-04T03:27:15.710Z
FAILED,MEDIUM,NEW,010438507550,arn:aws:ecr:ap-south-1:010438507550:repository/hmcl-cv-qa-feature-management,ap-south-1,2025-03-04T03:27:15.710Z
FAILED,MEDIUM,NEW,010438507550,arn:aws:ecr:ap-south-1:010438507550:repository/hmcl-cv-qa-file-management,ap-south-1,2025-03-04T03:27:15.710Z
FAILED,MEDIUM,NEW,010438507550,arn:aws:ecr:ap-south-1:010438507550:repository/hmcl-cv-qa-report-dashboard,ap-south-1,2025-03-04T03:27:15.710Z
FAILED,MEDIUM,NEW,010438507550,arn:aws:ecr:ap-south-1:010438507550:repository/hmcl-cv-qa-command-and-control,ap-south-1,2025-03-04T03:27:15.710Z
FAILED,MEDIUM,NEW,010438507550,arn:aws:ecr:ap-south-1:010438507550:repository/hmcl-cv-qa-location,ap-south-1,2025-03-04T03:27:15.710Z
FAILED,MEDIUM,NEW,010438507550,arn:aws:ecr:ap-south-1:010438507550:repository/hmcl-cv-qa-live-tracking,ap-south-1,2025-03-04T03:27:15.710Z
FAILED,MEDIUM,NEW,010438507550,arn:aws:ecr:ap-south-1:010438507550:repository/hmcl-cv-qa-user-management,ap-south-1,2025-03-04T03:27:15.710Z
FAILED,MEDIUM,NEW,010438507550,arn:aws:ecr:ap-south-1:010438507550:repository/hmcl-cv-qa-auth-management,ap-south-1,2025-03-04T03:27:15.710Z
FAILED,MEDIUM,NEW,6.37423E+11,arn:aws:ecr:ap-south-1:637423423802:repository/hmcl-cv-uat-report-dashboard,ap-south-1,2025-03-04T02:31:03.330Z
FAILED,MEDIUM,NEW,6.37423E+11,arn:aws:ecr:ap-south-1:637423423802:repository/hmcl-cv-uat-vehicle-management,ap-south-1,2025-03-04T02:31:03.330Z
FAILED,MEDIUM,NEW,6.37423E+11,arn:aws:ecr:ap-south-1:637423423802:repository/hmcl-cv-uat-backoffice-ui,ap-south-1,2025-03-04T02:31:03.330Z
FAILED,MEDIUM,NEW,6.37423E+11,arn:aws:ecr:ap-south-1:637423423802:repository/hmcl-cv-uat-feature-management,ap-south-1,2025-03-04T02:31:03.330Z
FAILED,MEDIUM,NEW,6.37423E+11,arn:aws:ecr:ap-south-1:637423423802:repository/hmcl-cv-uat-sovd-server,ap-south-1,2025-03-04T02:31:03.329Z
FAILED,MEDIUM,NEW,6.37423E+11,arn:aws:ecr:ap-south-1:637423423802:repository/hmcl-cv-uat-vehicle,ap-south-1,2025-03-04T02:31:03.329Z
FAILED,MEDIUM,NEW,6.37423E+11,arn:aws:ecr:ap-south-1:637423423802:repository/hmcl-cv-uat-ui-live-location,ap-south-1,2025-03-04T02:31:03.329Z
FAILED,MEDIUM,NEW,6.37423E+11,arn:aws:ecr:ap-south-1:637423423802:repository/hmcl-cv-uat-vehicle-provisioning,ap-south-1,2025-03-04T02:31:03.328Z
FAILED,MEDIUM,NEW,6.37423E+11,arn:aws:ecr:ap-south-1:637423423802:repository/hmcl-cv-uat-user-management,ap-south-1,2025-03-04T02:31:03.328Z
FAILED,MEDIUM,NEW,6.37423E+11,arn:aws:ecr:ap-south-1:637423423802:repository/hmcl-cv-uat-notification,ap-south-1,2025-03-04T02:31:03.328Z
FAILED,MEDIUM,NEW,6.37423E+11,arn:aws:ecr:ap-south-1:637423423802:repository/hmcl-cv-uat-vehicle-reports,ap-south-1,2025-03-04T02:31:03.328Z
FAILED,MEDIUM,NEW,6.37423E+11,arn:aws:ecr:ap-south-1:637423423802:repository/hmcl-cv-uat-fleet-management,ap-south-1,2025-03-04T02:31:03.327Z
FAILED,MEDIUM,NEW,6.37423E+11,arn:aws:ecr:ap-south-1:637423423802:repository/hmcl-cv-uat-fleet,ap-south-1,2025-03-04T02:31:03.327Z
FAILED,MEDIUM,NEW,6.37423E+11,arn:aws:ecr:ap-south-1:637423423802:repository/hmcl-cv-uat-command-and-control,ap-south-1,2025-03-04T02:31:03.327Z
FAILED,MEDIUM,NEW,6.37423E+11,arn:aws:ecr:ap-south-1:637423423802:repository/hmcl-cv-uat-vehicle-ota-rd,ap-south-1,2025-03-04T02:31:03.326Z
FAILED,MEDIUM,NEW,6.37423E+11,arn:aws:ecr:ap-south-1:637423423802:repository/hmcl-cv-uat-analytics,ap-south-1,2025-03-04T02:31:03.326Z
FAILED,MEDIUM,NEW,6.37423E+11,arn:aws:ecr:ap-south-1:637423423802:repository/hmcl-cv-uat-auth-management,ap-south-1,2025-03-04T02:31:03.326Z
FAILED,MEDIUM,NEW,6.37423E+11,arn:aws:ecr:ap-south-1:637423423802:repository/hmcl-cv-uat-location,ap-south-1,2025-03-04T02:31:03.326Z
FAILED,MEDIUM,NEW,6.37423E+11,arn:aws:ecr:ap-south-1:637423423802:repository/hmcl-cv-uat-edge-client,ap-south-1,2025-03-04T02:31:03.325Z
FAILED,MEDIUM,NEW,6.37423E+11,arn:aws:ecr:ap-south-1:637423423802:repository/hmcl-cv-uat-live-tracking,ap-south-1,2025-03-04T02:31:03.325Z
FAILED,MEDIUM,NEW,9.05418E+11,arn:aws:ecr:ap-south-1:905418263290:repository/hmcl-cv-dev-sovd-server,ap-south-1,2025-03-04T00:45:24.088Z
FAILED,MEDIUM,NEW,9.05418E+11,arn:aws:ecr:ap-south-1:905418263290:repository/hmcl-cv-dev-scalable-simulator,ap-south-1,2025-03-04T00:45:24.088Z
FAILED,MEDIUM,NEW,010438507550,arn:aws:ecr:ap-south-1:010438507550:repository/hmcl-cv-qa-fleet,ap-south-1,2025-03-03T21:27:11.586Z
FAILED,MEDIUM,NEW,010438507550,arn:aws:ecr:ap-south-1:010438507550:repository/hmcl-cv-qa-notification,ap-south-1,2025-03-03T21:27:11.586Z
FAILED,MEDIUM,NEW,010438507550,arn:aws:ecr:ap-south-1:010438507550:repository/hmcl-cv-qa-vehicle-ota-rd,ap-south-1,2025-03-03T21:27:11.586Z
FAILED,MEDIUM,NEW,010438507550,arn:aws:ecr:ap-south-1:010438507550:repository/hmcl-cv-qa-backoffice-ui,ap-south-1,2025-03-03T21:27:11.586Z
FAILED,MEDIUM,NEW,010438507550,arn:aws:ecr:ap-south-1:010438507550:repository/hmcl-cv-qa-esync-service,ap-south-1,2025-03-03T21:27:11.586Z
FAILED,MEDIUM,NEW,6.37423E+11,arn:aws:ecr:ap-south-1:637423423802:repository/hmcl-cv-uat-file-management,ap-south-1,2025-03-03T20:31:14.477Z
FAILED,MEDIUM,NEW,6.37423E+11,arn:aws:ecr:ap-south-1:637423423802:repository/hmcl-cv-uat-vehicle-model,ap-south-1,2025-03-03T20:31:14.477Z
FAILED,MEDIUM,NEW,6.37423E+11,arn:aws:ecr:ap-south-1:637423423802:repository/hmcl-cv-uat-ui-backoffice,ap-south-1,2025-03-03T20:31:14.477Z
FAILED,MEDIUM,NEW,6.37423E+11,arn:aws:ecr:ap-south-1:637423423802:repository/hmcl-cv-uat-esync-service,ap-south-1,2025-03-03T20:31:14.477Z
FAILED,MEDIUM,NEW,9.05418E+11,arn:aws:ecr:ap-south-1:905418263290:repository/hmcl-cv-dev-file-management,ap-south-1,2025-03-03T18:45:23.438Z
FAILED,MEDIUM,NEW,9.05418E+11,arn:aws:ecr:ap-south-1:905418263290:repository/hmcl-cv-dev-fleet-management,ap-south-1,2025-03-03T18:45:23.438Z
FAILED,MEDIUM,NEW,9.05418E+11,arn:aws:ecr:ap-south-1:905418263290:repository/hmcl-cv-dev-live-tracking,ap-south-1,2025-03-03T18:45:23.438Z
FAILED,MEDIUM,NEW,9.05418E+11,arn:aws:ecr:ap-south-1:905418263290:repository/hmcl-cv-dev-vehicle,ap-south-1,2025-03-03T18:45:23.438Z
FAILED,MEDIUM,NEW,9.05418E+11,arn:aws:ecr:ap-south-1:905418263290:repository/hmcl-cv-dev-feature-management,ap-south-1,2025-03-03T18:45:23.438Z
FAILED,MEDIUM,NEW,9.05418E+11,arn:aws:ecr:ap-south-1:905418263290:repository/hmcl-cv-dev-vehicle-reports,ap-south-1,2025-03-03T18:45:23.437Z
FAILED,MEDIUM,NEW,9.05418E+11,arn:aws:ecr:ap-south-1:905418263290:repository/hmcl-cv-dev-location,ap-south-1,2025-03-03T18:45:23.437Z
FAILED,MEDIUM,NEW,9.05418E+11,arn:aws:ecr:ap-south-1:905418263290:repository/hmcl-cv-dev-backoffice-ui,ap-south-1,2025-03-03T18:45:23.437Z
FAILED,MEDIUM,NEW,9.05418E+11,arn:aws:ecr:ap-south-1:905418263290:repository/hmcl-cv-dev-analytics,ap-south-1,2025-03-03T18:45:23.437Z
FAILED,MEDIUM,NEW,9.05418E+11,arn:aws:ecr:ap-south-1:905418263290:repository/hmcl-cv-dev-campaign-status-sync-cj,ap-south-1,2025-03-03T18:45:23.437Z
FAILED,MEDIUM,NEW,9.05418E+11,arn:aws:ecr:ap-south-1:905418263290:repository/hmcl-cv-dev-ui-live-location,ap-south-1,2025-03-03T18:45:23.437Z
FAILED,MEDIUM,NEW,9.05418E+11,arn:aws:ecr:ap-south-1:905418263290:repository/hmcl-cv-dev-vehicle-model,ap-south-1,2025-03-03T18:45:23.437Z
FAILED,MEDIUM,NEW,9.05418E+11,arn:aws:ecr:ap-south-1:905418263290:repository/hmcl-cv-dev-report-dashboard,ap-south-1,2025-03-03T18:45:23.437Z
FAILED,MEDIUM,NEW,9.05418E+11,arn:aws:ecr:ap-south-1:905418263290:repository/hmcl-cv-dev-vehicle-management,ap-south-1,2025-03-03T18:45:23.437Z
FAILED,MEDIUM,NEW,9.05418E+11,arn:aws:ecr:ap-south-1:905418263290:repository/hmcl-cv-dev-notification,ap-south-1,2025-03-03T18:45:23.437Z
FAILED,MEDIUM,NEW,9.05418E+11,arn:aws:ecr:ap-south-1:905418263290:repository/hmcl-cv-dev-vehicle-ota-rd,ap-south-1,2025-03-03T18:45:23.437Z
FAILED,MEDIUM,NEW,9.05418E+11,arn:aws:ecr:ap-south-1:905418263290:repository/hmcl-cv-dev-ui-backoffice,ap-south-1,2025-03-03T18:45:23.436Z
FAILED,MEDIUM,NEW,010438507550,arn:aws:ecr:ap-south-1:010438507550:repository/hmcl-cv-qa-ui-live-location,ap-south-1,2025-03-03T15:27:10.703Z
FAILED,MEDIUM,NEW,6.37423E+11,arn:aws:ecr:ap-south-1:637423423802:repository/hmcl-cv-uat-cronjobs,ap-south-1,2025-03-03T14:31:10.298Z
FAILED,MEDIUM,NEW,9.05418E+11,arn:aws:ecr:ap-south-1:905418263290:repository/hmcl-cv-dev-auth-management,ap-south-1,2025-03-03T12:45:27.842Z
FAILED,MEDIUM,NEW,9.05418E+11,arn:aws:ecr:ap-south-1:905418263290:repository/hmcl-cv-dev-command-and-control,ap-south-1,2025-03-03T12:45:27.842Z
FAILED,MEDIUM,NEW,9.05418E+11,arn:aws:ecr:ap-south-1:905418263290:repository/hmcl-cv-dev-user-management,ap-south-1,2025-03-03T12:45:27.842Z
FAILED,MEDIUM,NEW,9.05418E+11,arn:aws:ecr:ap-south-1:905418263290:repository/hmcl-cv-dev-esync-service,ap-south-1,2025-03-03T12:45:27.842Z
FAILED,MEDIUM,NEW,9.05418E+11,arn:aws:ecr:ap-south-1:905418263290:repository/hmcl-cv-dev-edge-client,ap-south-1,2025-03-03T12:45:27.842Z
FAILED,MEDIUM,NEW,9.05418E+11,arn:aws:ecr:ap-south-1:905418263290:repository/hmcl-cv-dev-vehicle-provisioning,ap-south-1,2025-03-03T12:45:27.842Z
FAILED,MEDIUM,NEW,9.05418E+11,arn:aws:ecr:ap-south-1:905418263290:repository/hmcl-cv-dev-fleet,ap-south-1,2025-03-03T12:45:27.842Z
