﻿"Compliance Status","Severity","Workflow","Account","Resource","Region","Updated"
"FAILED","MEDIUM","NEW","992382403372","arn:aws:elasticloadbalancing:ap-south-1:992382403372:loadbalancer/app/k8s-kong-kongkong-5561744e56/1a4aada954a2dc1c","ap-south-1","2025-03-03T04:50:55.462Z"
"FAILED","MEDIUM","NEW","992382403372","arn:aws:elasticloadbalancing:ap-south-1:992382403372:loadbalancer/app/hmcl-cv-network-qa-grafana/9ca8f7b81fac4efe","ap-south-1","2025-03-03T04:50:55.462Z"
"FAILED","MEDIUM","NEW","992382403372","arn:aws:elasticloadbalancing:ap-south-1:992382403372:loadbalancer/app/k8s-kongdevn-kongdevn-8de5b22969/d66166e0e017ee7b","ap-south-1","2025-03-03T04:50:55.461Z"
"FAILED","MEDIUM","NEW","992382403372","arn:aws:elasticloadbalancing:ap-south-1:992382403372:loadbalancer/app/hmcl-cv-network-kafdrop-ui-alb/ff63cf09a2c4c400","ap-south-1","2025-03-03T04:50:55.461Z"
"FAILED","MEDIUM","NEW","992382403372","arn:aws:elasticloadbalancing:ap-south-1:992382403372:loadbalancer/app/k8s-konguat-konguatk-112509010b/55c6820bf713b8d1","ap-south-1","2025-03-03T04:50:55.461Z"
"FAILED","MEDIUM","NEW","992382403372","arn:aws:elasticloadbalancing:ap-south-1:992382403372:loadbalancer/app/k8s-kongqane-kongqane-6ec969c49e/a5112f7fdfaba049","ap-south-1","2025-03-02T22:50:45.479Z"
"FAILED","MEDIUM","NEW","992382403372","arn:aws:elasticloadbalancing:ap-south-1:992382403372:loadbalancer/app/hmcl-cv-network-kong-grafana/caeecf4d06e3523d","ap-south-1","2025-03-02T22:50:45.479Z"
"FAILED","MEDIUM","NEW","992382403372","arn:aws:elasticloadbalancing:ap-south-1:992382403372:loadbalancer/app/hmcl-cv-network-uat-grafana/ebca3a26fb00fd13","ap-south-1","2025-03-02T22:50:45.479Z"
"FAILED","MEDIUM","NEW","992382403372","arn:aws:elasticloadbalancing:ap-south-1:992382403372:loadbalancer/app/hmcl-cv-uat-echo-loadtest-alb/a9b88df863edd159","ap-south-1","2025-03-02T22:50:45.479Z"
"FAILED","MEDIUM","NEW","992382403372","arn:aws:elasticloadbalancing:ap-south-1:992382403372:loadbalancer/app/hmcl-cv-uat-echo-loadt-api-alb/5d69cadb1b92c676","ap-south-1","2025-03-02T22:50:45.479Z"
"FAILED","MEDIUM","NEW","992382403372","arn:aws:elasticloadbalancing:ap-south-1:992382403372:loadbalancer/app/hmcl-cv-network-kafkauilb/9582b5a60374935a","ap-south-1","2025-03-02T22:50:45.478Z"
"FAILED","MEDIUM","NEW","992382403372","arn:aws:elasticloadbalancing:ap-south-1:992382403372:loadbalancer/app/k8s-kongqa-kongqako-9e5bcd7de0/ee1ed62220685c15","ap-south-1","2025-03-02T16:50:55.513Z"
"FAILED","MEDIUM","NEW","992382403372","arn:aws:elasticloadbalancing:ap-south-1:992382403372:loadbalancer/app/hmcl-cv-network-argolb/a5ca8ce1016c97cb","ap-south-1","2025-03-02T16:50:55.513Z"
"FAILED","MEDIUM","NEW","992382403372","arn:aws:elasticloadbalancing:ap-south-1:992382403372:loadbalancer/app/hmcl-cv-network-kafkauiqalb/ea41742c2c2e7ecd","ap-south-1","2025-03-02T16:50:55.513Z"
"FAILED","MEDIUM","NEW","992382403372","arn:aws:elasticloadbalancing:ap-south-1:992382403372:loadbalancer/app/hmcl-cv-network-dev-grafana/95635a1b149b75cb","ap-south-1","2025-03-02T16:50:55.513Z"
"FAILED","MEDIUM","NEW","992382403372","arn:aws:elasticloadbalancing:ap-south-1:992382403372:loadbalancer/app/k8s-kong-kongdevi-081256870e/1a79e3928d781d2e","ap-south-1","2025-03-02T16:50:55.513Z"
"FAILED","MEDIUM","NEW","992382403372","arn:aws:elasticloadbalancing:ap-south-1:992382403372:loadbalancer/app/hmcl-cv-uat-kafkaui-alb/60da9a0c6f31d382","ap-south-1","2025-03-02T16:50:55.513Z"