﻿Compliance Status,Severity,Workflow,Account,Resource,Region,Updated
FAILED,MEDIUM,NEW,9.92382E+11,arn:aws:elasticloadbalancing:ap-south-1:992382403372:loadbalancer/app/k8s-kong-kongkong-5561744e56/1a4aada954a2dc1c,ap-south-1,2025-03-03T10:50:55.382Z
FAILED,MEDIUM,NEW,9.92382E+11,arn:aws:elasticloadbalancing:ap-south-1:992382403372:loadbalancer/app/k8s-kongqane-kongqane-6ec969c49e/a5112f7fdfaba049,ap-south-1,2025-03-03T10:50:55.382Z
FAILED,MEDIUM,NEW,6.37423E+11,arn:aws:elasticloadbalancing:ap-south-1:637423423802:loadbalancer/net/k8s-vehiclem-uatvehic-93f25b695f/9d52c069b45db5aa,ap-south-1,2025-03-03T08:31:15.400Z
FAILED,MEDIUM,NEW,6.37423E+11,arn:aws:elasticloadbalancing:ap-south-1:637423423802:loadbalancer/net/k8s-location-uatlocat-bac6b909b8/0d785b738f3a2a8d,ap-south-1,2025-03-03T08:31:15.400Z
FAILED,MEDIUM,NEW,6.37423E+11,arn:aws:elasticloadbalancing:ap-south-1:637423423802:loadbalancer/net/k8s-uilivelo-uatuiliv-ae02e9e74e/9d72c38980a25457,ap-south-1,2025-03-03T08:31:15.400Z
FAILED,MEDIUM,NEW,6.37423E+11,arn:aws:elasticloadbalancing:ap-south-1:637423423802:loadbalancer/net/k8s-vehiclep-uatvehic-26f55de77a/c22352c7734e736e,ap-south-1,2025-03-03T08:31:15.400Z
FAILED,MEDIUM,NEW,6.37423E+11,arn:aws:elasticloadbalancing:ap-south-1:637423423802:loadbalancer/net/k8s-usermana-uatuserm-1e16e4b02b/d0827fae9263e380,ap-south-1,2025-03-03T08:31:15.399Z
FAILED,MEDIUM,NEW,6.37423E+11,arn:aws:elasticloadbalancing:ap-south-1:637423423802:loadbalancer/net/k8s-vehicleo-uatvehic-457cb5b78c/c2af2a2c7a470032,ap-south-1,2025-03-03T08:31:15.399Z
FAILED,MEDIUM,NEW,6.37423E+11,arn:aws:elasticloadbalancing:ap-south-1:637423423802:loadbalancer/net/k8s-notifica-uatnotif-04ebae8153/103a7c7e504bf160,ap-south-1,2025-03-03T08:31:15.399Z
FAILED,MEDIUM,NEW,6.37423E+11,arn:aws:elasticloadbalancing:ap-south-1:637423423802:loadbalancer/net/k8s-vehicler-uatvehic-c4914c459f/a378d217fcbf1462,ap-south-1,2025-03-03T08:31:15.399Z
FAILED,MEDIUM,NEW,6.37423E+11,arn:aws:elasticloadbalancing:ap-south-1:637423423802:loadbalancer/net/k8s-vehiclem-uatvehic-5c6d51b299/1af347748656ab13,ap-south-1,2025-03-03T08:31:15.399Z
FAILED,MEDIUM,NEW,6.37423E+11,arn:aws:elasticloadbalancing:ap-south-1:637423423802:loadbalancer/net/k8s-featurem-uatfeatu-cb73bf9633/afbda42e0ad34162,ap-south-1,2025-03-03T08:31:15.399Z
FAILED,MEDIUM,NEW,6.37423E+11,arn:aws:elasticloadbalancing:ap-south-1:637423423802:loadbalancer/net/k8s-livetrac-uatlivet-1ed5e132c5/33b7198e57e08220,ap-south-1,2025-03-03T08:31:15.399Z
FAILED,MEDIUM,NEW,6.37423E+11,arn:aws:elasticloadbalancing:ap-south-1:637423423802:loadbalancer/net/k8s-analytic-uatanaly-ba67aa14cc/b9b4fa540161463c,ap-south-1,2025-03-03T08:31:15.398Z
FAILED,MEDIUM,NEW,6.37423E+11,arn:aws:elasticloadbalancing:ap-south-1:637423423802:loadbalancer/net/k8s-authmana-uatauthm-72c4357c30/8e816874b0463838,ap-south-1,2025-03-03T08:31:15.398Z
FAILED,MEDIUM,NEW,6.37423E+11,arn:aws:elasticloadbalancing:ap-south-1:637423423802:loadbalancer/net/k8s-uibackof-uatuibac-e3940f1dc8/c3d55ea8f971867a,ap-south-1,2025-03-03T08:31:15.398Z
FAILED,MEDIUM,NEW,9.92382E+11,arn:aws:elasticloadbalancing:ap-south-1:992382403372:loadbalancer/app/k8s-konguat-konguatk-112509010b/55c6820bf713b8d1,ap-south-1,2025-03-03T04:50:48.202Z
FAILED,MEDIUM,NEW,9.92382E+11,arn:aws:elasticloadbalancing:ap-south-1:992382403372:loadbalancer/app/k8s-kongdevn-kongdevn-8de5b22969/d66166e0e017ee7b,ap-south-1,2025-03-03T04:50:48.202Z
FAILED,MEDIUM,NEW,9.92382E+11,arn:aws:elasticloadbalancing:ap-south-1:992382403372:loadbalancer/app/k8s-kong-kongdevi-081256870e/1a79e3928d781d2e,ap-south-1,2025-03-03T04:50:48.201Z
FAILED,MEDIUM,NEW,6.37423E+11,arn:aws:elasticloadbalancing:ap-south-1:637423423802:loadbalancer/net/k8s-fleetman-uatfleet-ebdc2618aa/72222cc71db94986,ap-south-1,2025-03-03T02:31:00.877Z
FAILED,MEDIUM,NEW,6.37423E+11,arn:aws:elasticloadbalancing:ap-south-1:637423423802:loadbalancer/net/k8s-fleetuat-uatfleet-30bc94ece7/d102642a569e25cd,ap-south-1,2025-03-03T02:31:00.877Z
FAILED,MEDIUM,NEW,6.37423E+11,arn:aws:elasticloadbalancing:ap-south-1:637423423802:loadbalancer/net/k8s-filemana-uatfilem-0b80a8e0b3/7415e1cd6107553c,ap-south-1,2025-03-03T02:31:00.877Z
FAILED,MEDIUM,NEW,6.37423E+11,arn:aws:elasticloadbalancing:ap-south-1:637423423802:loadbalancer/net/k8s-reportda-uatrepor-4c3a526cbc/2c082a02a24b281f,ap-south-1,2025-03-03T02:31:00.877Z
FAILED,MEDIUM,NEW,6.37423E+11,arn:aws:elasticloadbalancing:ap-south-1:637423423802:loadbalancer/net/k8s-commanda-uatcomma-b15fb9c4e1/1530694c5c3f99dc,ap-south-1,2025-03-03T02:31:00.877Z
