﻿"Compliance Status","Severity","Workflow","Account","Resource","Region","Updated"
"FAILED","MEDIUM","NEW","637423423802","arn:aws:iam::637423423802:user/sovd","ap-south-1","2025-03-04T00:54:13.930Z"
"FAILED","MEDIUM","NEW","010438507550","arn:aws:iam::010438507550:user/sovd","ap-south-1","2025-03-04T00:41:11.761Z"
"FAILED","MEDIUM","NEW","905418263290","arn:aws:iam::905418263290:user/sovd","ap-south-1","2025-03-04T00:40:27.419Z"
"FAILED","MEDIUM","NEW","905418263290","arn:aws:iam::905418263290:user/user2","ap-south-1","2025-03-04T00:40:27.419Z"
"FAILED","MEDIUM","NEW","905418263290","arn:aws:iam::905418263290:user/user1","ap-south-1","2025-03-04T00:40:27.419Z"
"FAILED","MEDIUM","NEW","851725574897","arn:aws:iam::851725574897:user/prod-snowflake-integration-user","ap-south-1","2025-03-04T00:38:04.577Z"
"FAILED","MEDIUM","NEW","637423615990","arn:aws:iam::637423615990:user/snowflake-integration-user","ap-south-1","2025-03-04T00:33:11.225Z"
"FAILED","MEDIUM","NEW","637423293078","arn:aws:iam::637423293078:user/iac-azure-bom-pipeline","ap-south-1","2025-03-04T00:22:33.986Z"
"FAILED","MEDIUM","NEW","654654362576","arn:aws:iam::654654362576:user/uat-snowflake-integration-user","ap-south-1","2025-03-04T00:19:18.983Z"
"FAILED","MEDIUM","NEW","211125359537","arn:aws:iam::211125359537:user/BreakglassUser","ap-south-1","2025-03-04T00:05:08.656Z"
"FAILED","MEDIUM","NEW","010438507630","arn:aws:iam::010438507630:user/qa-snowflake-integration-user","ap-south-1","2025-03-04T00:02:03.639Z"
"FAILED","MEDIUM","SUPPRESSED","438465139527","arn:aws:iam::438465139527:user/preprod-snowflake-integration-user","ap-south-1","2025-03-03T21:41:22.043Z"