﻿Compliance Status,Severity,Workflow,Account,Resource,Region,Updated
FAILED,MEDIUM,NEW,9.92382E+11,arn:aws:iam::992382403372:role/uipl-heromotocorp-networkaccount-network-adminA1-caa-role,ap-south-1,2025-03-03T10:50:54.427Z
FAILED,MEDIUM,NEW,9.92382E+11,arn:aws:iam::992382403372:role/uipl-heromotocorp-networkaccount-network-poweruserP3-caa-role,ap-south-1,2025-03-03T10:50:54.427Z
FAILED,MEDIUM,NEW,010438507630,arn:aws:iam::010438507630:role/uipl-heromotocorp-QA-Datalake-QA-poweruserP1-caa-role,ap-south-1,2025-03-03T10:42:08.833Z
FAILED,MEDIUM,NEW,6.37424E+11,arn:aws:iam::637423615990:role/uipl-heromotocorp-nonproddatalake-nonprod-poweruserP3-caa-role,ap-south-1,2025-03-03T10:28:58.809Z
FAILED,MEDIUM,SUPPRESSED,6.37423E+11,arn:aws:iam::637423293078:role/uipl-heromotocorp-devops-DevOps-poweruserP3-caa-role,ap-south-1,2025-03-03T09:58:50.435Z
FAILED,MEDIUM,NEW,3.81492E+11,arn:aws:iam::381492007402:role/uipl-heromotocorp-logArchive-logArchive-poweruserP2-caa-role,ap-south-1,2025-03-03T09:56:46.708Z
FAILED,MEDIUM,NEW,8.51726E+11,arn:aws:iam::851725574897:role/uipl-heromoto-proddatalake-prod-poweruserP2-caa-role,ap-south-1,2025-03-03T09:32:35.490Z
FAILED,MEDIUM,NEW,8.51726E+11,arn:aws:iam::851725574897:role/uipl-heromoto-proddatalake-prod-poweruserP1-caa-role,ap-south-1,2025-03-03T09:32:35.490Z
FAILED,MEDIUM,NEW,010438507550,arn:aws:iam::010438507550:role/aws-reserved/sso.amazonaws.com/ap-south-1/AWSReservedSSO_iot_qa_main_d4701281091e694e,ap-south-1,2025-03-03T09:27:16.739Z
FAILED,MEDIUM,NEW,010438507550,arn:aws:iam::010438507550:role/cert-rotation-report-stac-CertificateProcessingLamb-WZ3k3EilCxIv,ap-south-1,2025-03-03T09:27:16.739Z
FAILED,MEDIUM,NEW,010438507550,arn:aws:iam::010438507550:role/aws-reserved/sso.amazonaws.com/ap-south-1/AWSReservedSSO_developer_uat_main_e89f36e994f016bc,ap-south-1,2025-03-03T09:27:16.739Z
FAILED,MEDIUM,NEW,010438507550,arn:aws:iam::010438507550:role/cert-rotation-report-stack-LambdaExecutionRole-eYCn4Mxbj2YS,ap-south-1,2025-03-03T09:27:16.738Z
FAILED,MEDIUM,NEW,010438507550,arn:aws:iam::010438507550:role/aws-reserved/sso.amazonaws.com/ap-south-1/AWSReservedSSO_qa_testing_team_0c2dd6f06725e6b3,ap-south-1,2025-03-03T09:27:16.738Z
FAILED,MEDIUM,NEW,010438507550,arn:aws:iam::010438507550:role/aws-reserved/sso.amazonaws.com/ap-south-1/AWSReservedSSO_data_qa_main_1_5572514d3b88638e,ap-south-1,2025-03-03T09:27:16.738Z
FAILED,MEDIUM,NEW,6.37423E+11,arn:aws:iam::637423423802:role/aws-reserved/sso.amazonaws.com/ap-south-1/AWSReservedSSO_uat_ddb_access_29a3f36294c34fe7,ap-south-1,2025-03-03T08:31:14.819Z
FAILED,MEDIUM,NEW,6.37423E+11,arn:aws:iam::637423423802:role/aws-reserved/sso.amazonaws.com/ap-south-1/AWSReservedSSO_developer_qa_main_f86087d015e4e4e7,ap-south-1,2025-03-03T08:31:14.819Z
FAILED,MEDIUM,NEW,6.54654E+11,arn:aws:iam::654654362576:role/uipl-heromotocorp-UatDatalake-UAT-poweruserP1-caa-role,ap-south-1,2025-03-03T08:10:42.121Z
FAILED,MEDIUM,NEW,058264497265,arn:aws:iam::058264497265:role/uipl-heromoto-HeroThor-ManagementAccount-adminA1-caa-role,ap-south-1,2025-03-03T07:14:25.844Z
FAILED,MEDIUM,NEW,6.37423E+11,arn:aws:iam::637423423802:user/irfan_shaik,ap-south-1,2025-03-03T06:55:31.784Z
FAILED,MEDIUM,NEW,9.7505E+11,arn:aws:iam::975050234854:role/uipl-heromotocorp-SandboxAccount-Sandbox-poweruserP3-caa-role,ap-south-1,2025-03-03T06:55:24.470Z
FAILED,MEDIUM,NEW,2.11125E+11,arn:aws:iam::211125359537:role/uipl-heromotocorp-AuditAccount-Audit-adminA1-caa-role,ap-south-1,2025-03-03T06:48:59.556Z
FAILED,MEDIUM,NEW,2.11125E+11,arn:aws:iam::211125359537:role/uipl-heromotocorp-AuditAccount-Audit-poweruserP1-caa-role,ap-south-1,2025-03-03T06:48:59.556Z
FAILED,MEDIUM,NEW,9.05418E+11,arn:aws:iam::905418263290:role/aws-reserved/sso.amazonaws.com/ap-south-1/AWSReservedSSO_iot_dev_main_63eeb353ab3d7187,ap-south-1,2025-03-03T06:45:42.041Z
FAILED,MEDIUM,NEW,9.05418E+11,arn:aws:iam::905418263290:role/aws-reserved/sso.amazonaws.com/ap-south-1/AWSReservedSSO_data_qa_main_1_0022b306e06432ed,ap-south-1,2025-03-03T06:45:42.041Z
FAILED,MEDIUM,NEW,9.05418E+11,arn:aws:iam::905418263290:role/uipl-heromotocorp-nonprodmain-nonprod-poweruserP3-caa-role,ap-south-1,2025-03-03T06:45:42.041Z
FAILED,MEDIUM,NEW,9.05418E+11,arn:aws:iam::905418263290:role/hmcl-cv-dev-scalable-simu-IoTVehicleSimulatorStopTa-tqUNSzxzmic9,ap-south-1,2025-03-03T06:45:42.041Z
FAILED,MEDIUM,NEW,9.05418E+11,arn:aws:iam::905418263290:role/hmcl-cv-dev-scalable-simulator-ECSInstanceRole-UUDA3uRI8A87,ap-south-1,2025-03-03T06:45:42.040Z
FAILED,MEDIUM,NEW,9.05418E+11,arn:aws:iam::905418263290:role/aws-reserved/sso.amazonaws.com/ap-south-1/AWSReservedSSO_data_dev_main_228932404897f248,ap-south-1,2025-03-03T06:45:42.040Z
FAILED,MEDIUM,NEW,9.05418E+11,arn:aws:iam::905418263290:role/aws-reserved/sso.amazonaws.com/ap-south-1/AWSReservedSSO_developer_dev_main2_84b919f7d25b1ad6,ap-south-1,2025-03-03T06:45:42.040Z
FAILED,MEDIUM,NEW,9.05418E+11,arn:aws:iam::905418067875:role/uipl-heromotocorp-forensics-forensics-poweruserP2-caa-role,ap-south-1,2025-03-03T06:15:33.322Z
FAILED,MEDIUM,NEW,9.05418E+11,arn:aws:iam::905418067875:role/uipl-heromotocorp-forensics-forensics-poweruserP3-caa-role,ap-south-1,2025-03-03T06:15:33.321Z
FAILED,MEDIUM,NEW,9.92382E+11,arn:aws:iam::992382403372:role/uipl-heromotocorp-networkaccount-network-poweruserP1-caa-role,ap-south-1,2025-03-03T04:50:54.364Z
FAILED,MEDIUM,NEW,9.92382E+11,arn:aws:iam::992382403372:role/uipl-heromotocorp-networkaccount-network-poweruserP2-caa-role,ap-south-1,2025-03-03T04:50:54.363Z
FAILED,MEDIUM,NEW,010438507630,arn:aws:iam::010438507630:role/uipl-heromotocorp-QA-Datalake-QA-poweruserP3-caa-role,ap-south-1,2025-03-03T04:42:13.026Z
FAILED,MEDIUM,NEW,010438507630,arn:aws:iam::010438507630:role/uipl-heromotocorp-QA-Datalake-QA-poweruserP2-caa-role,ap-south-1,2025-03-03T04:42:13.025Z
FAILED,MEDIUM,NEW,6.37424E+11,arn:aws:iam::637423615990:role/uipl-heromotocorp-nonproddatalake-nonprod-adminA1-caa-role,ap-south-1,2025-03-03T04:28:53.286Z
FAILED,MEDIUM,NEW,6.37424E+11,arn:aws:iam::637423615990:role/uipl-heromotocorp-nonproddatalake-nonprod-poweruserP2-caa-role,ap-south-1,2025-03-03T04:28:53.286Z
FAILED,MEDIUM,NEW,6.37424E+11,arn:aws:iam::637423615990:role/uipl-heromotocorp-nonproddatalake-nonprod-poweruserP1-caa-role,ap-south-1,2025-03-03T04:28:53.286Z
FAILED,MEDIUM,SUPPRESSED,6.37423E+11,arn:aws:iam::637423293078:role/uipl-heromotocorp-devops-DevOps-adminA1-caa-role,ap-south-1,2025-03-03T03:58:50.413Z
FAILED,MEDIUM,NEW,3.81492E+11,arn:aws:iam::381492007402:role/uipl-heromotocorp-logArchive-logArchive-adminA1-caa-role,ap-south-1,2025-03-03T03:56:55.945Z
FAILED,MEDIUM,NEW,3.81492E+11,arn:aws:iam::381492007402:role/uipl-heromotocorp-logArchive-logArchive-poweruserP1-caa-role,ap-south-1,2025-03-03T03:56:55.944Z
FAILED,MEDIUM,NEW,8.51726E+11,arn:aws:iam::851725574897:role/uipl-heromoto-proddatalake-prod-poweruserP3-caa-role,ap-south-1,2025-03-03T03:32:27.919Z
FAILED,MEDIUM,NEW,8.51726E+11,arn:aws:iam::851725574897:role/uipl-heromoto-proddatalake-prod-adminA1-caa-role,ap-south-1,2025-03-03T03:32:27.919Z
FAILED,MEDIUM,NEW,010438507550,arn:aws:iam::010438507550:role/uipl-heromotocorp-QA-main-QA-poweruserP2-caa-role,ap-south-1,2025-03-03T03:27:15.061Z
FAILED,MEDIUM,NEW,010438507550,arn:aws:iam::010438507550:role/aws-reserved/sso.amazonaws.com/ap-south-1/AWSReservedSSO_developer_qa_main_cbdebb24bb0f7585,ap-south-1,2025-03-03T03:27:15.061Z
FAILED,MEDIUM,NEW,010438507550,arn:aws:iam::010438507550:role/cert-rotation-report-stack-GetAuditStatusLambdaRole-Ggyd33dayMbK,ap-south-1,2025-03-03T03:27:15.060Z
FAILED,MEDIUM,NEW,010438507550,arn:aws:iam::010438507550:role/cert-rotation-report-stac-GenerateAuditReportLambda-mYKtLjTCm5Yu,ap-south-1,2025-03-03T03:27:15.060Z
FAILED,MEDIUM,NEW,010438507550,arn:aws:iam::010438507550:role/aws-reserved/sso.amazonaws.com/ap-south-1/AWSReservedSSO_developer_dev_main_2305e5085bd59bc3,ap-south-1,2025-03-03T03:27:15.060Z
FAILED,MEDIUM,NEW,010438507550,arn:aws:iam::010438507550:role/aws-reserved/sso.amazonaws.com/ap-south-1/AWSReservedSSO_developer_qa_flink_admin_72de26780fe0dc78,ap-south-1,2025-03-03T03:27:15.059Z
FAILED,MEDIUM,NEW,6.37423E+11,arn:aws:iam::637423423802:role/aws-reserved/sso.amazonaws.com/ap-south-1/AWSReservedSSO_data_uat_main_cd34442bf3e5761c,ap-south-1,2025-03-03T02:31:17.877Z
FAILED,MEDIUM,NEW,6.37423E+11,arn:aws:iam::637423423802:role/aws-reserved/sso.amazonaws.com/ap-south-1/AWSReservedSSO_iot_uat_main_25bdd4203d15715e,ap-south-1,2025-03-03T02:31:17.876Z
FAILED,MEDIUM,NEW,6.37423E+11,arn:aws:iam::637423423802:role/uipl-heromotocorp-UatMain-UAT-adminA1-caa-role,ap-south-1,2025-03-03T02:31:17.876Z
FAILED,MEDIUM,NEW,6.37423E+11,arn:aws:iam::637423423802:role/aws-reserved/sso.amazonaws.com/ap-south-1/AWSReservedSSO_developer_uat_main_8f8d3477ef336a4c,ap-south-1,2025-03-03T02:31:17.876Z
FAILED,MEDIUM,NEW,6.37423E+11,arn:aws:iam::637423423802:role/aws-reserved/sso.amazonaws.com/ap-south-1/AWSReservedSSO_uat_load_testing_4e65208cf8ae159a,ap-south-1,2025-03-03T02:31:17.876Z
FAILED,MEDIUM,NEW,6.37423E+11,arn:aws:iam::637423423802:role/aws-reserved/sso.amazonaws.com/ap-south-1/AWSReservedSSO_developer_dev_main_d6bd039eb4eef5c4,ap-south-1,2025-03-03T02:31:17.875Z
FAILED,MEDIUM,NEW,9.92383E+11,arn:aws:iam::992382517861:role/uipl-heromotocorp-prodmain-prod-poweruserP2-caa-role,ap-south-1,2025-03-03T02:18:08.890Z
FAILED,MEDIUM,NEW,9.92383E+11,arn:aws:iam::992382517861:role/uipl-heromotocorp-prodmain-prod-adminA1-caa-role,ap-south-1,2025-03-03T02:18:08.889Z
FAILED,MEDIUM,NEW,9.92383E+11,arn:aws:iam::992382517861:role/uipl-heromotocorp-prodmain-prod-poweruserP3-caa-role,ap-south-1,2025-03-03T02:18:08.889Z
FAILED,MEDIUM,NEW,058264497265,arn:aws:iam::058264497265:role/uipl-heromoto-HeroThor-ManagementAccount-poweruserP1-caa-role,ap-south-1,2025-03-03T01:14:24.879Z
FAILED,MEDIUM,NEW,058264497265,arn:aws:iam::058264497265:role/uipl-heromoto-HeroThor-ManagementAccount-poweruserP2-caa-role,ap-south-1,2025-03-03T01:14:24.879Z
FAILED,MEDIUM,NEW,9.7505E+11,arn:aws:iam::975050234854:role/uipl-heromotocorp-SandboxAccount-Sandbox-adminA1-caa-role,ap-south-1,2025-03-03T00:55:23.419Z
FAILED,MEDIUM,NEW,2.11125E+11,arn:aws:iam::211125359537:role/uipl-heromotocorp-AuditAccount-Audit-poweruserP3-caa-role,ap-south-1,2025-03-03T00:48:54.309Z
FAILED,MEDIUM,NEW,9.05418E+11,arn:aws:iam::905418263290:role/uipl-heromotocorp-nonprodmain-nonprod-poweruserP1-caa-role,ap-south-1,2025-03-03T00:45:37.061Z
FAILED,MEDIUM,NEW,9.05418E+11,arn:aws:iam::905418263290:role/hmcl-cvp-demo-iot-kafka-assume-role,ap-south-1,2025-03-03T00:45:37.061Z
FAILED,MEDIUM,NEW,9.05418E+11,arn:aws:iam::905418263290:role/AmazonSSMRoleForInstancesQuickSetup,ap-south-1,2025-03-03T00:45:37.061Z
FAILED,MEDIUM,NEW,9.05418E+11,arn:aws:iam::905418263290:role/cert-rotation-report-stack-LambdaExecutionRole-yCjzY3VeqnY6,ap-south-1,2025-03-03T00:45:37.060Z
FAILED,MEDIUM,NEW,9.05418E+11,arn:aws:iam::905418263290:role/aws-reserved/sso.amazonaws.com/ap-south-1/AWSReservedSSO_developer_dev_main1_f63c520d07744017,ap-south-1,2025-03-03T00:45:37.060Z
FAILED,MEDIUM,NEW,9.05418E+11,arn:aws:iam::905418263290:role/aws-reserved/sso.amazonaws.com/ap-south-1/AWSReservedSSO_data_qa_main_5e45b3a45146f5e0,ap-south-1,2025-03-03T00:45:37.060Z
FAILED,MEDIUM,NEW,9.05418E+11,arn:aws:iam::905418067875:role/uipl-heromotocorp-forensics-forensics-adminA1-caa-role,ap-south-1,2025-03-03T00:15:36.483Z
FAILED,MEDIUM,NEW,010438507630,arn:aws:iam::010438507630:role/uipl-heromotocorp-QA-Datalake-QA-adminA1-caa-role,ap-south-1,2025-03-02T22:42:02.827Z
FAILED,MEDIUM,SUPPRESSED,6.37423E+11,arn:aws:iam::637423293078:role/uipl-heromotocorp-devops-DevOps-poweruserP1-caa-role,ap-south-1,2025-03-02T21:58:53.921Z
FAILED,MEDIUM,SUPPRESSED,6.37423E+11,arn:aws:iam::637423293078:role/uipl-heromotocorp-devops-DevOps-poweruserP2-caa-role,ap-south-1,2025-03-02T21:58:53.920Z
FAILED,MEDIUM,NEW,3.81492E+11,arn:aws:iam::381492007402:role/uipl-heromotocorp-logArchive-logArchive-poweruserP3-caa-role,ap-south-1,2025-03-02T21:56:41.522Z
FAILED,MEDIUM,NEW,010438507550,arn:aws:iam::010438507550:role/aws-reserved/sso.amazonaws.com/ap-south-1/AWSReservedSSO_developer_qa_main3_d2fd8f7e76ad2b68,ap-south-1,2025-03-02T21:27:22.597Z
FAILED,MEDIUM,NEW,010438507550,arn:aws:iam::010438507550:role/cert-rotation-report-stac-ListAuditFindingsLambdaRo-IyYagzscZ5I9,ap-south-1,2025-03-02T21:27:22.597Z
FAILED,MEDIUM,NEW,010438507550,arn:aws:iam::010438507550:role/aws-reserved/sso.amazonaws.com/ap-south-1/AWSReservedSSO_developer_qa_main2_7829655a8295053f,ap-south-1,2025-03-02T21:27:22.596Z
FAILED,MEDIUM,NEW,010438507550,arn:aws:iam::010438507550:role/aws-reserved/sso.amazonaws.com/ap-south-1/AWSReservedSSO_data_qa_main_528e69c94a3f3265,ap-south-1,2025-03-02T21:27:22.596Z
FAILED,MEDIUM,NEW,010438507550,arn:aws:iam::010438507550:role/uipl-heromotocorp-QA-main-QA-poweruserP1-caa-role,ap-south-1,2025-03-02T21:27:22.596Z
FAILED,MEDIUM,NEW,010438507550,arn:aws:iam::010438507550:role/uipl-heromotocorp-QA-main-QA-adminA1-caa-role,ap-south-1,2025-03-02T21:27:22.595Z
FAILED,MEDIUM,NEW,010438507550,arn:aws:iam::010438507550:role/uipl-heromotocorp-QA-main-QA-poweruserP3-caa-role,ap-south-1,2025-03-02T21:27:22.595Z
FAILED,MEDIUM,NEW,6.37423E+11,arn:aws:iam::637423423802:role/uipl-heromotocorp-UatMain-UAT-poweruserP2-caa-role,ap-south-1,2025-03-02T20:31:20.786Z
FAILED,MEDIUM,NEW,6.37423E+11,arn:aws:iam::637423423802:role/aws-reserved/sso.amazonaws.com/ap-south-1/AWSReservedSSO_uat_access_testing_team_d8bcee30eca9c206,ap-south-1,2025-03-02T20:31:20.786Z
FAILED,MEDIUM,NEW,6.37423E+11,arn:aws:iam::637423423802:role/uipl-heromotocorp-UatMain-UAT-poweruserP3-caa-role,ap-south-1,2025-03-02T20:31:20.786Z
FAILED,MEDIUM,NEW,6.37423E+11,arn:aws:iam::637423423802:role/uipl-heromotocorp-UatMain-UAT-poweruserP1-caa-role,ap-south-1,2025-03-02T20:31:20.786Z
FAILED,MEDIUM,NEW,9.92383E+11,arn:aws:iam::992382517861:role/uipl-heromotocorp-prodmain-prod-poweruserP1-caa-role,ap-south-1,2025-03-02T20:18:13.883Z
FAILED,MEDIUM,NEW,6.54654E+11,arn:aws:iam::654654362576:role/uipl-heromotocorp-UatDatalake-UAT-adminA1-caa-role,ap-south-1,2025-03-02T20:10:41.634Z
FAILED,MEDIUM,NEW,6.54654E+11,arn:aws:iam::654654362576:role/uipl-heromotocorp-UatDatalake-UAT-poweruserP2-caa-role,ap-south-1,2025-03-02T20:10:41.634Z
FAILED,MEDIUM,NEW,6.54654E+11,arn:aws:iam::654654362576:role/uipl-heromotocorp-UatDatalake-UAT-poweruserP3-caa-role,ap-south-1,2025-03-02T20:10:41.633Z
FAILED,MEDIUM,NEW,058264497265,arn:aws:iam::058264497265:role/uipl-heromoto-HeroThor-ManagementAccount-poweruserP3-caa-role,ap-south-1,2025-03-02T19:14:24.790Z
FAILED,MEDIUM,NEW,9.7505E+11,arn:aws:iam::975050234854:role/uipl-heromotocorp-SandboxAccount-Sandbox-poweruserP1-caa-role,ap-south-1,2025-03-02T18:55:29.707Z
FAILED,MEDIUM,NEW,9.7505E+11,arn:aws:iam::975050234854:role/uipl-heromotocorp-SandboxAccount-Sandbox-poweruserP2-caa-role,ap-south-1,2025-03-02T18:55:29.707Z
FAILED,MEDIUM,NEW,2.11125E+11,arn:aws:iam::211125359537:role/uipl-heromotocorp-AuditAccount-Audit-poweruserP2-caa-role,ap-south-1,2025-03-02T18:48:56.107Z
FAILED,MEDIUM,NEW,9.05418E+11,arn:aws:iam::905418263290:role/cert-rotation-report-stack-GetAuditStatusLambdaRole-VjqMzUm8w2JS,ap-south-1,2025-03-02T18:45:38.508Z
FAILED,MEDIUM,NEW,9.05418E+11,arn:aws:iam::905418263290:role/hmcl-cvp-demo-glue-role,ap-south-1,2025-03-02T18:45:38.508Z
FAILED,MEDIUM,NEW,9.05418E+11,arn:aws:iam::905418263290:role/cert-rotation-report-stac-CertificateProcessingLamb-LDCVj9hjSOhq,ap-south-1,2025-03-02T18:45:38.508Z
FAILED,MEDIUM,NEW,9.05418E+11,arn:aws:iam::905418263290:role/hmcl-cv-dev-scalable-simu-IoTVehicleSimulatorOrches-SeqiY5H4cEUW,ap-south-1,2025-03-02T18:45:38.508Z
FAILED,MEDIUM,NEW,9.05418E+11,arn:aws:iam::905418263290:role/cdk-hnb659fds-deploy-role-905418263290-us-west-2,ap-south-1,2025-03-02T18:45:38.507Z
FAILED,MEDIUM,NEW,9.05418E+11,arn:aws:iam::905418263290:role/cert-rotation-report-stac-GenerateAuditReportLambda-JEffHTNDkn2O,ap-south-1,2025-03-02T18:45:38.507Z
FAILED,MEDIUM,NEW,9.05418E+11,arn:aws:iam::905418263290:role/kinesis-analytics-hmcl-cv-dev-edgealerts-ap-south-1-temp,ap-south-1,2025-03-02T18:45:38.507Z
FAILED,MEDIUM,NEW,9.05418E+11,arn:aws:iam::905418263290:role/aws-reserved/sso.amazonaws.com/ap-south-1/AWSReservedSSO_developer_dev_main_1199a245093988c5,ap-south-1,2025-03-02T18:45:38.507Z
FAILED,MEDIUM,NEW,9.05418E+11,arn:aws:iam::905418263290:role/DEMO-VEHICLE-simulator-ec2-stack-Ec2ServiceRole-n2U0VCsuG3gU,ap-south-1,2025-03-02T18:45:38.507Z
FAILED,MEDIUM,NEW,9.05418E+11,arn:aws:iam::905418263290:role/hmcl-cv-dev-scalable-simulator-ECSTaskExecutionRole-AzD1PqbhQwOx,ap-south-1,2025-03-02T18:45:38.506Z
FAILED,MEDIUM,NEW,9.05418E+11,arn:aws:iam::905418263290:role/uipl-heromotocorp-nonprodmain-nonprod-adminA1-caa-role,ap-south-1,2025-03-02T18:45:38.506Z
FAILED,MEDIUM,NEW,9.05418E+11,arn:aws:iam::905418263290:role/cert-rotation-report-stac-ListAuditFindingsLambdaRo-t60DI9dElq6Y,ap-south-1,2025-03-02T18:45:38.506Z
FAILED,MEDIUM,NEW,9.05418E+11,arn:aws:iam::905418263290:role/uipl-heromotocorp-nonprodmain-nonprod-poweruserP2-caa-role,ap-south-1,2025-03-02T18:45:38.505Z
FAILED,MEDIUM,NEW,9.05418E+11,arn:aws:iam::905418067875:role/uipl-heromotocorp-forensics-forensics-poweruserP1-caa-role,ap-south-1,2025-03-02T18:15:35.574Z
