﻿Compliance Status,Severity,Workflow,Account,Resource,Region,Updated
FAILED,MEDIUM,NEW,9.92382E+11,arn:aws:s3:::hmcl-fgtvm-firewall-backups-bucket,ap-south-1,2025-03-04T04:51:00.984Z
FAILED,MEDIUM,NEW,6.37424E+11,arn:aws:s3:::hmcl-cv-dev-aps1-raw-ivvr,ap-south-1,2025-03-04T04:28:48.736Z
FAILED,MEDIUM,NEW,6.37424E+11,arn:aws:s3:::hmcl-cv-dev-aps1-landing-hkpg,ap-south-1,2025-03-04T04:28:48.736Z
FAILED,MEDIUM,NEW,6.37423E+11,arn:aws:s3:::hmcl-central-vpc-flow-log-bucket,ap-south-1,2025-03-04T03:58:56.482Z
FAILED,MEDIUM,NEW,8.51726E+11,arn:aws:s3:::hmcl-cv-prod-aps1-raw-aowt,ap-south-1,2025-03-04T03:32:41.004Z
FAILED,MEDIUM,NEW,8.51726E+11,arn:aws:s3:::hmcl-cv-prod-aps1-stage-hcxf,ap-south-1,2025-03-04T03:32:41.004Z
FAILED,MEDIUM,NEW,010438507550,arn:aws:s3:::hmcl-cv-qa-aps1-ota-campaign-bucket-lxhi,ap-south-1,2025-03-04T03:27:35.297Z
FAILED,MEDIUM,NEW,010438507550,arn:aws:s3:::hmcl-cv-qa-aps1-sovd-data-bucket-ritx,ap-south-1,2025-03-04T03:27:35.297Z
FAILED,MEDIUM,NEW,010438507550,arn:aws:s3:::hmcl-cv-qa-aps1-file-mgmt-default-huup,ap-south-1,2025-03-04T03:27:35.297Z
FAILED,MEDIUM,NEW,010438507550,arn:aws:s3:::hmcl-cv-qa-aps1-flink-code-bucket-dviv,ap-south-1,2025-03-04T03:27:35.297Z
FAILED,MEDIUM,NEW,010438507550,arn:aws:s3:::hmcl-cv-qa-aps1-trip-route-ev-cfpn,ap-south-1,2025-03-04T03:27:35.296Z
FAILED,MEDIUM,NEW,010438507550,arn:aws:s3:::hmcl-cv-qa-aps1-fusa-data-bucket-tbfe,ap-south-1,2025-03-04T03:27:35.296Z
FAILED,MEDIUM,NEW,010438507550,arn:aws:s3:::hmcl-cv-qa-aps1-debezium-connector-bucket-yvqy,ap-south-1,2025-03-04T03:27:35.296Z
FAILED,MEDIUM,NEW,010438507550,arn:aws:s3:::hmcl-cv-qa-aps1-lambda-code-bucket-wkgp,ap-south-1,2025-03-04T03:27:35.296Z
FAILED,MEDIUM,NEW,010438507550,arn:aws:s3:::hmcl-cv-qa-aps1-jar-bucket-didr,ap-south-1,2025-03-04T03:27:35.296Z
FAILED,MEDIUM,NEW,010438507550,arn:aws:s3:::hmcl-cv-qa-aps1-back-office-vehicle-provisioning-gfxr,ap-south-1,2025-03-04T03:27:35.296Z
FAILED,MEDIUM,NEW,6.37423E+11,arn:aws:s3:::hmcl-cv-uat-aps1-file-mgmt-default-xhkl,ap-south-1,2025-03-04T02:31:20.634Z
FAILED,MEDIUM,NEW,6.37423E+11,arn:aws:s3:::hmcl-cv-uat-aps1-flink-code-bucket-gwwn,ap-south-1,2025-03-04T02:31:20.634Z
FAILED,MEDIUM,NEW,6.37423E+11,arn:aws:s3:::hmcl-cv-uat-aps1-ota-components-bucket-hfti,ap-south-1,2025-03-04T02:31:20.634Z
FAILED,MEDIUM,NEW,6.37423E+11,arn:aws:s3:::hmcl-cv-uat-aps1-ota-campaign-bucket-hapk,ap-south-1,2025-03-04T02:31:20.634Z
FAILED,MEDIUM,NEW,6.37423E+11,arn:aws:s3:::hmcl-cv-uat-aps1-lambda-code-bucket-gvdp,ap-south-1,2025-03-04T02:31:20.634Z
FAILED,MEDIUM,NEW,6.37423E+11,arn:aws:s3:::hmcl-cv-uat-aps1-esync-sovd-bucket-jetp,ap-south-1,2025-03-04T02:31:20.634Z
FAILED,MEDIUM,NEW,6.37423E+11,arn:aws:s3:::hmcl-cv-uat-aps1-sovd-data-bucket-utja,ap-south-1,2025-03-04T02:31:20.634Z
FAILED,MEDIUM,NEW,6.54654E+11,arn:aws:s3:::hmcl-cv-uat-aps1-accesslogs-ejfw,ap-south-1,2025-03-04T02:10:47.107Z
FAILED,MEDIUM,NEW,6.54654E+11,arn:aws:s3:::hmcl-cv-uat-aps1-stage-dyek,ap-south-1,2025-03-04T02:10:47.107Z
FAILED,MEDIUM,NEW,6.54654E+11,arn:aws:s3:::hmcl-cv-uat-aps1-raw-ocsh,ap-south-1,2025-03-04T02:10:47.107Z
FAILED,MEDIUM,NEW,6.54654E+11,arn:aws:s3:::hmcl-cv-uat-aps1-landing-nmvg,ap-south-1,2025-03-04T02:10:47.106Z
FAILED,MEDIUM,NEW,058264497265,arn:aws:s3:::hmcl-ou-terraform-state-file,ap-south-1,2025-03-04T01:14:17.914Z
FAILED,MEDIUM,NEW,9.05418E+11,arn:aws:s3:::hmcl-cv-dev-aps1-vehicle-provisioning-unaq,ap-south-1,2025-03-04T00:46:01.880Z
FAILED,MEDIUM,NEW,9.05418E+11,arn:aws:s3:::hmcl-cv-dev-aps1-lks-protobuf-bucket-bjlp,ap-south-1,2025-03-04T00:46:01.880Z
FAILED,MEDIUM,NEW,9.05418E+11,arn:aws:s3:::hmcl-cv-dev-aps1-sovd-data-bucket-hjhw,ap-south-1,2025-03-04T00:46:01.880Z
FAILED,MEDIUM,NEW,9.05418E+11,arn:aws:s3:::hmcl-cv-dev-aps1-glue-bucket-fpfc,ap-south-1,2025-03-04T00:46:01.880Z
FAILED,MEDIUM,NEW,9.05418E+11,arn:aws:s3:::hmcl-cv-dev-aps1-campaign-bucket-qjlm,ap-south-1,2025-03-04T00:46:01.880Z
FAILED,MEDIUM,NEW,9.05418E+11,arn:aws:s3:::hmcl-cv-dev-aps1-fusa-data-bucket-nkbk,ap-south-1,2025-03-04T00:46:01.880Z
FAILED,MEDIUM,NEW,9.05418E+11,arn:aws:s3:::hmcl-cv-dev-aps1-back-office-vehicle-provisioning-rzvz,ap-south-1,2025-03-04T00:46:01.880Z
FAILED,MEDIUM,NEW,010438507630,arn:aws:s3:::hmcl-cv-qa-aps1-stage-ihql,ap-south-1,2025-03-03T22:42:04.861Z
FAILED,MEDIUM,NEW,6.37423E+11,arn:aws:s3:::hmcl-cv-sharedtenant-thor-terragrunt-statefile-bucket,ap-south-1,2025-03-03T21:58:59.301Z
FAILED,MEDIUM,NEW,010438507550,arn:aws:s3:::hmcl-cv-qa-aps1-lks-protobuf-bucket-lulk,ap-south-1,2025-03-03T21:27:25.862Z
FAILED,MEDIUM,NEW,010438507550,arn:aws:s3:::hmcl-cv-qa-aps1-ota-components-bucket-vebl,ap-south-1,2025-03-03T21:27:25.862Z
FAILED,MEDIUM,NEW,010438507550,arn:aws:s3:::hmcl-cv-qa-aps1-thor-logs-bucket-zydu,ap-south-1,2025-03-03T21:27:25.862Z
FAILED,MEDIUM,NEW,010438507550,arn:aws:s3:::hmcl-cv-qa-aps1-glue-bucket-przb,ap-south-1,2025-03-03T21:27:25.861Z
FAILED,MEDIUM,NEW,6.37423E+11,arn:aws:s3:::hmcl-cv-uat-aps1-load-testing-poc-vfsv,ap-south-1,2025-03-03T20:31:32.844Z
FAILED,MEDIUM,NEW,6.37423E+11,arn:aws:s3:::hmcl-cv-uat-aps1-debezium-connector-bucket-egjy,ap-south-1,2025-03-03T20:31:32.844Z
FAILED,MEDIUM,NEW,6.37423E+11,arn:aws:s3:::hmcl-cv-uat-aps1-fusa-data-bucket-veac,ap-south-1,2025-03-03T20:31:32.844Z
FAILED,MEDIUM,NEW,6.37423E+11,arn:aws:s3:::hmcl-cv-uat-aps1-back-office-vehicle-provisioning-mjzz,ap-south-1,2025-03-03T20:31:32.844Z
FAILED,MEDIUM,NEW,6.37423E+11,arn:aws:s3:::hmcl-cv-uat-aps1-glue-bucket-zezz,ap-south-1,2025-03-03T20:31:32.844Z
FAILED,MEDIUM,NEW,6.37423E+11,arn:aws:s3:::hmcl-cv-uat-aps1-lks-protobuf-bucket-esxc,ap-south-1,2025-03-03T20:31:32.844Z
FAILED,MEDIUM,NEW,9.05418E+11,arn:aws:s3:::hmcl-cv-dev-aps1-trip-route-ev-sbyq,ap-south-1,2025-03-03T18:45:52.506Z
FAILED,MEDIUM,NEW,9.05418E+11,arn:aws:s3:::hmcl-cv-dev-aps1-scalable-simulator-bucket-rzez,ap-south-1,2025-03-03T18:45:52.506Z
FAILED,MEDIUM,NEW,9.05418E+11,arn:aws:s3:::hmcl-cv-dev-aps1-flink-code-bucket-rqpr,ap-south-1,2025-03-03T18:45:52.506Z
FAILED,MEDIUM,NEW,9.05418E+11,arn:aws:s3:::hmcl-cv-dev-aps1-lb-audit-logs-qosa,ap-south-1,2025-03-03T18:45:52.506Z
FAILED,MEDIUM,NEW,9.05418E+11,arn:aws:s3:::hmcl-cv-dev-aps1-ota-campaign-bucket-utuv,ap-south-1,2025-03-03T18:45:52.506Z
FAILED,MEDIUM,NEW,9.05418E+11,arn:aws:s3:::hmcl-cv-dev-aps1-jar-bucket-zhvm,ap-south-1,2025-03-03T18:45:52.506Z
FAILED,MEDIUM,NEW,010438507630,arn:aws:s3:::hmcl-cv-qa-aps1-landing-ohlr,ap-south-1,2025-03-03T16:42:07.003Z
FAILED,MEDIUM,NEW,010438507630,arn:aws:s3:::hmcl-cv-qa-aps1-supportcase-jlts,ap-south-1,2025-03-03T16:42:07.003Z
FAILED,MEDIUM,NEW,010438507630,arn:aws:s3:::hmcl-cv-qa-aps1-raw-fjse,ap-south-1,2025-03-03T16:42:07.003Z
FAILED,MEDIUM,NEW,6.37424E+11,arn:aws:s3:::hmcl-cv-dev-aps1-stage-afxu,ap-south-1,2025-03-03T16:28:56.764Z
FAILED,MEDIUM,NEW,6.37423E+11,arn:aws:s3:::hmcl-network-terraform-state-file,ap-south-1,2025-03-03T15:58:55.016Z
FAILED,MEDIUM,NEW,8.51726E+11,arn:aws:s3:::hmcl-cv-prod-aps1-landing-wyju,ap-south-1,2025-03-03T15:32:31.764Z
FAILED,MEDIUM,NEW,010438507550,arn:aws:s3:::hmcl-cv-qa-aps1-campaign-bucket-otop,ap-south-1,2025-03-03T15:27:32.615Z
FAILED,MEDIUM,NEW,010438507550,arn:aws:s3:::hmcl-cv-qa-aps1-lb-audit-logs-zozw,ap-south-1,2025-03-03T15:27:32.615Z
FAILED,MEDIUM,NEW,6.37423E+11,arn:aws:s3:::hmcl-cv-uat-aps1-trip-route-ev-opyq,ap-south-1,2025-03-03T14:31:34.288Z
FAILED,MEDIUM,NEW,6.37423E+11,arn:aws:s3:::hmcl-cv-uat-aps1-thor-logs-bucket-jkcx,ap-south-1,2025-03-03T14:31:34.288Z
FAILED,MEDIUM,NEW,6.37423E+11,arn:aws:s3:::hmcl-cv-uat-aps1-jar-bucket-iyzq,ap-south-1,2025-03-03T14:31:34.288Z
FAILED,MEDIUM,NEW,6.37423E+11,arn:aws:s3:::hmcl-cv-uat-aps1-campaign-bucket-tnov,ap-south-1,2025-03-03T14:31:34.287Z
FAILED,MEDIUM,NEW,9.05418E+11,arn:aws:s3:::hmcl-cv-dev-aps1-thor-logs-bucket-pzxk,ap-south-1,2025-03-03T12:45:54.954Z
FAILED,MEDIUM,NEW,9.05418E+11,arn:aws:s3:::hmcl-cv-dev-aps1-ota-components-bucket-uhui,ap-south-1,2025-03-03T12:45:54.954Z
FAILED,MEDIUM,NEW,9.05418E+11,arn:aws:s3:::hmcl-cv-dev-aps1-ota-csv-bucket-qylf,ap-south-1,2025-03-03T12:45:54.954Z
FAILED,MEDIUM,NEW,9.05418E+11,arn:aws:s3:::hmcl-cv-dev-aps1-lambda-code-bucket-npme,ap-south-1,2025-03-03T12:45:54.954Z
FAILED,MEDIUM,NEW,9.05418E+11,arn:aws:s3:::hmcl-cv-dev-aps1-debezium-connector-bucket-xmia,ap-south-1,2025-03-03T12:45:54.953Z
FAILED,MEDIUM,NEW,9.05418E+11,arn:aws:s3:::hmcl-cv-dev-aps1-file-mgmt-default-uatg,ap-south-1,2025-03-03T12:45:54.953Z
FAILED,MEDIUM,SUPPRESSED,4.38465E+11,arn:aws:s3:::hmcl-cv-preprod-aps1-raw-pwvs,ap-south-1,2025-03-03T10:18:02.350Z
FAILED,MEDIUM,SUPPRESSED,4.38465E+11,arn:aws:s3:::hmcl-cv-preprod-aps1-stage-xrvc,ap-south-1,2025-03-03T10:18:02.350Z
FAILED,MEDIUM,SUPPRESSED,4.38465E+11,arn:aws:s3:::hmcl-cv-preprod-aps1-landing-lthk,ap-south-1,2025-03-03T10:10:50.688Z
