﻿Compliance Status,Severity,Workflow,Account,Resource,Region,Updated
FAILED,MEDIUM,NEW,9.92382E+11,arn:aws:s3:::grafana-loki-network-ruler,ap-south-1,2025-03-04T04:50:58.478Z
FAILED,MEDIUM,NEW,9.92382E+11,arn:aws:s3:::cf-templates-11srxbm4psvf2-ap-south-1,ap-south-1,2025-03-04T04:50:58.478Z
FAILED,MEDIUM,NEW,010438507630,arn:aws:s3:::hmcl-cv-qa-aps1-landing-ohlr,ap-south-1,2025-03-04T04:42:11.641Z
FAILED,MEDIUM,NEW,6.37424E+11,arn:aws:s3:::hmcl-cv-dev-aps1-raw-ivvr,ap-south-1,2025-03-04T04:28:58.073Z
FAILED,MEDIUM,SUPPRESSED,7.83765E+11,arn:aws:s3:::hmcl-cv-apps-vpc-flow-logs-vuwd,ap-south-1,2025-03-04T03:52:39.573Z
FAILED,MEDIUM,NEW,8.51726E+11,arn:aws:s3:::hmcl-cv-prod-aps1-stage-hcxf,ap-south-1,2025-03-04T03:32:43.437Z
FAILED,MEDIUM,NEW,8.51726E+11,arn:aws:s3:::hmcl-cv-prod-aps1-landing-wyju,ap-south-1,2025-03-04T03:32:43.437Z
FAILED,MEDIUM,NEW,010438507550,arn:aws:s3:::hmcl-cv-qa-cert-rotation-stack-bucket,ap-south-1,2025-03-04T03:27:36.698Z
FAILED,MEDIUM,NEW,010438507550,arn:aws:s3:::grafana-loki-qa-chunks,ap-south-1,2025-03-04T03:27:36.698Z
FAILED,MEDIUM,NEW,6.37423E+11,arn:aws:s3:::cf-templates-sxpb2to4a1uq-ap-south-1,ap-south-1,2025-03-04T02:31:22.325Z
FAILED,MEDIUM,NEW,9.92383E+11,arn:aws:s3:::cf-templates-10e7w1sewh811-ap-south-1,ap-south-1,2025-03-04T02:18:19.869Z
FAILED,MEDIUM,NEW,6.54654E+11,arn:aws:s3:::hmcl-cv-uat-aps1-stage-dyek,ap-south-1,2025-03-04T02:10:47.106Z
FAILED,MEDIUM,NEW,6.54654E+11,arn:aws:s3:::hmcl-cv-uat-aps1-accesslogs-ejfw,ap-south-1,2025-03-04T02:10:47.106Z
FAILED,MEDIUM,NEW,058264497265,arn:aws:s3:::config-bucket-058264497265,ap-south-1,2025-03-04T01:14:23.869Z
FAILED,MEDIUM,NEW,058264497265,arn:aws:s3:::cf-templates-1lzcjx6gqc8ng-ap-south-1,ap-south-1,2025-03-04T01:14:23.869Z
FAILED,MEDIUM,NEW,9.7505E+11,arn:aws:s3:::cf-templates-1cr1wwbdjy2n6-ap-south-1,ap-south-1,2025-03-04T00:55:33.969Z
FAILED,MEDIUM,NEW,2.11125E+11,arn:aws:s3:::cf-templates-ktw7usa2py7a-ap-south-1,ap-south-1,2025-03-04T00:48:55.493Z
FAILED,MEDIUM,NEW,9.05418E+11,arn:aws:s3:::cf-templates-10ewnmw9a69vr-ap-south-1,ap-south-1,2025-03-04T00:45:49.467Z
FAILED,MEDIUM,NEW,9.05418E+11,arn:aws:s3:::nlb-logs-temp-sdfkfk,ap-south-1,2025-03-04T00:45:49.467Z
FAILED,MEDIUM,NEW,9.05418E+11,arn:aws:s3:::dd-audit-update-03ea0540-9fff-11ef-8d5d-02687b135ef3-bucket,ap-south-1,2025-03-04T00:45:49.467Z
FAILED,MEDIUM,NEW,9.05418E+11,arn:aws:s3:::hmcl-cv-dev-cert-rotation-report-stack-bucket,ap-south-1,2025-03-04T00:45:49.467Z
FAILED,MEDIUM,NEW,9.05418E+11,arn:aws:s3:::grafana-loki-dev-chunks,ap-south-1,2025-03-04T00:45:49.467Z
FAILED,MEDIUM,SUPPRESSED,4.38465E+11,arn:aws:s3:::hmcl-cv-apps-vpc-flow-logs-zzaa,ap-south-1,2025-03-04T00:12:22.131Z
FAILED,MEDIUM,NEW,9.92382E+11,arn:aws:s3:::hmcl-lb-logs,ap-south-1,2025-03-03T22:51:04.965Z
FAILED,MEDIUM,NEW,9.92382E+11,arn:aws:s3:::grafana-loki-network-chunks,ap-south-1,2025-03-03T22:51:04.964Z
FAILED,MEDIUM,NEW,010438507630,arn:aws:s3:::cf-templates-pzadzb2v4311-ap-south-1,ap-south-1,2025-03-03T22:42:07.149Z
FAILED,MEDIUM,NEW,010438507630,arn:aws:s3:::hmcl-cv-qa-aps1-supportcase-jlts,ap-south-1,2025-03-03T22:42:07.149Z
FAILED,MEDIUM,NEW,010438507630,arn:aws:s3:::hmcl-cv-qa-aps1-stage-ihql,ap-south-1,2025-03-03T22:42:07.149Z
FAILED,MEDIUM,NEW,6.37424E+11,arn:aws:s3:::aws-glue-assets-637423615990-ap-south-1,ap-south-1,2025-03-03T22:29:03.274Z
FAILED,MEDIUM,NEW,6.37423E+11,arn:aws:s3:::hmcl-central-vpc-flow-log-bucket,ap-south-1,2025-03-03T21:58:59.669Z
FAILED,MEDIUM,NEW,6.37423E+11,arn:aws:s3:::cf-templates-1fxcsvzdbu0f2-ap-south-1,ap-south-1,2025-03-03T21:58:59.669Z
FAILED,MEDIUM,NEW,6.37423E+11,arn:aws:s3:::hmcl-network-terraform-state-file,ap-south-1,2025-03-03T21:58:59.668Z
FAILED,MEDIUM,NEW,3.81492E+11,arn:aws:s3:::aws-controltower-logs-381492007402-ap-south-1,ap-south-1,2025-03-03T21:56:53.508Z
FAILED,MEDIUM,NEW,8.51726E+11,arn:aws:s3:::cf-templates-191e0ktwdbeug-ap-south-1,ap-south-1,2025-03-03T21:32:34.700Z
FAILED,MEDIUM,NEW,8.51726E+11,arn:aws:s3:::hmcl-cv-prod-aps1-raw-aowt,ap-south-1,2025-03-03T21:32:34.700Z
FAILED,MEDIUM,NEW,010438507550,arn:aws:s3:::grafana-loki-qa-ruler,ap-south-1,2025-03-03T21:27:25.396Z
FAILED,MEDIUM,NEW,010438507550,arn:aws:s3:::cf-templates-g72hhe3d3hwj-ap-south-1,ap-south-1,2025-03-03T21:27:25.396Z
FAILED,MEDIUM,NEW,010438507550,arn:aws:s3:::hmcl-cv-qa-aps1-landing-hkpg,ap-south-1,2025-03-03T21:27:25.395Z
FAILED,MEDIUM,NEW,6.37423E+11,arn:aws:s3:::grafana-loki-uat-ruler,ap-south-1,2025-03-03T20:31:32.547Z
FAILED,MEDIUM,NEW,6.54654E+11,arn:aws:s3:::cf-templates-ejtgj38si1e7-ap-south-1,ap-south-1,2025-03-03T20:10:42.693Z
FAILED,MEDIUM,NEW,6.54654E+11,arn:aws:s3:::hmcl-cv-uat-aps1-landing-nmvg,ap-south-1,2025-03-03T20:10:42.693Z
FAILED,MEDIUM,NEW,058264497265,arn:aws:s3:::hmcl-cv-billing-reports,ap-south-1,2025-03-03T19:14:24.440Z
FAILED,MEDIUM,NEW,058264497265,arn:aws:s3:::hmcl-ou-terraform-state-file,ap-south-1,2025-03-03T19:14:24.440Z
FAILED,MEDIUM,NEW,9.7505E+11,arn:aws:s3:::ubuntuvmimage,ap-south-1,2025-03-03T18:55:31.283Z
FAILED,MEDIUM,NEW,2.11125E+11,arn:aws:s3:::hmcl-cv-security-code-bucket-ap-south-1-hbnf,ap-south-1,2025-03-03T18:48:49.186Z
FAILED,MEDIUM,NEW,9.05418E+11,arn:aws:s3:::hmcl-cv-dev-cert-rotation-stack-bucket,ap-south-1,2025-03-03T18:45:52.065Z
FAILED,MEDIUM,NEW,9.05418E+11,arn:aws:s3:::grafana-loki-dev-ruler,ap-south-1,2025-03-03T18:45:52.064Z
FAILED,MEDIUM,NEW,9.05418E+11,arn:aws:s3:::cf-templates-1wq09dw337lf6-ap-south-1,ap-south-1,2025-03-03T18:15:46.814Z
FAILED,MEDIUM,NEW,9.92382E+11,arn:aws:s3:::hmcl-fgtvm-firewall-backups-bucket,ap-south-1,2025-03-03T16:50:51.032Z
FAILED,MEDIUM,NEW,010438507630,arn:aws:s3:::hmcl-cv-qa-aps1-raw-fjse,ap-south-1,2025-03-03T16:42:04.608Z
FAILED,MEDIUM,NEW,6.37424E+11,arn:aws:s3:::cvp-thor-hmcl-lf-ap-south-1,ap-south-1,2025-03-03T16:28:49.189Z
FAILED,MEDIUM,NEW,6.37424E+11,arn:aws:s3:::cf-templates-15h62t7lvsmra-ap-south-1,ap-south-1,2025-03-03T16:28:49.189Z
FAILED,MEDIUM,NEW,6.37424E+11,arn:aws:s3:::hmcl-cv-dev-aps1-stage-afxu,ap-south-1,2025-03-03T16:28:49.189Z
FAILED,MEDIUM,NEW,6.37424E+11,arn:aws:s3:::hmcl-cv-dev-aps1-landing-hkpg,ap-south-1,2025-03-03T16:28:49.189Z
FAILED,MEDIUM,NEW,3.81492E+11,arn:aws:s3:::cf-templates-i79tuw10xx6w-ap-south-1,ap-south-1,2025-03-03T15:56:53.098Z
FAILED,MEDIUM,NEW,3.81492E+11,arn:aws:s3:::aws-controltower-s3-access-logs-381492007402-ap-south-1,ap-south-1,2025-03-03T15:56:53.097Z
FAILED,MEDIUM,NEW,010438507550,arn:aws:s3:::load-testing-poc,ap-south-1,2025-03-03T15:27:35.381Z
FAILED,MEDIUM,NEW,010438507550,arn:aws:s3:::hmcl-cv-qa-cert-rotation-report-stack-bucket,ap-south-1,2025-03-03T15:27:35.381Z
FAILED,MEDIUM,NEW,010438507550,arn:aws:s3:::aws-glue-assets-010438507550-ap-south-1,ap-south-1,2025-03-03T15:27:35.380Z
FAILED,MEDIUM,NEW,6.37423E+11,arn:aws:s3:::grafana-loki-uat-chunks,ap-south-1,2025-03-03T14:31:23.600Z
FAILED,MEDIUM,NEW,6.54654E+11,arn:aws:s3:::hmcl-cv-uat-aps1-raw-ocsh,ap-south-1,2025-03-03T14:10:37.934Z
FAILED,MEDIUM,NEW,9.05418E+11,arn:aws:s3:::aws-glue-assets-905418263290-ap-south-1,ap-south-1,2025-03-03T12:46:03.037Z
FAILED,MEDIUM,SUPPRESSED,4.38465E+11,arn:aws:s3:::hmcl-cv-preprod-aps1-stage-xrvc,ap-south-1,2025-03-03T10:18:10.356Z
FAILED,MEDIUM,SUPPRESSED,4.38465E+11,arn:aws:s3:::hmcl-cv-preprod-aps1-raw-pwvs,ap-south-1,2025-03-03T10:18:10.356Z
FAILED,MEDIUM,SUPPRESSED,4.38465E+11,arn:aws:s3:::hmcl-cv-preprod-aps1-landing-lthk,ap-south-1,2025-03-03T10:10:41.684Z
