﻿Compliance Status,Severity,Workflow,Account,Resource,Region,Updated
FAILED,MEDIUM,NEW,9.05418E+11,arn:aws:secretsmanager:ap-south-1:905418263290:secret:dev/vehicleprovisioning/config-xl34NE,ap-south-1,2025-03-03T00:43:17.690Z
FAILED,MEDIUM,NEW,9.05418E+11,arn:aws:secretsmanager:ap-south-1:905418263290:secret:dev/rds/esync-fm89eG,ap-south-1,2025-03-03T00:43:17.690Z
FAILED,MEDIUM,NEW,9.05418E+11,arn:aws:secretsmanager:ap-south-1:905418263290:secret:dev/vehicle-management/newcerts-7FTbaS,ap-south-1,2025-03-03T00:43:17.689Z
FAILED,MEDIUM,NEW,9.05418E+11,arn:aws:secretsmanager:ap-south-1:905418263290:secret:dev/user_management/config-Krmt9D,ap-south-1,2025-03-03T00:43:17.689Z
FAILED,MEDIUM,NEW,9.05418E+11,arn:aws:secretsmanager:ap-south-1:905418263290:secret:dev/crypto/secrets-KrQYeg,ap-south-1,2025-03-03T00:43:17.688Z
FAILED,MEDIUM,NEW,9.05418E+11,arn:aws:secretsmanager:ap-south-1:905418263290:secret:sns_topic_arn-c1hqZ2,ap-south-1,2025-03-03T00:43:17.688Z
FAILED,MEDIUM,NEW,9.05418E+11,arn:aws:secretsmanager:ap-south-1:905418263290:secret:dev/auth/secrets-TuX7NH,ap-south-1,2025-03-03T00:43:17.688Z
FAILED,MEDIUM,NEW,9.05418E+11,arn:aws:secretsmanager:ap-south-1:905418263290:secret:dev/amq-esync/secrets-cgNjMs,ap-south-1,2025-03-03T00:43:17.688Z
FAILED,MEDIUM,NEW,9.05418E+11,arn:aws:secretsmanager:ap-south-1:905418263290:secret:hmcl-cv-dev-stepfunction-secret-HJodZ7,ap-south-1,2025-03-03T00:43:17.687Z
FAILED,MEDIUM,NEW,9.05418E+11,arn:aws:secretsmanager:ap-south-1:905418263290:secret:remote-diagnostics-config-zgl0Ms,ap-south-1,2025-03-03T00:43:17.686Z
FAILED,MEDIUM,NEW,9.05418E+11,arn:aws:secretsmanager:ap-south-1:905418263290:secret:dev/redis/secrets-P4DfqV,ap-south-1,2025-03-03T00:43:17.686Z
FAILED,MEDIUM,NEW,9.05418E+11,arn:aws:secretsmanager:ap-south-1:905418263290:secret:hmcl-cv-dev-header-secret-swcZUD,ap-south-1,2025-03-03T00:43:17.686Z
FAILED,MEDIUM,NEW,9.05418E+11,arn:aws:secretsmanager:ap-south-1:905418263290:secret:dev/location-service/secrets-UPyZHo,ap-south-1,2025-03-03T00:43:17.686Z
FAILED,MEDIUM,NEW,9.05418E+11,arn:aws:secretsmanager:ap-south-1:905418263290:secret:hmcl-cv-dev-cognito-mail-ids-secret-tfpp5I,ap-south-1,2025-03-03T00:43:17.685Z
FAILED,MEDIUM,NEW,9.05418E+11,arn:aws:secretsmanager:ap-south-1:905418263290:secret:dev/vehicle-management/config-WzHKoO,ap-south-1,2025-03-03T00:43:17.685Z
FAILED,MEDIUM,NEW,9.05418E+11,arn:aws:secretsmanager:ap-south-1:905418263290:secret:hmcl-cv-dev-opensearch-readonly-user-secret-H2oLD5,ap-south-1,2025-03-03T00:43:17.685Z
FAILED,MEDIUM,NEW,9.05418E+11,arn:aws:secretsmanager:ap-south-1:905418263290:secret:dev/vehicle-management/rootcerts-3HO5Un,ap-south-1,2025-03-03T00:43:17.684Z
FAILED,MEDIUM,NEW,9.05418E+11,arn:aws:secretsmanager:ap-south-1:905418263290:secret:hmcl-cv-dev-geofence-ftr-code-secret-7rP3Pg,ap-south-1,2025-03-03T00:43:17.684Z
FAILED,MEDIUM,NEW,9.05418E+11,arn:aws:secretsmanager:ap-south-1:905418263290:secret:dev/deviceledger/config-kTvESf,ap-south-1,2025-03-03T00:43:17.684Z
FAILED,MEDIUM,NEW,9.05418E+11,arn:aws:secretsmanager:ap-south-1:905418263290:secret:dev/vehicle-management/privatecerts-t3GWZ0,ap-south-1,2025-03-03T00:43:17.683Z
FAILED,MEDIUM,NEW,9.05418E+11,arn:aws:secretsmanager:ap-south-1:905418263290:secret:dev/file-management/config-new-O3iPkd,ap-south-1,2025-03-03T00:43:17.683Z
FAILED,MEDIUM,NEW,9.05418E+11,arn:aws:secretsmanager:ap-south-1:905418263290:secret:hmcl-cv-dev-overspeed-cmd-code-secret-PchKt5,ap-south-1,2025-03-03T00:43:17.682Z
FAILED,MEDIUM,NEW,9.05418E+11,arn:aws:secretsmanager:ap-south-1:905418263290:secret:hmcl-cv-dev-redis-auth-token-secret-2MTZyw,ap-south-1,2025-03-03T00:43:17.682Z
FAILED,MEDIUM,NEW,9.05418E+11,arn:aws:secretsmanager:ap-south-1:905418263290:secret:dev/msk/config-AqViiq,ap-south-1,2025-03-03T00:43:17.681Z
FAILED,MEDIUM,NEW,9.05418E+11,arn:aws:secretsmanager:ap-south-1:905418263290:secret:dev/analytics/secrets-7mONzS,ap-south-1,2025-03-03T00:43:17.681Z
FAILED,MEDIUM,NEW,9.05418E+11,arn:aws:secretsmanager:ap-south-1:905418263290:secret:hmcl-cv-dev-mq-secret-6O9QOw,ap-south-1,2025-03-03T00:43:17.681Z
FAILED,MEDIUM,NEW,9.05418E+11,arn:aws:secretsmanager:ap-south-1:905418263290:secret:hmcl-cv-dev-snowflake-secret-DD3dPy,ap-south-1,2025-03-03T00:43:17.680Z
FAILED,MEDIUM,NEW,9.05418E+11,arn:aws:secretsmanager:ap-south-1:905418263290:secret:test-binary-secret-dMNd7v,ap-south-1,2025-03-03T00:43:17.680Z
FAILED,MEDIUM,NEW,9.05418E+11,arn:aws:secretsmanager:ap-south-1:905418263290:secret:dev/notification/config-ZOXECd,ap-south-1,2025-03-03T00:43:17.680Z
FAILED,MEDIUM,NEW,9.05418E+11,arn:aws:secretsmanager:ap-south-1:905418263290:secret:hmcl-cv-dev-debezium-rds-user-secret-Q9I42M,ap-south-1,2025-03-03T00:43:17.679Z
FAILED,MEDIUM,NEW,9.05418E+11,arn:aws:secretsmanager:ap-south-1:905418263290:secret:dev/command_control/config-5Mqxx2,ap-south-1,2025-03-03T00:43:17.679Z
FAILED,MEDIUM,NEW,9.05418E+11,arn:aws:secretsmanager:ap-south-1:905418263290:secret:dev/live-tracking-apis-Be3WO2,ap-south-1,2025-03-03T00:43:17.679Z
FAILED,MEDIUM,NEW,9.05418E+11,arn:aws:secretsmanager:ap-south-1:905418263290:secret:hmcl-cv-dev-opensearch-secret-FMZysw,ap-south-1,2025-03-03T00:43:17.679Z
FAILED,MEDIUM,NEW,9.05418E+11,arn:aws:secretsmanager:ap-south-1:905418263290:secret:dev/rds/secrets-KuDlyb,ap-south-1,2025-03-03T00:43:17.679Z
FAILED,MEDIUM,NEW,9.05418E+11,arn:aws:secretsmanager:ap-south-1:905418263290:secret:AmazonMSK_hmcl-cv-dev-msk-secret-pKKtEu,ap-south-1,2025-03-03T00:43:17.679Z
FAILED,MEDIUM,NEW,010438507550,arn:aws:secretsmanager:ap-south-1:010438507550:secret:hmcl-cv-qa-analytics-rds-secret-uNLDDl,ap-south-1,2025-03-03T00:39:57.630Z
FAILED,MEDIUM,NEW,010438507550,arn:aws:secretsmanager:ap-south-1:010438507550:secret:hmcl-cv-qa-auth-management-rds-secret-iNQp4k,ap-south-1,2025-03-03T00:39:57.630Z
FAILED,MEDIUM,NEW,010438507550,arn:aws:secretsmanager:ap-south-1:010438507550:secret:qa/msk/config-JtAx8y,ap-south-1,2025-03-03T00:39:57.630Z
FAILED,MEDIUM,NEW,010438507550,arn:aws:secretsmanager:ap-south-1:010438507550:secret:qa/analytics/secrets-K32Mbf,ap-south-1,2025-03-03T00:39:57.629Z
FAILED,MEDIUM,NEW,010438507550,arn:aws:secretsmanager:ap-south-1:010438507550:secret:qa/auth/secrets-qV3mX1,ap-south-1,2025-03-03T00:39:57.629Z
FAILED,MEDIUM,NEW,010438507550,arn:aws:secretsmanager:ap-south-1:010438507550:secret:hmcl-cv-qa-debezium-rds-user-secret-ISmvt9,ap-south-1,2025-03-03T00:39:57.629Z
FAILED,MEDIUM,NEW,010438507550,arn:aws:secretsmanager:ap-south-1:010438507550:secret:qa/notification/config-pJa5PM,ap-south-1,2025-03-03T00:39:57.629Z
FAILED,MEDIUM,NEW,010438507550,arn:aws:secretsmanager:ap-south-1:010438507550:secret:qa/rds/secrets-nf0H0j,ap-south-1,2025-03-03T00:39:57.628Z
FAILED,MEDIUM,NEW,010438507550,arn:aws:secretsmanager:ap-south-1:010438507550:secret:qa/location-service/secrets-DiJg6r,ap-south-1,2025-03-03T00:39:57.628Z
FAILED,MEDIUM,NEW,010438507550,arn:aws:secretsmanager:ap-south-1:010438507550:secret:hmcl-cv-qa-command-and-control-rds-secret-BJoZUi,ap-south-1,2025-03-03T00:39:57.627Z
FAILED,MEDIUM,NEW,010438507550,arn:aws:secretsmanager:ap-south-1:010438507550:secret:hmcl-cv-qa-feature-management-rds-secret-qJuMnj,ap-south-1,2025-03-03T00:39:57.627Z
FAILED,MEDIUM,NEW,010438507550,arn:aws:secretsmanager:ap-south-1:010438507550:secret:qa/redis/secrets-ll1JGc,ap-south-1,2025-03-03T00:39:57.627Z
FAILED,MEDIUM,NEW,010438507550,arn:aws:secretsmanager:ap-south-1:010438507550:secret:qa/deviceledger/config-dmhESb,ap-south-1,2025-03-03T00:39:57.626Z
FAILED,MEDIUM,NEW,010438507550,arn:aws:secretsmanager:ap-south-1:010438507550:secret:hmcl-cv-qa-cognito-mail-ids-secret-ypI8XT,ap-south-1,2025-03-03T00:39:57.626Z
FAILED,MEDIUM,NEW,010438507550,arn:aws:secretsmanager:ap-south-1:010438507550:secret:qa/user_management/config-4GmrmM,ap-south-1,2025-03-03T00:39:57.626Z
FAILED,MEDIUM,NEW,010438507550,arn:aws:secretsmanager:ap-south-1:010438507550:secret:hmcl-cv-qa-mq-secret-qVXVlJ,ap-south-1,2025-03-03T00:39:57.625Z
FAILED,MEDIUM,NEW,010438507550,arn:aws:secretsmanager:ap-south-1:010438507550:secret:qa/file-management/config-new-rak5XJ,ap-south-1,2025-03-03T00:39:57.625Z
FAILED,MEDIUM,NEW,010438507550,arn:aws:secretsmanager:ap-south-1:010438507550:secret:sns_topic_arn-bDrpEf,ap-south-1,2025-03-03T00:39:57.625Z
FAILED,MEDIUM,NEW,010438507550,arn:aws:secretsmanager:ap-south-1:010438507550:secret:hmcl-cv-qa-geofence-ftr-code-secret-eT4Ouf,ap-south-1,2025-03-03T00:39:57.625Z
FAILED,MEDIUM,NEW,010438507550,arn:aws:secretsmanager:ap-south-1:010438507550:secret:qa/vehicle-management/rootcert-qnkaCM,ap-south-1,2025-03-03T00:39:57.624Z
FAILED,MEDIUM,NEW,010438507550,arn:aws:secretsmanager:ap-south-1:010438507550:secret:qa/vehicle-management/newcert-Aa5ZYG,ap-south-1,2025-03-03T00:39:57.624Z
FAILED,MEDIUM,NEW,010438507550,arn:aws:secretsmanager:ap-south-1:010438507550:secret:hmcl-cv-qa-redis-auth-token-secret-mTE46H,ap-south-1,2025-03-03T00:39:57.624Z
FAILED,MEDIUM,NEW,010438507550,arn:aws:secretsmanager:ap-south-1:010438507550:secret:qa/vehicle-management/config-DYOKCJ,ap-south-1,2025-03-03T00:39:57.624Z
FAILED,MEDIUM,NEW,010438507550,arn:aws:secretsmanager:ap-south-1:010438507550:secret:remote-diagnostics-config-z4MSgC,ap-south-1,2025-03-03T00:39:57.624Z
FAILED,MEDIUM,NEW,010438507550,arn:aws:secretsmanager:ap-south-1:010438507550:secret:AmazonMSK_hmcl-cv-qa-msk-secret-xTAiDG,ap-south-1,2025-03-03T00:39:57.624Z
FAILED,MEDIUM,NEW,010438507550,arn:aws:secretsmanager:ap-south-1:010438507550:secret:qa/command_control/config-LY0CAE,ap-south-1,2025-03-03T00:39:57.623Z
FAILED,MEDIUM,NEW,010438507550,arn:aws:secretsmanager:ap-south-1:010438507550:secret:hmcl-cv-qa-opensearch-readonly-user-secret-i6xaB0,ap-south-1,2025-03-03T00:39:57.623Z
FAILED,MEDIUM,NEW,010438507550,arn:aws:secretsmanager:ap-south-1:010438507550:secret:hmcl-cv-qa-vehicle-management-rds-secret-RLE6Hj,ap-south-1,2025-03-03T00:39:57.623Z
FAILED,MEDIUM,NEW,010438507550,arn:aws:secretsmanager:ap-south-1:010438507550:secret:qa/vehicle-management/privatecert-pAVRYj,ap-south-1,2025-03-03T00:39:57.622Z
FAILED,MEDIUM,NEW,010438507550,arn:aws:secretsmanager:ap-south-1:010438507550:secret:hmcl-cv-qa-stepfunction-secret-xTAiDG,ap-south-1,2025-03-03T00:39:57.622Z
FAILED,MEDIUM,NEW,010438507550,arn:aws:secretsmanager:ap-south-1:010438507550:secret:hmcl-cv-qa-overspeed-cmd-code-secret-2aYTBE,ap-south-1,2025-03-03T00:39:57.622Z
FAILED,MEDIUM,NEW,010438507550,arn:aws:secretsmanager:ap-south-1:010438507550:secret:hmcl-cv-qa-snowflake-secret-VqP383,ap-south-1,2025-03-03T00:39:57.621Z
FAILED,MEDIUM,NEW,010438507550,arn:aws:secretsmanager:ap-south-1:010438507550:secret:hmcl-cv-qa-vehicle-reports-rds-secret-ciR8w6,ap-south-1,2025-03-03T00:39:57.621Z
FAILED,MEDIUM,NEW,010438507550,arn:aws:secretsmanager:ap-south-1:010438507550:secret:hmcl-cv-qa-header-secret-BHf2fP,ap-south-1,2025-03-03T00:39:57.621Z
FAILED,MEDIUM,NEW,010438507550,arn:aws:secretsmanager:ap-south-1:010438507550:secret:hmcl-cv-qa-notification-rds-secret-24h5NY,ap-south-1,2025-03-03T00:39:57.621Z
FAILED,MEDIUM,NEW,010438507550,arn:aws:secretsmanager:ap-south-1:010438507550:secret:hmcl-cv-qa-opensearch-secret-xTAiDG,ap-south-1,2025-03-03T00:39:57.620Z
FAILED,MEDIUM,NEW,010438507550,arn:aws:secretsmanager:ap-south-1:010438507550:secret:test-binary-secret-qa-xTAiDG,ap-south-1,2025-03-03T00:39:57.620Z
FAILED,MEDIUM,NEW,010438507550,arn:aws:secretsmanager:ap-south-1:010438507550:secret:hmcl-cv-qa-vehicle-provisioning-rds-secret-XR2TjT,ap-south-1,2025-03-03T00:39:57.620Z
FAILED,MEDIUM,NEW,010438507550,arn:aws:secretsmanager:ap-south-1:010438507550:secret:hmcl-cv-qa-vehicle-model-rds-secret-RLE6Hj,ap-south-1,2025-03-03T00:39:57.620Z
FAILED,MEDIUM,NEW,6.37423E+11,arn:aws:secretsmanager:ap-south-1:637423293078:secret:hmcl-cv-azure-agent-secret-tAXJ4D,ap-south-1,2025-03-03T00:10:01.153Z
FAILED,MEDIUM,NEW,6.37423E+11,arn:aws:secretsmanager:ap-south-1:637423293078:secret:hmcl-cv-argocd-azure-token-NsyFjP,ap-south-1,2025-03-03T00:10:01.153Z
FAILED,MEDIUM,NEW,6.37423E+11,arn:aws:secretsmanager:ap-south-1:637423293078:secret:prod/devops-tools/creds-yjCEMN,ap-south-1,2025-03-03T00:10:01.153Z
FAILED,MEDIUM,NEW,6.37423E+11,arn:aws:secretsmanager:ap-south-1:637423423802:secret:hmcl-cv-uat-redis-auth-token-secret-ube6cR,ap-south-1,2025-03-03T00:04:56.937Z
FAILED,MEDIUM,NEW,6.37423E+11,arn:aws:secretsmanager:ap-south-1:637423423802:secret:hmcl-cv-uat-snowflake-secret-B9SttO,ap-south-1,2025-03-03T00:04:56.937Z
FAILED,MEDIUM,NEW,6.37423E+11,arn:aws:secretsmanager:ap-south-1:637423423802:secret:hmcl-cv-uat-debezium-rds-user-secret-ube6cR,ap-south-1,2025-03-03T00:04:56.937Z
FAILED,MEDIUM,NEW,6.37423E+11,arn:aws:secretsmanager:ap-south-1:637423423802:secret:AmazonMSK_hmcl-cv-uat-msk-secret-B9SttO,ap-south-1,2025-03-03T00:04:56.936Z
FAILED,MEDIUM,NEW,6.37423E+11,arn:aws:secretsmanager:ap-south-1:637423423802:secret:hmcl-cv-uat-stepfunction-secret-ube6cR,ap-south-1,2025-03-03T00:04:56.935Z
FAILED,MEDIUM,NEW,6.37423E+11,arn:aws:secretsmanager:ap-south-1:637423423802:secret:hmcl-cv-uat-cognito-mail-ids-secret-GbbkJQ,ap-south-1,2025-03-03T00:04:56.935Z
FAILED,MEDIUM,NEW,6.37423E+11,arn:aws:secretsmanager:ap-south-1:637423423802:secret:hmcl-cv-uat-opensearch-secret-e9Z1nP,ap-south-1,2025-03-03T00:04:56.934Z
FAILED,MEDIUM,NEW,6.37423E+11,arn:aws:secretsmanager:ap-south-1:637423423802:secret:test-binary-secret-uat-392OPO,ap-south-1,2025-03-03T00:04:56.934Z
FAILED,MEDIUM,NEW,6.37423E+11,arn:aws:secretsmanager:ap-south-1:637423423802:secret:hmcl-cv-uat-mq-secret-N7OJ2N,ap-south-1,2025-03-03T00:04:56.934Z
FAILED,MEDIUM,NEW,9.92382E+11,arn:aws:secretsmanager:ap-south-1:992382403372:secret:hmcl-cv-network-kong-uat-secret-i5RAMu,ap-south-1,2025-03-02T23:58:04.052Z
FAILED,MEDIUM,NEW,9.92382E+11,arn:aws:secretsmanager:ap-south-1:992382403372:secret:hmcl-cv-network-kong-qa-secret-FE8Urh,ap-south-1,2025-03-02T23:58:04.052Z
FAILED,MEDIUM,NEW,9.92382E+11,arn:aws:secretsmanager:ap-south-1:992382403372:secret:hmcl-cv-network-kong-prod-secret-LRn6Vm,ap-south-1,2025-03-02T23:58:04.052Z
