﻿Compliance Status,Severity,Workflow,Account,Resource,Region,Updated
FAILED,MEDIUM,NEW,9.05418E+11,arn:aws:sns:ap-south-2:905418263290:aws-controltower-SecurityNotifications,ap-south-2,2025-03-04T05:06:53.059Z
FAILED,MEDIUM,NEW,9.05418E+11,arn:aws:sns:ap-south-2:905418067875:aws-controltower-SecurityNotifications,ap-south-2,2025-03-04T04:52:06.095Z
FAILED,MEDIUM,NEW,6.37424E+11,arn:aws:sns:ap-south-2:637423615990:aws-controltower-SecurityNotifications,ap-south-2,2025-03-04T04:43:57.271Z
FAILED,MEDIUM,NEW,6.37423E+11,arn:aws:sns:ap-south-2:637423293078:aws-controltower-SecurityNotifications,ap-south-2,2025-03-04T04:01:57.033Z
FAILED,MEDIUM,SUPPRESSED,7.83765E+11,arn:aws:sns:ap-south-1:783764575149:aws-controltower-SecurityNotifications,ap-south-1,2025-03-04T03:52:49.838Z
FAILED,MEDIUM,NEW,2.11125E+11,arn:aws:sns:ap-south-2:211125359537:aws-controltower-AggregateSecurityNotifications,ap-south-2,2025-03-04T03:50:05.114Z
FAILED,MEDIUM,NEW,2.11125E+11,arn:aws:sns:ap-south-2:211125359537:aws-controltower-SecurityNotifications,ap-south-2,2025-03-04T03:50:05.114Z
FAILED,MEDIUM,NEW,010438507550,arn:aws:sns:ap-south-1:010438507550:hmcl-cv-qa-postgre-to-raw-info.fifo,ap-south-1,2025-03-04T03:27:36.081Z
FAILED,MEDIUM,NEW,9.92383E+11,arn:aws:sns:ap-south-1:992382517861:aws-controltower-SecurityNotifications,ap-south-1,2025-03-04T02:18:20.939Z
FAILED,MEDIUM,NEW,4.38465E+11,arn:aws:sns:ap-south-2:438465139527:aws-controltower-SecurityNotifications,ap-south-2,2025-03-04T01:43:46.245Z
FAILED,MEDIUM,NEW,9.7505E+11,arn:aws:sns:ap-south-1:975050234854:testing-notification,ap-south-1,2025-03-04T00:55:35.210Z
FAILED,MEDIUM,NEW,9.92383E+11,arn:aws:sns:ap-south-2:992382517861:aws-controltower-SecurityNotifications,ap-south-2,2025-03-04T00:53:07.985Z
FAILED,MEDIUM,NEW,2.11125E+11,arn:aws:sns:ap-south-1:211125359537:aws-controltower-AggregateSecurityNotifications,ap-south-1,2025-03-04T00:48:54.915Z
FAILED,MEDIUM,NEW,9.05418E+11,arn:aws:sns:ap-south-1:905418263290:aws-controltower-SecurityNotifications,ap-south-1,2025-03-04T00:45:57.414Z
FAILED,MEDIUM,NEW,3.81492E+11,arn:aws:sns:ap-south-1:381492007402:aws-controltower-SecurityNotifications,ap-south-1,2025-03-03T21:56:55.781Z
FAILED,MEDIUM,NEW,2.11125E+11,arn:aws:sns:ap-south-2:211125359537:aws-controltower-AllConfigNotifications,ap-south-2,2025-03-03T21:50:01.830Z
FAILED,MEDIUM,NEW,010438507630,arn:aws:sns:ap-south-2:010438507630:aws-controltower-SecurityNotifications,ap-south-2,2025-03-03T21:36:15.988Z
FAILED,MEDIUM,NEW,8.51726E+11,arn:aws:sns:ap-south-1:851725574897:aws-controltower-SecurityNotifications,ap-south-1,2025-03-03T21:32:32.080Z
FAILED,MEDIUM,NEW,010438507550,arn:aws:sns:ap-south-1:010438507550:aws-controltower-SecurityNotifications,ap-south-1,2025-03-03T21:27:28.599Z
FAILED,MEDIUM,NEW,7.83765E+11,arn:aws:sns:ap-south-2:783764575149:aws-controltower-SecurityNotifications,ap-south-2,2025-03-03T21:09:48.366Z
FAILED,MEDIUM,NEW,6.54654E+11,arn:aws:sns:ap-south-1:654654362576:aws-controltower-SecurityNotifications,ap-south-1,2025-03-03T20:10:38.115Z
FAILED,MEDIUM,NEW,010438507550,arn:aws:sns:ap-south-2:010438507550:aws-controltower-SecurityNotifications,ap-south-2,2025-03-03T19:40:23.866Z
FAILED,MEDIUM,NEW,058264497265,arn:aws:sns:ap-south-1:058264497265:HMCL-Control-Network-Modify-Alert,ap-south-1,2025-03-03T19:14:20.889Z
FAILED,MEDIUM,NEW,9.7505E+11,arn:aws:sns:ap-south-1:975050234854:aws-controltower-SecurityNotifications,ap-south-1,2025-03-03T18:55:28.708Z
FAILED,MEDIUM,NEW,2.11125E+11,arn:aws:sns:ap-south-1:211125359537:aws-controltower-SecurityNotifications,ap-south-1,2025-03-03T18:48:57.281Z
FAILED,MEDIUM,NEW,2.11125E+11,arn:aws:sns:ap-south-1:211125359537:aws-controltower-AllConfigNotifications,ap-south-1,2025-03-03T18:48:57.281Z
FAILED,MEDIUM,NEW,9.05418E+11,arn:aws:sns:ap-south-1:905418263290:mparitos-test,ap-south-1,2025-03-03T18:46:06.954Z
FAILED,MEDIUM,NEW,9.05418E+11,arn:aws:sns:ap-south-1:905418067875:aws-controltower-SecurityNotifications,ap-south-1,2025-03-03T18:15:38.830Z
FAILED,MEDIUM,SUPPRESSED,4.38465E+11,arn:aws:sns:ap-south-1:438465139527:aws-controltower-SecurityNotifications,ap-south-1,2025-03-03T18:12:37.382Z
FAILED,MEDIUM,NEW,6.37423E+11,arn:aws:sns:ap-south-2:637423423802:aws-controltower-SecurityNotifications,ap-south-2,2025-03-03T17:46:50.389Z
FAILED,MEDIUM,NEW,3.81492E+11,arn:aws:sns:ap-south-2:381492007402:aws-controltower-SecurityNotifications,ap-south-2,2025-03-03T16:54:57.754Z
FAILED,MEDIUM,NEW,9.92382E+11,arn:aws:sns:ap-south-1:992382403372:aws-controltower-SecurityNotifications,ap-south-1,2025-03-03T16:51:03.698Z
FAILED,MEDIUM,NEW,010438507630,arn:aws:sns:ap-south-1:010438507630:aws-controltower-SecurityNotifications,ap-south-1,2025-03-03T16:42:14.932Z
FAILED,MEDIUM,NEW,6.37424E+11,arn:aws:sns:ap-south-1:637423615990:aws-controltower-SecurityNotifications,ap-south-1,2025-03-03T16:28:59.663Z
FAILED,MEDIUM,NEW,8.51726E+11,arn:aws:sns:ap-south-2:851725574897:aws-controltower-SecurityNotifications,ap-south-2,2025-03-03T16:21:23.196Z
FAILED,MEDIUM,NEW,6.37423E+11,arn:aws:sns:ap-south-1:637423293078:aws-controltower-SecurityNotifications,ap-south-1,2025-03-03T15:59:04.854Z
FAILED,MEDIUM,NEW,6.37423E+11,arn:aws:sns:ap-south-1:637423423802:aws-controltower-SecurityNotifications,ap-south-1,2025-03-03T14:31:37.893Z
FAILED,MEDIUM,NEW,6.54654E+11,arn:aws:sns:ap-south-2:654654362576:aws-controltower-SecurityNotifications,ap-south-2,2025-03-03T14:06:58.553Z
FAILED,MEDIUM,NEW,9.7505E+11,arn:aws:sns:ap-south-2:975050234854:aws-controltower-SecurityNotifications,ap-south-2,2025-03-03T13:28:46.326Z
FAILED,MEDIUM,NEW,9.92382E+11,arn:aws:sns:ap-south-2:992382403372:aws-controltower-SecurityNotifications,ap-south-2,2025-03-03T13:01:05.299Z
FAILED,MEDIUM,NEW,9.05418E+11,arn:aws:sns:ap-south-1:905418263290:hmcl-cv-dev-test,ap-south-1,2025-03-03T12:46:09.813Z
FAILED,MEDIUM,NEW,9.05418E+11,arn:aws:sns:ap-south-1:905418263290:Postgre-to-raw-info,ap-south-1,2025-03-03T12:46:09.813Z
