{
	"Version": "2012-10-17",
	"Statement": [
		{
			"Sid": "Statement1",
			"Effect": "Allow",
			"Action": [
				"secretsmanager:*",
				"athena:*",
				"iam:GetRole",
				"dynamodb:ListTables",
				"dynamodb:ListImports",
				"dynamodb:ListGlobalTables",
				"dynamodb:ListExports",
				"dynamodb:DescribeTable",
				"dynamodb:GetItem",
				"dynamodb:GetRecords",
				"dynamodb:GetResourcePolicy",
				"dynamodb:ListStreams",
				"dynamodb:Query",
				"dynamodb:Scan",
				"dynamodb:BatchGetItem",
				"es:DescribeDomains",
				"es:DescribeElasticsearchDomains",
				"es:DescribeOutboundConnections",
				"es:DescribeInstanceTypeLimits",
				"es:ListDataSources",
				"es:ListDomainMaintenances",
				"es:ListDomainNames",
				"es:ListVersions",
				"es:ListScheduledActions",
				"es:ListPackagesForDomain",
				"es:ListElasticsearchVersions",
				"es:ListDomainsForPackage",
				"es:ESHttpGet",
				"es:GetDataSource",
				"events:ListEndpoints",
				"events:ListConnections",
				"events:ListApiDestinations",
				"events:ListEventBuses",
				"events:ListEventSources",
				"events:ListRules",
				"events:ListRuleNamesByTarget",
				"events:ListReplays",
				"events:ListPartnerEventSources",
				"events:ListPartnerEventSourceAccounts",
				"events:ListArchives",
				"events:DescribeArchive",
				"events:DescribeConnection",
				"events:DescribeApiDestination",
				"events:DescribeEndpoint",
				"events:DescribeEventBus",
				"events:DescribeEventSource",
				"events:DescribePartnerEventSource",
				"events:DescribeReplay",
				"events:DescribeRule",
				"ec2:DescribeInstances",
				"ec2:DescribeInstanceStatus",
				"ec2-instance-connect:*",
				"iot:ListAttachedPolicies",
				"iot:ListCACertificates",
				"iot:ListCertificateProviders",
				"iot:ListCertificates",
				"iot:ListCertificatesByCA",
				"iot:ListJobs",
				"iot:ListJobExecutionsForThing",
				"iot:ListJobExecutionsForJob",
				"iot:ListJobTemplates",
				"iot:ListManagedJobTemplates",
				"iot:ListMetricValues",
				"iot:ListThingGroups",
				"iot:ListThingGroupsForThing",
				"iot:ListThingPrincipals",
				"iot:ListThings",
				"iot:ListThingRegistrationTasks",
				"iot:ListThingRegistrationTaskReports",
				"iot:ListThingsInThingGroup",
				"iot:ListThingTypes",
				"iot:ListTopicRules",
				"iot:ListTopicRuleDestinations",
				"iot:DescribeJob",
				"iot:GetTopicRule",
				"iot:GetTopicRuleDestination",
				"iot:DescribeStream",
				"iot:DescribeThing",
				"iot:DescribeThingGroup",
				"iot:DescribeThingRegistrationTask",
				"iot:DescribeThingType",
				"iot:DescribeTunnel",
				"iot:DescribeJobExecution",
				"iot:DescribeIndex",
				"iot:DescribeEndpoint",
				"glue:ListCrawlers",
				"glue:ListCrawls",
				"glue:ListJobs",
				"glue:ListDevEndpoints",
				"glue:ListWorkflows",
				"glue:BatchGetJobs",
				"glue:GetCrawler",
				"glue:GetCrawlers",
				"glue:GetDatabase",
				"glue:GetDatabases",
				"glue:GetJob",
				"glue:GetJobRun",
				"glue:GetJobRuns",
				"glue:GlueNotebookRefreshCredentials",
				"glue:GlueNotebookAuthorize",
				"glue:GetNotebookInstanceStatus",
				"glue:ListDataQualityResults",
				"glue:ListDataQualityRulesets",
				"glue:ListDataQualityRulesetEvaluationRuns",
				"glue:GetQueries",
				"glue:GetQuery",
				"glue:ListEntities",
				"glue:ListConnectionTypes",
				"glue:GetMLTransforms",
				"glue:ListBlueprints",
				"glue:GetMLTaskRuns",
				"glue:ListCustomEntityTypes",
				"glue:ListDataQualityRuleRecommendationRuns",
				"glue:ListMLTransforms",
				"glue:ListRegistries",
				"glue:ListSchemas",
				"glue:ListSchemaVersions",
				"glue:ListSessions",
				"glue:ListStatements",
				"glue:ListTableOptimizerRuns",
				"glue:ListTriggers",
				"glue:ListUsageProfiles",
				"glue:GetCrawlerMetrics",
				"glue:GetCustomEntityType",
				"glue:GetJobBookmark",
				"glue:GetJobs",
				"glue:GetStatement",
				"glue:GetSession",
				"glue:GetTable",
				"glue:GetTableOptimizer",
				"glue:GetTables",
				"glue:GetTableVersion",
				"glue:GetTrigger",
				"glue:GetTriggers",
				"glue:GetUsageProfile",
				"glue:GetTags",
				"glue:GetTableVersions",
				"glue:GetUserDefinedFunction",
				"glue:GetUserDefinedFunctions",
				"glue:GetWorkflow",
				"glue:GetWorkflowRun",
				"glue:GetWorkflowRunProperties",
				"glue:SearchTables",
				"glue:GetPartitions",
				"glue:GetPartition",
				"kafka-cluster:DescribeCluster",
				"kafka-cluster:DescribeClusterDynamicConfiguration",
				"kafka-cluster:DescribeTopic",
				"kafka-cluster:DescribeGroup",
				"kafka-cluster:DescribeTopicDynamicConfiguration",
				"kafka-cluster:ReadData",
				"kafka:ListClusterOperations",
				"kafka:ListClusters",
				"kafka:ListConfigurationRevisions",
				"kafka:ListConfigurations",
				"kafka:ListKafkaVersions",
				"kafka:ListNodes",
				"kafka:ListReplicators",
				"kafka:DescribeCluster",
				"kafka:DescribeClusterOperation",
				"kafka:DescribeClusterV2",
				"kafka:DescribeConfigurationRevision",
				"kafka:DescribeConfiguration",
				"kafka:DescribeReplicator",
				"kafka:DescribeVpcConnection",
				"kafka:GetClusterPolicy",
				"kafkaconnect:DescribeConnector",
				"kafkaconnect:DescribeCustomPlugin",
				"kafkaconnect:ListConnectors",
				"kafkaconnect:ListCustomPlugins",
				"kafkaconnect:ListWorkerConfigurations",
				"kinesisanalytics:DescribeApplication",
				"kinesisanalytics:ListApplications",
				"kinesisanalytics:GetApplicationState",
				"kinesisanalytics:DiscoverInputSchema",
				"kinesisanalytics:CreateApplicationPresignedUrl",
				"kms:ListKeys",
				"kms:ListGrants",
				"kms:ListKeyPolicies",
				"kms:ListKeyRotations",
				"kms:DescribeKey",
				"kms:GetKeyPolicy",
				"kms:Decrypt",
				"lambda:ListAliases",
				"lambda:ListFunctions",
				"lambda:InvokeFunction",
				"lambda:InvokeFunctionUrl",
				"lambda:GetFunction",
				"lambda:GetFunctionCodeSigningConfig",
				"lambda:GetFunctionConfiguration",
				"lambda:GetFunctionEventInvokeConfig",
				"lambda:GetAccountSettings",
				"lambda:ListVersionsByFunction",
				"lambda:ListFunctionsByCodeSigningConfig",
				"lambda:GetCodeSigningConfig",
				"lambda:GetEventSourceMapping",
				"lambda:GetPolicy",
				"lakeformation:ListDataCellsFilter",
				"lakeformation:ListLakeFormationOptIns",
				"lakeformation:ListPermissions",
				"lakeformation:ListResources",
				"lakeformation:ListTableStorageOptimizers",
				"lakeformation:ListTransactions",
				"lakeformation:DescribeResource",
				"lakeformation:DescribeTransaction",
				"lakeformation:GetDataCellsFilter",
				"lakeformation:GetDataLakePrincipal",
				"lakeformation:GetDataLakeSettings",
				"lakeformation:GetEffectivePermissionsForPath",
				"lakeformation:GetLFTag",
				"lakeformation:GetQueryState",
				"lakeformation:GetQueryStatistics",
				"lakeformation:GetResourceLFTags",
				"lakeformation:GetTableObjects",
				"lakeformation:GetWorkUnitResults",
				"lakeformation:GetWorkUnits",
				"lakeformation:ListLFTags",
				"logs:DescribeLogGroups",
				"logs:DescribeLogStreams",
				"logs:DescribeMetricFilters",
				"logs:DescribeExportTasks",
				"logs:FilterLogEvents",
				"logs:DescribeDeliveryDestinations",
				"logs:DescribeDeliverySources",
				"logs:DescribeDeliveries",
				"logs:DescribeDestinations",
				"logs:DescribeQueries",
				"logs:DescribeQueryDefinitions",
				"logs:ListAnomalies",
				"logs:ListLogDeliveries",
				"logs:ListLogAnomalyDetectors",
				"logs:DescribeSubscriptionFilters",
				"logs:DescribeResourcePolicies",
				"ssm:StartSession",
				"states:ListActivities",
				"states:ListExecutions",
				"states:ListMapRuns",
				"states:ListStateMachines",
				"states:ListStateMachineAliases",
				"states:ListStateMachineVersions",
				"states:DescribeActivity",
				"states:DescribeExecution",
				"states:DescribeMapRun",
				"states:DescribeStateMachine",
				"states:DescribeStateMachineAlias",
				"states:DescribeStateMachineForExecution",
				"states:GetExecutionHistory",
				"sns:ListSubscriptionsByTopic",
				"sns:ListSubscriptions",
				"sns:ListEndpointsByPlatformApplication",
				"sns:ListTopics",
				"sns:GetTopicAttributes",
				"sns:GetSubscriptionAttributes",
				"sns:GetSMSAttributes",
				"sns:GetEndpointAttributes",
				"s3:ListBucket",
				"s3:ListAllMyBuckets",
				"s3:GetBucketLocation",
				"s3:GetBucketLogging",
				"s3:GetObject",
				"s3:PutObject"
			],
			"Resource": [
				"*"
			],
			"Condition": {
				"StringNotEquals": {
					"secretsmanager:SecretId": [
						"rds!cluster-c3967745-1a21-49a2-9356-2e695c2c7d61",
						"rds!cluster-a9cce7f2-31df-412d-8b72-e1b1130a7f68",
						"rds!cluster-283748c1-abd6-44c0-81f1-51b8ec82d79a",
						"rds!cluster-84427e6b-3633-4cd4-8327-61b6b0272d05"
					]
				}
			}
		}
	]
}