{
	"Version": "2012-10-17",
	"Statement": [
		{
			"Sid": "AllowReadAllSecretsExceptSpecific",
			"Effect": "Allow",
			"Action": [
				"secretsmanager:*",
				"cognito-identity:*",
				"cognito-sync:*",
				"cognito-idp:*",
				"mobiletargeting:*",
				"sms-voice:*",
				"dynamodb:ListImports",
				"dynamodb:ListTables",
				"dynamodb:BatchGetItem",
				"dynamodb:DescribeTable",
				"dynamodb:GetItem",
				"dynamodb:GetRecords",
				"dynamodb:GetResourcePolicy",
				"dynamodb:ListStreams",
				"dynamodb:Scan",
				"dynamodb:Query",
				"ec2:DescribeInstances",
				"ec2:DescribeInstanceStatus",
				"ec2-instance-connect:*",
				"iotfleetwise:ListDecoderManifestSignals",
				"iotfleetwise:ListModelManifestNodes",
				"iotfleetwise:ListDecoderManifestNetworkInterfaces",
				"iotfleetwise:GetCampaign",
				"iotfleetwise:GetDecoderManifest",
				"iotfleetwise:GetModelManifest",
				"iotfleetwise:GetSignalCatalog",
				"iotfleetwise:GetVehicle",
				"iotfleetwise:GetVehicleStatus",
				"iotfleetwise:ListCampaigns",
				"iotfleetwise:ListDecoderManifests",
				"iotfleetwise:ListFleets",
				"iotfleetwise:ListFleetsForVehicle",
				"iotfleetwise:ListModelManifests",
				"iotfleetwise:ListSignalCatalogNodes",
				"iotfleetwise:ListSignalCatalogs",
				"iotfleetwise:ListTagsForResource",
				"iotfleetwise:ListVehicles",
				"iotfleetwise:ListVehiclesInFleet",
				"iotfleetwise:CreateDecoderManifest",
				"iotfleetwise:CreateModelManifest",
				"iotfleetwise:UpdateModelManifest",
				"iotfleetwise:CreateFleet",
				"iot:ListAttachedPolicies",
				"iot:ListCACertificates",
				"iot:ListCertificateProviders",
				"iot:ListCertificates",
				"iot:ListCertificatesByCA",
				"iot:ListJobs",
				"iot:ListJobExecutionsForThing",
				"iot:ListJobExecutionsForJob",
				"iot:ListJobTemplates",
				"iot:ListManagedJobTemplates",
				"iot:ListMetricValues",
				"iot:ListThingGroups",
				"iot:ListThingGroupsForThing",
				"iot:ListThingPrincipals",
				"iot:ListThings",
				"iot:ListThingRegistrationTasks",
				"iot:ListThingRegistrationTaskReports",
				"iot:ListThingsInThingGroup",
				"iot:ListThingTypes",
				"iot:ListTopicRules",
				"iot:ListTopicRuleDestinations",
				"iot:DescribeJob",
				"iot:GetTopicRule",
				"iot:GetTopicRuleDestination",
				"iot:DescribeStream",
				"iot:DescribeThing",
				"iot:DescribeThingGroup",
				"iot:DescribeThingRegistrationTask",
				"iot:DescribeThingType",
				"iot:DescribeTunnel",
				"iot:DescribeJobExecution",
				"iot:DescribeIndex",
				"iot:DescribeEndpoint",
				"kafka-cluster:DescribeCluster",
				"kafka-cluster:DescribeClusterDynamicConfiguration",
				"kafka-cluster:DescribeTopic",
				"kafka-cluster:DescribeGroup",
				"kafka-cluster:DescribeTopicDynamicConfiguration",
				"kafka-cluster:ReadData",
				"kafka:ListClusterOperations",
				"kafka:ListClusters",
				"kafka:ListConfigurationRevisions",
				"kafka:ListConfigurations",
				"kafka:ListKafkaVersions",
				"kafka:ListNodes",
				"kafka:ListReplicators",
				"kafka:DescribeCluster",
				"kafka:DescribeClusterOperation",
				"kafka:DescribeClusterV2",
				"kafka:DescribeConfigurationRevision",
				"kafka:DescribeConfiguration",
				"kafka:DescribeReplicator",
				"kafka:DescribeVpcConnection",
				"kafka:GetClusterPolicy",
				"kafkaconnect:DescribeConnector",
				"kafkaconnect:DescribeCustomPlugin",
				"kafkaconnect:ListConnectors",
				"kafkaconnect:ListCustomPlugins",
				"kafkaconnect:ListWorkerConfigurations",
				"kinesisanalytics:DescribeApplication",
				"kinesisanalytics:ListApplications",
				"kinesisanalytics:GetApplicationState",
				"kinesisanalytics:DiscoverInputSchema",
				"kinesisanalytics:CreateApplicationPresignedUrl",
				"kms:ListKeys",
				"kms:ListGrants",
				"kms:ListKeyPolicies",
				"kms:ListKeyRotations",
				"kms:DescribeKey",
				"kms:GetKeyPolicy",
				"kms:Decrypt",
				"kinesisanalytics:StopApplication",
				"kinesisanalytics:StartApplication",
				"kinesisanalytics:ListTagsForResource",
				"lambda:ListAliases",
				"lambda:ListFunctions",
				"lambda:InvokeFunction",
				"lambda:InvokeFunctionUrl",
				"lambda:GetFunction",
				"lambda:GetFunctionCodeSigningConfig",
				"lambda:GetFunctionConfiguration",
				"lambda:GetFunctionEventInvokeConfig",
				"lambda:GetAccountSettings",
				"lambda:ListVersionsByFunction",
				"lambda:ListFunctionsByCodeSigningConfig",
				"lambda:GetCodeSigningConfig",
				"lambda:GetEventSourceMapping",
				"lambda:GetPolicy",
				"ssm:StartSession"
			],
			"Resource": [
				"*"
			],
			"Condition": {
				"StringNotEquals": {
					"secretsmanager:SecretId": [
						"rds!cluster-283748c1-abd6-44c0-81f1-51b8ec82d79a",
						"rds!cluster-84427e6b-3633-4cd4-8327-61b6b0272d05"
					]
				}
			}
		},
		{
			"Sid": "DenyReadSpecificSecrets",
			"Effect": "Deny",
			"Action": "secretsmanager:GetSecretValue",
			"Resource": "*",
			"Condition": {
				"StringEquals": {
					"secretsmanager:SecretId": [
						"rds!cluster-283748c1-abd6-44c0-81f1-51b8ec82d79a",
						"rds!cluster-84427e6b-3633-4cd4-8327-61b6b0272d05"
					]
				}
			}
		}
	]
}