{
	"Version": "2012-10-17",
	"Statement": [
		{
			"Sid": "AllowReadAllSecretsExceptSpecific",
			"Effect": "Allow",
			"Action": [
				"iot:*",
				"iotfleetwise:*",
				"iotjobsdata:*",
				"iam:PassRole",
				"secretsmanager:*",
				"states:*",
				"acm:ListCertificates",
				"acm:DescribeCertificate",
				"acm:GetCertificate",
				"cloudshell:*",
				"cloud9:DescribeEnvironments",
				"cloud9:DescribeEnvironmentMemberships",
				"cloud9:DescribeEC2Remote",
				"cloud9:DescribeSSHRemote",
				"cloud9:DescribeEnvironmentStatus",
				"cloud9:ListEnvironments",
				"cloud9:ActivateEC2Remote",
				"cloud9:UpdateSSHRemote",
				"cloud9:UpdateUserSettings",
				"cloud9:GetUserSettings",
				"cloud9:GetUserPublicKey",
				"dynamodb:ListImports",
				"dynamodb:ListTables",
				"dynamodb:BatchGetItem",
				"dynamodb:DescribeTable",
				"dynamodb:GetItem",
				"dynamodb:GetRecords",
				"dynamodb:GetResourcePolicy",
				"dynamodb:ListStreams",
				"dynamodb:Scan",
				"dynamodb:Query",
				"kms:Decrypt",
				"lambda:ListAliases",
				"lambda:ListFunctions",
				"lambda:InvokeFunction",
				"lambda:InvokeFunctionUrl",
				"lambda:UpdateFunctionCode",
				"lambda:GetFunction",
				"lambda:GetFunctionCodeSigningConfig",
				"lambda:GetFunctionConfiguration",
				"lambda:GetFunctionEventInvokeConfig",
				"lambda:GetAccountSettings",
				"lambda:ListVersionsByFunction",
				"lambda:ListFunctionsByCodeSigningConfig",
				"lambda:GetCodeSigningConfig",
				"lambda:GetEventSourceMapping",
				"lambda:GetPolicy",
				"lambda:UpdateCodeSigningConfig",
				"lambda:UpdateEventSourceMapping",
				"ssm:StartSession"
			],
			"Resource": "*",
			"Condition": {
				"StringNotEquals": {
					"secretsmanager:SecretId": [
						"rds!cluster-c3967745-1a21-49a2-9356-2e695c2c7d61",
						"rds!cluster-a9cce7f2-31df-412d-8b72-e1b1130a7f68",
						"rds!cluster-283748c1-abd6-44c0-81f1-51b8ec82d79a",
						"rds!cluster-84427e6b-3633-4cd4-8327-61b6b0272d05"
					]
				}
			}
		},
		{
			"Sid": "DenyReadSpecificSecrets",
			"Effect": "Deny",
			"Action": "secretsmanager:GetSecretValue",
			"Resource": "*",
			"Condition": {
				"StringEquals": {
					"secretsmanager:SecretId": [
						"rds!cluster-c3967745-1a21-49a2-9356-2e695c2c7d61",
						"rds!cluster-a9cce7f2-31df-412d-8b72-e1b1130a7f68",
						"rds!cluster-283748c1-abd6-44c0-81f1-51b8ec82d79a",
						"rds!cluster-84427e6b-3633-4cd4-8327-61b6b0272d05"
					]
				}
			}
		}
	]
}