{
	"campaignName": "hmcl-cv-fw-geofence-fall-alert",
	"vehicleName": "TCU-VIDA-57-Vida",
	"eventId": 22747436,
	"msgId": "0409ee8e-2ce8-55aa-b3a2-dd94c8886e4f",
	"collectionEventTime": 1731584940724,
	"dimensions": {
		"hmcl.vds": "OCT29",
		"hmcl.tenantId": "EV-VIDA",
		"hmcl.virtualId": "5f8cdcba-dcba-4cdcbafaab-8cdcbafaabb37-b37ed7"
	},
	"signals": {
		"hmcl.common.vcan0.geofence_activate_state": [
			{
				"value": false,
				"dataType": "BOOLEAN",
				"time": 1731584940660
			},
			{
				"value": true,
				"dataType": "BOOLEAN",
				"time": 1731584935630
			},
			{
				"value": false,
				"dataType": "BOOLEAN",
				"time": 1731584930623
			},
			{
				"value": false,
				"dataType": "BOOLEAN",
				"time": 1731584925604
			},
			{
				"value": false,
				"dataType": "BOOLEAN",
				"time": 1731584920585
			},
			{
				"value": false,
				"dataType": "BOOLEAN",
				"time": 1731584915566
			},
			{
				"value": false,
				"dataType": "BOOLEAN",
				"time": 1731584910546
			},
			{
				"value": false,
				"dataType": "BOOLEAN",
				"time": 1731584905527
			},
			{
				"value": false,
				"dataType": "BOOLEAN",
				"time": 1731584900508
			},
			{
				"value": false,
				"dataType": "BOOLEAN",
				"time": 1731584895490
			},
			{
				"value": false,
				"dataType": "BOOLEAN",
				"time": 1731584890472
			},
			{
				"value": false,
				"dataType": "BOOLEAN",
				"time": 1731584885452
			},
			{
				"value": false,
				"dataType": "BOOLEAN",
				"time": 1731584880432
			},
			{
				"value": false,
				"dataType": "BOOLEAN",
				"time": 1731584875413
			},
			{
				"value": false,
				"dataType": "BOOLEAN",
				"time": 1731584870394
			},
			{
				"value": false,
				"dataType": "BOOLEAN",
				"time": 1731584865375
			},
			{
				"value": false,
				"dataType": "BOOLEAN",
				"time": 1731584860354
			},
			{
				"value": false,
				"dataType": "BOOLEAN",
				"time": 1731584855335
			},
			{
				"value": false,
				"dataType": "BOOLEAN",
				"time": 1731584850315
			},
			{
				"value": false,
				"dataType": "BOOLEAN",
				"time": 1731584845297
			},
			{
				"value": false,
				"dataType": "BOOLEAN",
				"time": 1731584840278
			},
			{
				"value": false,
				"dataType": "BOOLEAN",
				"time": 1731584835256
			},
			{
				"value": false,
				"dataType": "BOOLEAN",
				"time": 1731584830238
			},
			{
				"value": false,
				"dataType": "BOOLEAN",
				"time": 1731584825219
			},
			{
				"value": false,
				"dataType": "BOOLEAN",
				"time": 1731584820200
			},
			{
				"value": false,
				"dataType": "BOOLEAN",
				"time": 1731584815181
			},
			{
				"value": false,
				"dataType": "BOOLEAN",
				"time": 1731584810164
			},
			{
				"value": false,
				"dataType": "BOOLEAN",
				"time": 1731584805144
			},
			{
				"value": false,
				"dataType": "BOOLEAN",
				"time": 1731584800125
			},
			{
				"value": false,
				"dataType": "BOOLEAN",
				"time": 1731584795106
			},
			{
				"value": false,
				"dataType": "BOOLEAN",
				"time": 1731584790087
			},
			{
				"value": false,
				"dataType": "BOOLEAN",
				"time": 1731584785068
			},
			{
				"value": false,
				"dataType": "BOOLEAN",
				"time": 1731584780047
			},
			{
				"value": false,
				"dataType": "BOOLEAN",
				"time": 1731584775028
			},
			{
				"value": false,
				"dataType": "BOOLEAN",
				"time": 1731584770009
			},
			{
				"value": false,
				"dataType": "BOOLEAN",
				"time": 1731584764989
			},
			{
				"value": false,
				"dataType": "BOOLEAN",
				"time": 1731584759970
			},
			{
				"value": false,
				"dataType": "BOOLEAN",
				"time": 1731584754951
			},
			{
				"value": false,
				"dataType": "BOOLEAN",
				"time": 1731584749933
			},
			{
				"value": false,
				"dataType": "BOOLEAN",
				"time": 1731584744914
			},
			{
				"value": false,
				"dataType": "BOOLEAN",
				"time": 1731584739896
			},
			{
				"value": false,
				"dataType": "BOOLEAN",
				"time": 1731584734878
			},
			{
				"value": false,
				"dataType": "BOOLEAN",
				"time": 1731584729858
			},
			{
				"value": false,
				"dataType": "BOOLEAN",
				"time": 1731584724838
			},
			{
				"value": false,
				"dataType": "BOOLEAN",
				"time": 1731584719818
			},
			{
				"value": false,
				"dataType": "BOOLEAN",
				"time": 1731584714800
			},
			{
				"value": false,
				"dataType": "BOOLEAN",
				"time": 1731584709781
			},
			{
				"value": false,
				"dataType": "BOOLEAN",
				"time": 1731584704763
			},
			{
				"value": false,
				"dataType": "BOOLEAN",
				"time": 1731584699745
			},
			{
				"value": false,
				"dataType": "BOOLEAN",
				"time": 1731584694725
			},
			{
				"value": false,
				"dataType": "BOOLEAN",
				"time": 1731584689706
			},
			{
				"value": false,
				"dataType": "BOOLEAN",
				"time": 1731584684687
			},
			{
				"value": false,
				"dataType": "BOOLEAN",
				"time": 1731584679668
			},
			{
				"value": false,
				"dataType": "BOOLEAN",
				"time": 1731584674647
			},
			{
				"value": false,
				"dataType": "BOOLEAN",
				"time": 1731584669629
			},
			{
				"value": false,
				"dataType": "BOOLEAN",
				"time": 1731584664611
			},
			{
				"value": false,
				"dataType": "BOOLEAN",
				"time": 1731584659590
			},
			{
				"value": false,
				"dataType": "BOOLEAN",
				"time": 1731584654571
			},
			{
				"value": false,
				"dataType": "BOOLEAN",
				"time": 1731584649549
			},
			{
				"value": false,
				"dataType": "BOOLEAN",
				"time": 1731584644531
			}
		],
		"hmcl.common.vcan0.user_profile": [
			{
				"value": 0,
				"dataType": "BIGINT",
				"time": 1731584940058
			},
			{
				"value": 0,
				"dataType": "BIGINT",
				"time": 1731584934171
			},
			{
				"value": 0,
				"dataType": "BIGINT",
				"time": 1731584928314
			},
			{
				"value": 0,
				"dataType": "BIGINT",
				"time": 1731584922436
			},
			{
				"value": 0,
				"dataType": "BIGINT",
				"time": 1731584916634
			},
			{
				"value": 0,
				"dataType": "BIGINT",
				"time": 1731584910773
			},
			{
				"value": 0,
				"dataType": "BIGINT",
				"time": 1731584904879
			},
			{
				"value": 0,
				"dataType": "BIGINT",
				"time": 1731584899065
			},
			{
				"value": 0,
				"dataType": "BIGINT",
				"time": 1731584893154
			},
			{
				"value": 0,
				"dataType": "BIGINT",
				"time": 1731584887353
			},
			{
				"value": 0,
				"dataType": "BIGINT",
				"time": 1731584881466
			},
			{
				"value": 0,
				"dataType": "BIGINT",
				"time": 1731584875533
			},
			{
				"value": 0,
				"dataType": "BIGINT",
				"time": 1731584869617
			},
			{
				"value": 0,
				"dataType": "BIGINT",
				"time": 1731584863715
			},
			{
				"value": 0,
				"dataType": "BIGINT",
				"time": 1731584857937
			},
			{
				"value": 0,
				"dataType": "BIGINT",
				"time": 1731584852047
			},
			{
				"value": 0,
				"dataType": "BIGINT",
				"time": 1731584846214
			},
			{
				"value": 0,
				"dataType": "BIGINT",
				"time": 1731584840314
			},
			{
				"value": 0,
				"dataType": "BIGINT",
				"time": 1731584834435
			},
			{
				"value": 0,
				"dataType": "BIGINT",
				"time": 1731584828659
			},
			{
				"value": 0,
				"dataType": "BIGINT",
				"time": 1731584822790
			},
			{
				"value": 0,
				"dataType": "BIGINT",
				"time": 1731584816907
			},
			{
				"value": 0,
				"dataType": "BIGINT",
				"time": 1731584811024
			},
			{
				"value": 0,
				"dataType": "BIGINT",
				"time": 1731584805114
			},
			{
				"value": 0,
				"dataType": "BIGINT",
				"time": 1731584799324
			},
			{
				"value": 0,
				"dataType": "BIGINT",
				"time": 1731584793450
			},
			{
				"value": 0,
				"dataType": "BIGINT",
				"time": 1731584787591
			},
			{
				"value": 0,
				"dataType": "BIGINT",
				"time": 1731584781718
			},
			{
				"value": 0,
				"dataType": "BIGINT",
				"time": 1731584775821
			},
			{
				"value": 0,
				"dataType": "BIGINT",
				"time": 1731584770065
			},
			{
				"value": 0,
				"dataType": "BIGINT",
				"time": 1731584764157
			},
			{
				"value": 0,
				"dataType": "BIGINT",
				"time": 1731584758252
			},
			{
				"value": 0,
				"dataType": "BIGINT",
				"time": 1731584752370
			},
			{
				"value": 0,
				"dataType": "BIGINT",
				"time": 1731584746504
			},
			{
				"value": 0,
				"dataType": "BIGINT",
				"time": 1731584740777
			},
			{
				"value": 0,
				"dataType": "BIGINT",
				"time": 1731584734912
			},
			{
				"value": 0,
				"dataType": "BIGINT",
				"time": 1731584728985
			},
			{
				"value": 0,
				"dataType": "BIGINT",
				"time": 1731584723118
			},
			{
				"value": 0,
				"dataType": "BIGINT",
				"time": 1731584717240
			},
			{
				"value": 0,
				"dataType": "BIGINT",
				"time": 1731584711441
			},
			{
				"value": 0,
				"dataType": "BIGINT",
				"time": 1731584705543
			},
			{
				"value": 0,
				"dataType": "BIGINT",
				"time": 1731584699635
			},
			{
				"value": 0,
				"dataType": "BIGINT",
				"time": 1731584693744
			},
			{
				"value": 0,
				"dataType": "BIGINT",
				"time": 1731584687889
			},
			{
				"value": 0,
				"dataType": "BIGINT",
				"time": 1731584682054
			},
			{
				"value": 0,
				"dataType": "BIGINT",
				"time": 1731584676110
			},
			{
				"value": 0,
				"dataType": "BIGINT",
				"time": 1731584670213
			},
			{
				"value": 0,
				"dataType": "BIGINT",
				"time": 1731584664327
			},
			{
				"value": 0,
				"dataType": "BIGINT",
				"time": 1731584658470
			},
			{
				"value": 0,
				"dataType": "BIGINT",
				"time": 1731584652703
			},
			{
				"value": 0,
				"dataType": "BIGINT",
				"time": 1731584646815
			},
			{
				"value": 0,
				"dataType": "BIGINT",
				"time": 1731584640888
			}
		],
		"hmcl.common.vcan0.longitude": [
			{
				"value": 77.5838071,
				"dataType": "DOUBLE",
				"time": 1731584931285
			},
			{
				"value": 77.5837804,
				"dataType": "DOUBLE",
				"time": 1731584920970
			},
			{
				"value": 77.583799,
				"dataType": "DOUBLE",
				"time": 1731584910773
			},
			{
				"value": 77.5838244,
				"dataType": "DOUBLE",
				"time": 1731584900470
			},
			{
				"value": 77.58386519999999,
				"dataType": "DOUBLE",
				"time": 1731584890224
			},
			{
				"value": 77.58383239999999,
				"dataType": "DOUBLE",
				"time": 1731584879999
			},
			{
				"value": 77.5837962,
				"dataType": "DOUBLE",
				"time": 1731584871085
			},
			{
				"value": 77.58377639999999,
				"dataType": "DOUBLE",
				"time": 1731584860861
			},
			{
				"value": 77.5839314,
				"dataType": "DOUBLE",
				"time": 1731584850638
			},
			{
				"value": 77.5846784,
				"dataType": "DOUBLE",
				"time": 1731584840313
			},
			{
				"value": 77.585443,
				"dataType": "DOUBLE",
				"time": 1731584830132
			},
			{
				"value": 77.5862284,
				"dataType": "DOUBLE",
				"time": 1731584819817
			},
			{
				"value": 77.5870461,
				"dataType": "DOUBLE",
				"time": 1731584809567
			},
			{
				"value": 77.58772239999999,
				"dataType": "DOUBLE",
				"time": 1731584800805
			},
			{
				"value": 77.5882517,
				"dataType": "DOUBLE",
				"time": 1731584790447
			},
			{
				"value": 77.5887135,
				"dataType": "DOUBLE",
				"time": 1731584780265
			},
			{
				"value": 77.5891486,
				"dataType": "DOUBLE",
				"time": 1731584770065
			},
			{
				"value": 77.5895929,
				"dataType": "DOUBLE",
				"time": 1731584759719
			},
			{
				"value": 77.5899961,
				"dataType": "DOUBLE",
				"time": 1731584749531
			},
			{
				"value": 77.5904138,
				"dataType": "DOUBLE",
				"time": 1731584739236
			},
			{
				"value": 77.5908488,
				"dataType": "DOUBLE",
				"time": 1731584730401
			},
			{
				"value": 77.5912626,
				"dataType": "DOUBLE",
				"time": 1731584720206
			},
			{
				"value": 77.59167579999999,
				"dataType": "DOUBLE",
				"time": 1731584709895
			},
			{
				"value": 77.5920896,
				"dataType": "DOUBLE",
				"time": 1731584699634
			},
			{
				"value": 77.5924938,
				"dataType": "DOUBLE",
				"time": 1731584689410
			},
			{
				"value": 77.59285729999999,
				"dataType": "DOUBLE",
				"time": 1731584678988
			},
			{
				"value": 77.5931342,
				"dataType": "DOUBLE",
				"time": 1731584670212
			},
			{
				"value": 77.5933542,
				"dataType": "DOUBLE",
				"time": 1731584660029
			},
			{
				"value": 77.5935537,
				"dataType": "DOUBLE",
				"time": 1731584649750
			}
		],
		"hmcl.common.vcan0.latitude": [
			{
				"value": 13.0203589,
				"dataType": "DOUBLE",
				"time": 1731584931285
			},
			{
				"value": 13.019609299999999,
				"dataType": "DOUBLE",
				"time": 1731584920970
			},
			{
				"value": 13.018854399999999,
				"dataType": "DOUBLE",
				"time": 1731584910773
			},
			{
				"value": 13.0181013,
				"dataType": "DOUBLE",
				"time": 1731584900470
			},
			{
				"value": 13.0173384,
				"dataType": "DOUBLE",
				"time": 1731584890224
			},
			{
				"value": 13.0165764,
				"dataType": "DOUBLE",
				"time": 1731584879999
			},
			{
				"value": 13.015829199999999,
				"dataType": "DOUBLE",
				"time": 1731584871085
			},
			{
				"value": 13.015086199999999,
				"dataType": "DOUBLE",
				"time": 1731584860861
			},
			{
				"value": 13.014516799999999,
				"dataType": "DOUBLE",
				"time": 1731584850638
			},
			{
				"value": 13.0144997,
				"dataType": "DOUBLE",
				"time": 1731584840313
			},
			{
				"value": 13.014488799999999,
				"dataType": "DOUBLE",
				"time": 1731584830132
			},
			{
				"value": 13.0144035,
				"dataType": "DOUBLE",
				"time": 1731584819817
			},
			{
				"value": 13.014180699999999,
				"dataType": "DOUBLE",
				"time": 1731584809567
			},
			{
				"value": 13.013829999999999,
				"dataType": "DOUBLE",
				"time": 1731584800805
			},
			{
				"value": 13.0133087,
				"dataType": "DOUBLE",
				"time": 1731584790447
			},
			{
				"value": 13.0127081,
				"dataType": "DOUBLE",
				"time": 1731584780265
			},
			{
				"value": 13.0120887,
				"dataType": "DOUBLE",
				"time": 1731584770065
			},
			{
				"value": 13.011461299999999,
				"dataType": "DOUBLE",
				"time": 1731584759719
			},
			{
				"value": 13.0108132,
				"dataType": "DOUBLE",
				"time": 1731584749531
			},
			{
				"value": 13.0101909,
				"dataType": "DOUBLE",
				"time": 1731584739236
			},
			{
				"value": 13.0095434,
				"dataType": "DOUBLE",
				"time": 1731584730401
			},
			{
				"value": 13.008901199999999,
				"dataType": "DOUBLE",
				"time": 1731584720206
			},
			{
				"value": 13.0082709,
				"dataType": "DOUBLE",
				"time": 1731584709895
			},
			{
				"value": 13.0076407,
				"dataType": "DOUBLE",
				"time": 1731584699634
			},
			{
				"value": 13.007000699999999,
				"dataType": "DOUBLE",
				"time": 1731584689410
			},
			{
				"value": 13.006350699999999,
				"dataType": "DOUBLE",
				"time": 1731584678988
			},
			{
				"value": 13.0056535,
				"dataType": "DOUBLE",
				"time": 1731584670212
			},
			{
				"value": 13.004951799999999,
				"dataType": "DOUBLE",
				"time": 1731584660029
			},
			{
				"value": 13.0042367,
				"dataType": "DOUBLE",
				"time": 1731584649750
			}
		],
		"hmcl.common.vcan0.fuel_level_volts": [
			{
				"value": 0.19,
				"dataType": "DOUBLE",
				"time": 1731584931285
			},
			{
				"value": 0.19,
				"dataType": "DOUBLE",
				"time": 1731584920970
			},
			{
				"value": 0.19,
				"dataType": "DOUBLE",
				"time": 1731584910773
			},
			{
				"value": 0.19,
				"dataType": "DOUBLE",
				"time": 1731584900473
			},
			{
				"value": 0.2,
				"dataType": "DOUBLE",
				"time": 1731584890225
			},
			{
				"value": 0.2,
				"dataType": "DOUBLE",
				"time": 1731584879999
			},
			{
				"value": 0.19,
				"dataType": "DOUBLE",
				"time": 1731584871085
			},
			{
				"value": 0.19,
				"dataType": "DOUBLE",
				"time": 1731584860863
			},
			{
				"value": 0.19,
				"dataType": "DOUBLE",
				"time": 1731584850638
			},
			{
				"value": 0.19,
				"dataType": "DOUBLE",
				"time": 1731584840314
			},
			{
				"value": 0.2,
				"dataType": "DOUBLE",
				"time": 1731584830133
			},
			{
				"value": 0.2,
				"dataType": "DOUBLE",
				"time": 1731584819818
			},
			{
				"value": 0.2,
				"dataType": "DOUBLE",
				"time": 1731584809568
			},
			{
				"value": 0.2,
				"dataType": "DOUBLE",
				"time": 1731584800805
			},
			{
				"value": 0.2,
				"dataType": "DOUBLE",
				"time": 1731584790447
			},
			{
				"value": 0.2,
				"dataType": "DOUBLE",
				"time": 1731584780265
			},
			{
				"value": 0.2,
				"dataType": "DOUBLE",
				"time": 1731584770065
			},
			{
				"value": 0.2,
				"dataType": "DOUBLE",
				"time": 1731584759719
			},
			{
				"value": 0.2,
				"dataType": "DOUBLE",
				"time": 1731584749531
			},
			{
				"value": 0.2,
				"dataType": "DOUBLE",
				"time": 1731584739236
			},
			{
				"value": 0.2,
				"dataType": "DOUBLE",
				"time": 1731584730401
			},
			{
				"value": 0.2,
				"dataType": "DOUBLE",
				"time": 1731584720206
			},
			{
				"value": 0.2,
				"dataType": "DOUBLE",
				"time": 1731584709895
			},
			{
				"value": 0.2,
				"dataType": "DOUBLE",
				"time": 1731584699635
			},
			{
				"value": 0.2,
				"dataType": "DOUBLE",
				"time": 1731584689411
			},
			{
				"value": 0.19,
				"dataType": "DOUBLE",
				"time": 1731584678988
			},
			{
				"value": 0.2,
				"dataType": "DOUBLE",
				"time": 1731584670212
			},
			{
				"value": 0.19,
				"dataType": "DOUBLE",
				"time": 1731584660030
			},
			{
				"value": 0.19,
				"dataType": "DOUBLE",
				"time": 1731584649751
			}
		],
		"hmcl.common.vcan0.tcu_ignition": [
			{
				"value": true,
				"dataType": "BOOLEAN",
				"time": 1731584940660
			},
			{
				"value": false,
				"dataType": "BOOLEAN",
				"time": 1731584935630
			},
			{
				"value": true,
				"dataType": "BOOLEAN",
				"time": 1731584930623
			},
			{
				"value": true,
				"dataType": "BOOLEAN",
				"time": 1731584925604
			},
			{
				"value": true,
				"dataType": "BOOLEAN",
				"time": 1731584920585
			},
			{
				"value": true,
				"dataType": "BOOLEAN",
				"time": 1731584915566
			},
			{
				"value": true,
				"dataType": "BOOLEAN",
				"time": 1731584910546
			},
			{
				"value": true,
				"dataType": "BOOLEAN",
				"time": 1731584905527
			},
			{
				"value": true,
				"dataType": "BOOLEAN",
				"time": 1731584900508
			},
			{
				"value": true,
				"dataType": "BOOLEAN",
				"time": 1731584895490
			},
			{
				"value": true,
				"dataType": "BOOLEAN",
				"time": 1731584890472
			},
			{
				"value": true,
				"dataType": "BOOLEAN",
				"time": 1731584885452
			},
			{
				"value": true,
				"dataType": "BOOLEAN",
				"time": 1731584880432
			},
			{
				"value": true,
				"dataType": "BOOLEAN",
				"time": 1731584875413
			},
			{
				"value": true,
				"dataType": "BOOLEAN",
				"time": 1731584870394
			},
			{
				"value": true,
				"dataType": "BOOLEAN",
				"time": 1731584865375
			},
			{
				"value": true,
				"dataType": "BOOLEAN",
				"time": 1731584860354
			},
			{
				"value": true,
				"dataType": "BOOLEAN",
				"time": 1731584855335
			},
			{
				"value": true,
				"dataType": "BOOLEAN",
				"time": 1731584850315
			},
			{
				"value": true,
				"dataType": "BOOLEAN",
				"time": 1731584845297
			},
			{
				"value": true,
				"dataType": "BOOLEAN",
				"time": 1731584840278
			},
			{
				"value": true,
				"dataType": "BOOLEAN",
				"time": 1731584835256
			},
			{
				"value": true,
				"dataType": "BOOLEAN",
				"time": 1731584830238
			},
			{
				"value": true,
				"dataType": "BOOLEAN",
				"time": 1731584825219
			},
			{
				"value": true,
				"dataType": "BOOLEAN",
				"time": 1731584820200
			},
			{
				"value": true,
				"dataType": "BOOLEAN",
				"time": 1731584815181
			},
			{
				"value": true,
				"dataType": "BOOLEAN",
				"time": 1731584810164
			},
			{
				"value": true,
				"dataType": "BOOLEAN",
				"time": 1731584805144
			},
			{
				"value": true,
				"dataType": "BOOLEAN",
				"time": 1731584800125
			},
			{
				"value": true,
				"dataType": "BOOLEAN",
				"time": 1731584795106
			},
			{
				"value": true,
				"dataType": "BOOLEAN",
				"time": 1731584790087
			},
			{
				"value": true,
				"dataType": "BOOLEAN",
				"time": 1731584785068
			},
			{
				"value": true,
				"dataType": "BOOLEAN",
				"time": 1731584780047
			},
			{
				"value": true,
				"dataType": "BOOLEAN",
				"time": 1731584775028
			},
			{
				"value": true,
				"dataType": "BOOLEAN",
				"time": 1731584770009
			},
			{
				"value": true,
				"dataType": "BOOLEAN",
				"time": 1731584764989
			},
			{
				"value": true,
				"dataType": "BOOLEAN",
				"time": 1731584759970
			},
			{
				"value": true,
				"dataType": "BOOLEAN",
				"time": 1731584754951
			},
			{
				"value": true,
				"dataType": "BOOLEAN",
				"time": 1731584749933
			},
			{
				"value": true,
				"dataType": "BOOLEAN",
				"time": 1731584744914
			},
			{
				"value": true,
				"dataType": "BOOLEAN",
				"time": 1731584739896
			},
			{
				"value": true,
				"dataType": "BOOLEAN",
				"time": 1731584734878
			},
			{
				"value": true,
				"dataType": "BOOLEAN",
				"time": 1731584729858
			},
			{
				"value": true,
				"dataType": "BOOLEAN",
				"time": 1731584724838
			},
			{
				"value": true,
				"dataType": "BOOLEAN",
				"time": 1731584719818
			},
			{
				"value": true,
				"dataType": "BOOLEAN",
				"time": 1731584714800
			},
			{
				"value": true,
				"dataType": "BOOLEAN",
				"time": 1731584709781
			},
			{
				"value": true,
				"dataType": "BOOLEAN",
				"time": 1731584704763
			},
			{
				"value": true,
				"dataType": "BOOLEAN",
				"time": 1731584699745
			},
			{
				"value": true,
				"dataType": "BOOLEAN",
				"time": 1731584694725
			},
			{
				"value": true,
				"dataType": "BOOLEAN",
				"time": 1731584689706
			},
			{
				"value": true,
				"dataType": "BOOLEAN",
				"time": 1731584684687
			},
			{
				"value": true,
				"dataType": "BOOLEAN",
				"time": 1731584679668
			},
			{
				"value": true,
				"dataType": "BOOLEAN",
				"time": 1731584674647
			},
			{
				"value": true,
				"dataType": "BOOLEAN",
				"time": 1731584669629
			},
			{
				"value": true,
				"dataType": "BOOLEAN",
				"time": 1731584664611
			},
			{
				"value": true,
				"dataType": "BOOLEAN",
				"time": 1731584659590
			},
			{
				"value": true,
				"dataType": "BOOLEAN",
				"time": 1731584654571
			},
			{
				"value": true,
				"dataType": "BOOLEAN",
				"time": 1731584649549
			},
			{
				"value": true,
				"dataType": "BOOLEAN",
				"time": 1731584644531
			}
		],
		"hmcl.common.vcan0.gps_fix": [
			{
				"value": 0,
				"dataType": "BIGINT",
				"time": 1731584931285
			},
			{
				"value": 0,
				"dataType": "BIGINT",
				"time": 1731584920970
			},
			{
				"value": 0,
				"dataType": "BIGINT",
				"time": 1731584910773
			},
			{
				"value": 0,
				"dataType": "BIGINT",
				"time": 1731584900470
			},
			{
				"value": 0,
				"dataType": "BIGINT",
				"time": 1731584890224
			},
			{
				"value": 0,
				"dataType": "BIGINT",
				"time": 1731584879999
			},
			{
				"value": 0,
				"dataType": "BIGINT",
				"time": 1731584871085
			},
			{
				"value": 0,
				"dataType": "BIGINT",
				"time": 1731584860861
			},
			{
				"value": 0,
				"dataType": "BIGINT",
				"time": 1731584850638
			},
			{
				"value": 0,
				"dataType": "BIGINT",
				"time": 1731584840313
			},
			{
				"value": 0,
				"dataType": "BIGINT",
				"time": 1731584830132
			},
			{
				"value": 0,
				"dataType": "BIGINT",
				"time": 1731584819817
			},
			{
				"value": 0,
				"dataType": "BIGINT",
				"time": 1731584809567
			},
			{
				"value": 0,
				"dataType": "BIGINT",
				"time": 1731584800805
			},
			{
				"value": 0,
				"dataType": "BIGINT",
				"time": 1731584790447
			},
			{
				"value": 0,
				"dataType": "BIGINT",
				"time": 1731584780265
			},
			{
				"value": 0,
				"dataType": "BIGINT",
				"time": 1731584770065
			},
			{
				"value": 0,
				"dataType": "BIGINT",
				"time": 1731584759719
			},
			{
				"value": 0,
				"dataType": "BIGINT",
				"time": 1731584749531
			},
			{
				"value": 0,
				"dataType": "BIGINT",
				"time": 1731584739236
			},
			{
				"value": 0,
				"dataType": "BIGINT",
				"time": 1731584730401
			},
			{
				"value": 0,
				"dataType": "BIGINT",
				"time": 1731584720206
			},
			{
				"value": 0,
				"dataType": "BIGINT",
				"time": 1731584709895
			},
			{
				"value": 0,
				"dataType": "BIGINT",
				"time": 1731584699634
			},
			{
				"value": 0,
				"dataType": "BIGINT",
				"time": 1731584689410
			},
			{
				"value": 0,
				"dataType": "BIGINT",
				"time": 1731584678988
			},
			{
				"value": 0,
				"dataType": "BIGINT",
				"time": 1731584670212
			},
			{
				"value": 0,
				"dataType": "BIGINT",
				"time": 1731584660029
			},
			{
				"value": 0,
				"dataType": "BIGINT",
				"time": 1731584649750
			}
		],
		"hmcl.common.vcan0.gps_valid": [
			{
				"value": true,
				"dataType": "BOOLEAN",
				"time": 1731584931285
			},
			{
				"value": true,
				"dataType": "BOOLEAN",
				"time": 1731584920970
			},
			{
				"value": true,
				"dataType": "BOOLEAN",
				"time": 1731584910773
			},
			{
				"value": true,
				"dataType": "BOOLEAN",
				"time": 1731584900470
			},
			{
				"value": true,
				"dataType": "BOOLEAN",
				"time": 1731584890224
			},
			{
				"value": true,
				"dataType": "BOOLEAN",
				"time": 1731584879999
			},
			{
				"value": true,
				"dataType": "BOOLEAN",
				"time": 1731584871085
			},
			{
				"value": true,
				"dataType": "BOOLEAN",
				"time": 1731584860861
			},
			{
				"value": true,
				"dataType": "BOOLEAN",
				"time": 1731584850638
			},
			{
				"value": true,
				"dataType": "BOOLEAN",
				"time": 1731584840313
			},
			{
				"value": true,
				"dataType": "BOOLEAN",
				"time": 1731584830132
			},
			{
				"value": true,
				"dataType": "BOOLEAN",
				"time": 1731584819817
			},
			{
				"value": true,
				"dataType": "BOOLEAN",
				"time": 1731584809567
			},
			{
				"value": true,
				"dataType": "BOOLEAN",
				"time": 1731584800805
			},
			{
				"value": true,
				"dataType": "BOOLEAN",
				"time": 1731584790447
			},
			{
				"value": true,
				"dataType": "BOOLEAN",
				"time": 1731584780265
			},
			{
				"value": true,
				"dataType": "BOOLEAN",
				"time": 1731584770065
			},
			{
				"value": true,
				"dataType": "BOOLEAN",
				"time": 1731584759719
			},
			{
				"value": true,
				"dataType": "BOOLEAN",
				"time": 1731584749531
			},
			{
				"value": true,
				"dataType": "BOOLEAN",
				"time": 1731584739236
			},
			{
				"value": true,
				"dataType": "BOOLEAN",
				"time": 1731584730401
			},
			{
				"value": true,
				"dataType": "BOOLEAN",
				"time": 1731584720206
			},
			{
				"value": true,
				"dataType": "BOOLEAN",
				"time": 1731584709895
			},
			{
				"value": true,
				"dataType": "BOOLEAN",
				"time": 1731584699634
			},
			{
				"value": true,
				"dataType": "BOOLEAN",
				"time": 1731584689410
			},
			{
				"value": true,
				"dataType": "BOOLEAN",
				"time": 1731584678988
			},
			{
				"value": true,
				"dataType": "BOOLEAN",
				"time": 1731584670212
			},
			{
				"value": true,
				"dataType": "BOOLEAN",
				"time": 1731584660029
			},
			{
				"value": true,
				"dataType": "BOOLEAN",
				"time": 1731584649750
			}
		],
		"hmcl.common.vcan0.vdop": [
			{
				"value": 0.8,
				"dataType": "DOUBLE",
				"time": 1731584931285
			},
			{
				"value": 0.8,
				"dataType": "DOUBLE",
				"time": 1731584920970
			},
			{
				"value": 0.8,
				"dataType": "DOUBLE",
				"time": 1731584910773
			},
			{
				"value": 0.8,
				"dataType": "DOUBLE",
				"time": 1731584900470
			},
			{
				"value": 0.8,
				"dataType": "DOUBLE",
				"time": 1731584890224
			},
			{
				"value": 0.8,
				"dataType": "DOUBLE",
				"time": 1731584879999
			},
			{
				"value": 0.8,
				"dataType": "DOUBLE",
				"time": 1731584871085
			},
			{
				"value": 0.8,
				"dataType": "DOUBLE",
				"time": 1731584860861
			},
			{
				"value": 0.8,
				"dataType": "DOUBLE",
				"time": 1731584850638
			},
			{
				"value": 0.8,
				"dataType": "DOUBLE",
				"time": 1731584840313
			},
			{
				"value": 0.8,
				"dataType": "DOUBLE",
				"time": 1731584830132
			},
			{
				"value": 0.8,
				"dataType": "DOUBLE",
				"time": 1731584819817
			},
			{
				"value": 0.8,
				"dataType": "DOUBLE",
				"time": 1731584809567
			},
			{
				"value": 0.8,
				"dataType": "DOUBLE",
				"time": 1731584800805
			},
			{
				"value": 0.8,
				"dataType": "DOUBLE",
				"time": 1731584790447
			},
			{
				"value": 0.8,
				"dataType": "DOUBLE",
				"time": 1731584780265
			},
			{
				"value": 0.8,
				"dataType": "DOUBLE",
				"time": 1731584770065
			},
			{
				"value": 0.8,
				"dataType": "DOUBLE",
				"time": 1731584759719
			},
			{
				"value": 0.8,
				"dataType": "DOUBLE",
				"time": 1731584749531
			},
			{
				"value": 0.8,
				"dataType": "DOUBLE",
				"time": 1731584739236
			},
			{
				"value": 0.7,
				"dataType": "DOUBLE",
				"time": 1731584730401
			},
			{
				"value": 0.7,
				"dataType": "DOUBLE",
				"time": 1731584720206
			},
			{
				"value": 0.7,
				"dataType": "DOUBLE",
				"time": 1731584709895
			},
			{
				"value": 0.7,
				"dataType": "DOUBLE",
				"time": 1731584699634
			},
			{
				"value": 0.7,
				"dataType": "DOUBLE",
				"time": 1731584689410
			},
			{
				"value": 0.8,
				"dataType": "DOUBLE",
				"time": 1731584678988
			},
			{
				"value": 0.8,
				"dataType": "DOUBLE",
				"time": 1731584670212
			},
			{
				"value": 0.8,
				"dataType": "DOUBLE",
				"time": 1731584660029
			},
			{
				"value": 0.8,
				"dataType": "DOUBLE",
				"time": 1731584649750
			}
		],
		"hmcl.common.vcan0.pdop": [
			{
				"value": 0.0,
				"dataType": "DOUBLE",
				"time": 1731584931285
			},
			{
				"value": 0.0,
				"dataType": "DOUBLE",
				"time": 1731584920970
			},
			{
				"value": 0.0,
				"dataType": "DOUBLE",
				"time": 1731584910773
			},
			{
				"value": 0.0,
				"dataType": "DOUBLE",
				"time": 1731584900470
			},
			{
				"value": 0.0,
				"dataType": "DOUBLE",
				"time": 1731584890224
			},
			{
				"value": 0.0,
				"dataType": "DOUBLE",
				"time": 1731584879999
			},
			{
				"value": 0.0,
				"dataType": "DOUBLE",
				"time": 1731584871085
			},
			{
				"value": 0.0,
				"dataType": "DOUBLE",
				"time": 1731584860861
			},
			{
				"value": 0.0,
				"dataType": "DOUBLE",
				"time": 1731584850638
			},
			{
				"value": 0.0,
				"dataType": "DOUBLE",
				"time": 1731584840313
			},
			{
				"value": 0.0,
				"dataType": "DOUBLE",
				"time": 1731584830132
			},
			{
				"value": 0.0,
				"dataType": "DOUBLE",
				"time": 1731584819817
			},
			{
				"value": 0.0,
				"dataType": "DOUBLE",
				"time": 1731584809567
			},
			{
				"value": 0.0,
				"dataType": "DOUBLE",
				"time": 1731584800805
			},
			{
				"value": 0.0,
				"dataType": "DOUBLE",
				"time": 1731584790447
			},
			{
				"value": 0.0,
				"dataType": "DOUBLE",
				"time": 1731584780265
			},
			{
				"value": 0.0,
				"dataType": "DOUBLE",
				"time": 1731584770065
			},
			{
				"value": 0.0,
				"dataType": "DOUBLE",
				"time": 1731584759719
			},
			{
				"value": 0.0,
				"dataType": "DOUBLE",
				"time": 1731584749531
			},
			{
				"value": 0.0,
				"dataType": "DOUBLE",
				"time": 1731584739236
			},
			{
				"value": 0.0,
				"dataType": "DOUBLE",
				"time": 1731584730401
			},
			{
				"value": 0.0,
				"dataType": "DOUBLE",
				"time": 1731584720206
			},
			{
				"value": 0.0,
				"dataType": "DOUBLE",
				"time": 1731584709895
			},
			{
				"value": 0.0,
				"dataType": "DOUBLE",
				"time": 1731584699634
			},
			{
				"value": 0.0,
				"dataType": "DOUBLE",
				"time": 1731584689410
			},
			{
				"value": 0.0,
				"dataType": "DOUBLE",
				"time": 1731584678988
			},
			{
				"value": 0.0,
				"dataType": "DOUBLE",
				"time": 1731584670212
			},
			{
				"value": 0.0,
				"dataType": "DOUBLE",
				"time": 1731584660029
			},
			{
				"value": 0.0,
				"dataType": "DOUBLE",
				"time": 1731584649750
			}
		],
		"hmcl.common.vcan0.hdop": [
			{
				"value": 0.2,
				"dataType": "DOUBLE",
				"time": 1731584931285
			},
			{
				"value": 0.2,
				"dataType": "DOUBLE",
				"time": 1731584920970
			},
			{
				"value": 0.2,
				"dataType": "DOUBLE",
				"time": 1731584910773
			},
			{
				"value": 0.2,
				"dataType": "DOUBLE",
				"time": 1731584900470
			},
			{
				"value": 0.2,
				"dataType": "DOUBLE",
				"time": 1731584890224
			},
			{
				"value": 0.2,
				"dataType": "DOUBLE",
				"time": 1731584879999
			},
			{
				"value": 0.2,
				"dataType": "DOUBLE",
				"time": 1731584871085
			},
			{
				"value": 1.2,
				"dataType": "DOUBLE",
				"time": 1731584860861
			},
			{
				"value": 0.2,
				"dataType": "DOUBLE",
				"time": 1731584850638
			},
			{
				"value": 0.2,
				"dataType": "DOUBLE",
				"time": 1731584840313
			},
			{
				"value": 0.2,
				"dataType": "DOUBLE",
				"time": 1731584830132
			},
			{
				"value": 0.2,
				"dataType": "DOUBLE",
				"time": 1731584819817
			},
			{
				"value": 0.2,
				"dataType": "DOUBLE",
				"time": 1731584809567
			},
			{
				"value": 0.2,
				"dataType": "DOUBLE",
				"time": 1731584800805
			},
			{
				"value": 0.2,
				"dataType": "DOUBLE",
				"time": 1731584790447
			},
			{
				"value": 0.2,
				"dataType": "DOUBLE",
				"time": 1731584780265
			},
			{
				"value": 0.2,
				"dataType": "DOUBLE",
				"time": 1731584770065
			},
			{
				"value": 0.2,
				"dataType": "DOUBLE",
				"time": 1731584759719
			},
			{
				"value": 0.2,
				"dataType": "DOUBLE",
				"time": 1731584749531
			},
			{
				"value": 0.2,
				"dataType": "DOUBLE",
				"time": 1731584739236
			},
			{
				"value": 0.5,
				"dataType": "DOUBLE",
				"time": 1731584730401
			},
			{
				"value": 0.5,
				"dataType": "DOUBLE",
				"time": 1731584720206
			},
			{
				"value": 0.5,
				"dataType": "DOUBLE",
				"time": 1731584709895
			},
			{
				"value": 0.5,
				"dataType": "DOUBLE",
				"time": 1731584699634
			},
			{
				"value": 0.5,
				"dataType": "DOUBLE",
				"time": 1731584689410
			},
			{
				"value": 0.2,
				"dataType": "DOUBLE",
				"time": 1731584678988
			},
			{
				"value": 0.2,
				"dataType": "DOUBLE",
				"time": 1731584670212
			},
			{
				"value": 0.2,
				"dataType": "DOUBLE",
				"time": 1731584660029
			},
			{
				"value": 0.2,
				"dataType": "DOUBLE",
				"time": 1731584649750
			}
		],
		"hmcl.common.vcan0.ble_connectivity": [
			{
				"value": false,
				"dataType": "BOOLEAN",
				"time": 1731584940058
			},
			{
				"value": false,
				"dataType": "BOOLEAN",
				"time": 1731584934171
			},
			{
				"value": false,
				"dataType": "BOOLEAN",
				"time": 1731584928314
			},
			{
				"value": false,
				"dataType": "BOOLEAN",
				"time": 1731584922436
			},
			{
				"value": false,
				"dataType": "BOOLEAN",
				"time": 1731584916634
			},
			{
				"value": false,
				"dataType": "BOOLEAN",
				"time": 1731584910773
			},
			{
				"value": false,
				"dataType": "BOOLEAN",
				"time": 1731584904879
			},
			{
				"value": false,
				"dataType": "BOOLEAN",
				"time": 1731584899065
			},
			{
				"value": false,
				"dataType": "BOOLEAN",
				"time": 1731584893154
			},
			{
				"value": false,
				"dataType": "BOOLEAN",
				"time": 1731584887353
			},
			{
				"value": false,
				"dataType": "BOOLEAN",
				"time": 1731584881466
			},
			{
				"value": false,
				"dataType": "BOOLEAN",
				"time": 1731584875533
			},
			{
				"value": false,
				"dataType": "BOOLEAN",
				"time": 1731584869617
			},
			{
				"value": false,
				"dataType": "BOOLEAN",
				"time": 1731584863715
			},
			{
				"value": false,
				"dataType": "BOOLEAN",
				"time": 1731584857937
			},
			{
				"value": false,
				"dataType": "BOOLEAN",
				"time": 1731584852047
			},
			{
				"value": false,
				"dataType": "BOOLEAN",
				"time": 1731584846214
			},
			{
				"value": false,
				"dataType": "BOOLEAN",
				"time": 1731584840314
			},
			{
				"value": false,
				"dataType": "BOOLEAN",
				"time": 1731584834435
			},
			{
				"value": false,
				"dataType": "BOOLEAN",
				"time": 1731584828659
			},
			{
				"value": false,
				"dataType": "BOOLEAN",
				"time": 1731584822790
			},
			{
				"value": false,
				"dataType": "BOOLEAN",
				"time": 1731584816907
			},
			{
				"value": false,
				"dataType": "BOOLEAN",
				"time": 1731584811024
			},
			{
				"value": false,
				"dataType": "BOOLEAN",
				"time": 1731584805114
			},
			{
				"value": false,
				"dataType": "BOOLEAN",
				"time": 1731584799324
			},
			{
				"value": false,
				"dataType": "BOOLEAN",
				"time": 1731584793450
			},
			{
				"value": false,
				"dataType": "BOOLEAN",
				"time": 1731584787591
			},
			{
				"value": false,
				"dataType": "BOOLEAN",
				"time": 1731584781718
			},
			{
				"value": false,
				"dataType": "BOOLEAN",
				"time": 1731584775821
			},
			{
				"value": false,
				"dataType": "BOOLEAN",
				"time": 1731584770065
			},
			{
				"value": false,
				"dataType": "BOOLEAN",
				"time": 1731584764157
			},
			{
				"value": false,
				"dataType": "BOOLEAN",
				"time": 1731584758252
			},
			{
				"value": false,
				"dataType": "BOOLEAN",
				"time": 1731584752370
			},
			{
				"value": false,
				"dataType": "BOOLEAN",
				"time": 1731584746504
			},
			{
				"value": false,
				"dataType": "BOOLEAN",
				"time": 1731584740777
			},
			{
				"value": false,
				"dataType": "BOOLEAN",
				"time": 1731584734912
			},
			{
				"value": false,
				"dataType": "BOOLEAN",
				"time": 1731584728985
			},
			{
				"value": false,
				"dataType": "BOOLEAN",
				"time": 1731584723118
			},
			{
				"value": false,
				"dataType": "BOOLEAN",
				"time": 1731584717240
			},
			{
				"value": false,
				"dataType": "BOOLEAN",
				"time": 1731584711441
			},
			{
				"value": false,
				"dataType": "BOOLEAN",
				"time": 1731584705543
			},
			{
				"value": false,
				"dataType": "BOOLEAN",
				"time": 1731584699635
			},
			{
				"value": false,
				"dataType": "BOOLEAN",
				"time": 1731584693744
			},
			{
				"value": false,
				"dataType": "BOOLEAN",
				"time": 1731584687889
			},
			{
				"value": false,
				"dataType": "BOOLEAN",
				"time": 1731584682054
			},
			{
				"value": false,
				"dataType": "BOOLEAN",
				"time": 1731584676110
			},
			{
				"value": false,
				"dataType": "BOOLEAN",
				"time": 1731584670213
			},
			{
				"value": false,
				"dataType": "BOOLEAN",
				"time": 1731584664327
			},
			{
				"value": false,
				"dataType": "BOOLEAN",
				"time": 1731584658470
			},
			{
				"value": false,
				"dataType": "BOOLEAN",
				"time": 1731584652703
			},
			{
				"value": false,
				"dataType": "BOOLEAN",
				"time": 1731584646815
			},
			{
				"value": false,
				"dataType": "BOOLEAN",
				"time": 1731584640888
			}
		]
	}
}