{
	"campaignName": "hmcl-cv-fw-geofence-rise-alert",
	"vehicleName": "TCU-VIDA-57-Vida",
	"eventId": 92183554,
	"msgId": "086c8381-d323-50c4-8eb7-663e329576a1",
	"collectionEventTime": 1731585212060,
	"dimensions": {
		"hmcl.vds": "OCT29",
		"hmcl.tenantId": "EV-VIDA",
		"hmcl.virtualId": "5f8cdcba-dcba-4cdcbafaab-8cdcbafaabb37-b37ed7"
	},
	"signals": {
		"hmcl.common.vcan0.geofence_activate_state": [
			{
				"value": true,
				"dataType": "BOOLEAN",
				"time": 1731585208738
			},
			{
				"value": true,
				"dataType": "BOOLEAN",
				"time": 1731585203242
			}
		],
		"hmcl.common.vcan0.user_profile": [
			{
				"value": 0,
				"dataType": "BIGINT",
				"time": 1731585208737
			},
			{
				"value": 0,
				"dataType": "BIGINT",
				"time": 1731585203242
			}
		],
		"hmcl.common.vcan0.longitude": [
			{
				"value": 77.5940701,
				"dataType": "DOUBLE",
				"time": 1731585211588
			},
			{
				"value": 77.59454269999999,
				"dataType": "DOUBLE",
				"time": 315964870425
			}
		],
		"hmcl.common.vcan0.latitude": [
			{
				"value": 12.988175,
				"dataType": "DOUBLE",
				"time": 1731585211588
			},
			{
				"value": 12.987595599999999,
				"dataType": "DOUBLE",
				"time": 315964870425
			}
		],
		"hmcl.common.vcan0.fuel_level_volts": [
			{
				"value": 0.18,
				"dataType": "DOUBLE",
				"time": 1731585211588
			},
			{
				"value": 0.18,
				"dataType": "DOUBLE",
				"time": 315964850628
			}
		],
		"hmcl.common.vcan0.tcu_ignition": [
			{
				"value": false,
				"dataType": "BOOLEAN",
				"time": 1731585208738
			},
			{
				"value": false,
				"dataType": "BOOLEAN",
				"time": 1731585203242
			}
		],
		"hmcl.common.vcan0.gps_fix": [
			{
				"value": 0,
				"dataType": "BIGINT",
				"time": 1731585211588
			},
			{
				"value": 0,
				"dataType": "BIGINT",
				"time": 315964870425
			}
		],
		"hmcl.common.vcan0.gps_valid": [
			{
				"value": true,
				"dataType": "BOOLEAN",
				"time": 1731585211588
			},
			{
				"value": true,
				"dataType": "BOOLEAN",
				"time": 315964870425
			}
		],
		"hmcl.common.vcan0.vdop": [
			{
				"value": 0.8,
				"dataType": "DOUBLE",
				"time": 1731585211588
			},
			{
				"value": 0.9,
				"dataType": "DOUBLE",
				"time": 315964870425
			}
		],
		"hmcl.common.vcan0.pdop": [
			{
				"value": 0.0,
				"dataType": "DOUBLE",
				"time": 1731585211588
			},
			{
				"value": 0.0,
				"dataType": "DOUBLE",
				"time": 315964870425
			}
		],
		"hmcl.common.vcan0.hdop": [
			{
				"value": 0.2,
				"dataType": "DOUBLE",
				"time": 1731585211588
			},
			{
				"value": 0.2,
				"dataType": "DOUBLE",
				"time": 315964870425
			}
		],
		"hmcl.common.vcan0.ble_connectivity": [
			{
				"value": false,
				"dataType": "BOOLEAN",
				"time": 1731585208737
			},
			{
				"value": false,
				"dataType": "BOOLEAN",
				"time": 1731585203242
			}
		]
	}
}