{
	"vid": "5f8cdcba-dcba-4cdcbafaab-8cdcbafaabb37-b37ed7",
	"tenantId": "EV-VIDA",
	"profileId": "w5CsyNZc",
	"isRider": true,
	"profileType": "Primary",
	"profileStatus": "Active",
	"assignedFeatures": {
		"standardFeatures": [
			{
				"code": "C00EDB5",
				"name": "Custom-Ride-Mode",
				"notificationEnabled": true
			},
			{
				"code": "CA4DD56",
				"name": "Follow-Me-Home",
				"notificationEnabled": true
			},
			{
				"code": "A821FDD",
				"name": "Crash/Accident Alert",
				"notificationEnabled": true
			},
			{
				"code": "C038F52",
				"name": "Over-Speed-Limit-Set",
				"notificationEnabled": true
			},
			{
				"code": "AB4A17B",
				"name": "Panic/SOS Alert",
				"notificationEnabled": true
			},
			{
				"code": "A7A5DA2",
				"name": "Low Fuel Alert",
				"notificationEnabled": true
			},
			{
				"code": "A4C6295",
				"name": "Fall Down Alert",
				"notificationEnabled": true
			},
			{
				"code": "AA0586F",
				"name": "Aux Low Battery Alert",
				"notificationEnabled": true
			},
			{
				"code": "CDB24B8",
				"name": "Handle-Unlock",
				"notificationEnabled": true
			},
			{
				"code": "CF51C6A",
				"name": "Boot-Trunk-Unlock",
				"notificationEnabled": true
			},
			{
				"code": "AE0804E",
				"name": "Theft/Tow Away Alert",
				"notificationEnabled": true
			},
			{
				"code": "A35D9BB",
				"name": "Thermal Runaway Alert",
				"notificationEnabled": true
			},
			{
				"code": "A5FAD3D",
				"name": "Harsh Acceleration Alert",
				"notificationEnabled": true
			},
			{
				"code": "AC4216A",
				"name": "Harsh Braking Alert",
				"notificationEnabled": true
			},
			{
				"code": "A76E44C",
				"name": "Aux Battery Unplugged Alert",
				"notificationEnabled": true
			},
			{
				"code": "A2CE921",
				"name": "Trunk Open Alert",
				"notificationEnabled": true
			},
			{
				"code": "AAAB77C",
				"name": "Ignition Off Alert",
				"notificationEnabled": true
			},
			{
				"code": "A439D94",
				"name": "Ignition On Alert",
				"notificationEnabled": true
			},
			{
				"code": "A348E54",
				"name": "Battery Overheating Alert",
				"notificationEnabled": true
			},
			{
				"code": "CF0AB87",
				"name": "Ping-My-Vehicle",
				"notificationEnabled": true
			},
			{
				"code": "A42EB4F",
				"name": "Motor Off Alert",
				"notificationEnabled": true
			},
			{
				"code": "A417A74",
				"name": "Motor On Alert",
				"notificationEnabled": true
			},
			{
				"code": "A048754",
				"name": "Engine On Alert",
				"notificationEnabled": true
			},
			{
				"code": "A19F23B",
				"name": "Engine Off Alert",
				"notificationEnabled": true
			},
			{
				"code": "A5715B0",
				"name": "Over Speed Alert",
				"notificationEnabled": true
			},
			{
				"code": "A0F9259",
				"name": "Movement Dectection Alert",
				"notificationEnabled": true
			},
			{
				"code": "A0DCD3D",
				"name": "DTC (MIL) Alert",
				"notificationEnabled": true
			},
			{
				"code": "A5C4A1F",
				"name": "Low Traction Battery Alert",
				"notificationEnabled": true
			},
			{
				"code": "A5C0F6D",
				"name": "Geofence Breach Alert",
				"notificationEnabled": true
			},
			{
				"code": "CE60F94",
				"name": "GeoFence-Data-Capture-on-off",
				"notificationEnabled": true
			},
			{
				"code": "A2BEAE6",
				"name": "Traction Battery Unplugged Alert",
				"notificationEnabled": true
			}
		],
		"geofenceFeatures": [
			{
				"code": "A5C0F6D",
				"name": "Test",
				"id": "e686710c-03d1-4a04-8381-e21709286fe8",
				"notificationEnabled": true,
				"isFenceTypeCircle": true,
				"circle": {
					"unit": "km",
					"coordinates": {
						"latitude": "12.981185913085938",
						"longitude": "77.60327758748474"
					},
					"radius": "3"
				},
				"geofenceSetBy": "w5CsyNZc",
				"createdTsp": "1731584713396",
				"updatedTsp": "1731498440572",
				"status": "Active",
				"autoImmobilisationEnabled": false,
				"notificationSetBy": "string",
				"tagProfiles": []
			}
		],
		"timefenceFeatures": []
	},
	"createdTsp": 1731334526032,
	"updatedTsp": 1731584713397,
	"accessValidFromTsp": 1731314473000,
	"accessValidTillTsp": 1744358825000
}