{
    "Version": "2012-10-17",
    "Statement": [
        {
            "Effect": "Allow",
            "Action": [
                "dynamodb:Query",
                "dynamodb:UpdateItem"
            ],
            "Resource": "arn:aws:dynamodb:*:*:table/*"
        },
        {
            "Effect": "Allow",
            "Action": [
                "iot:DeleteThing",
                "iot:DeleteCertificate",
                "iot:ListThingPrincipals",
                "iot:UpdateCertificate",
                "iot:DetachThingPrincipal"
            ],
            "Resource": "*"
        },
        {
            "Effect": "Allow",
            "Action": [
                "iotfleetwise:DeleteVehicle"
            ],
            "Resource": "arn:aws:iotfleetwise:*:*:vehicle/*"
        },
        {
            "Effect": "Allow",
            "Action": [
                "secretsmanager:GetSecretValue"
            ],
            "Resource": "arn:aws:secretsmanager:*:*:secret:*"
        },
        {
            "Effect": "Allow",
            "Action": [
                "logs:CreateLogGroup",
                "logs:CreateLogStream",
                "logs:PutLogEvents"
            ],
            "Resource": "arn:aws:logs:*:*:*"
        },
        {
            "Effect": "Allow",
            "Action": [
                "kms:Decrypt"
            ],
            "Resource": "arn:aws:kms:*:*:key/*"
        }
    ]
}
